BEGIN TRANSACTION;
CREATE TABLE "schema_migrations" ("version" varchar(255) NOT NULL);
INSERT INTO "schema_migrations" VALUES('20120806133647');
INSERT INTO "schema_migrations" VALUES('20120806133648');
INSERT INTO "schema_migrations" VALUES('20120806133649');
INSERT INTO "schema_migrations" VALUES('20120806133650');
INSERT INTO "schema_migrations" VALUES('20120806133651');
INSERT INTO "schema_migrations" VALUES('20120806133652');
INSERT INTO "schema_migrations" VALUES('20120806133653');
INSERT INTO "schema_migrations" VALUES('20120806133654');
INSERT INTO "schema_migrations" VALUES('20120806133655');
INSERT INTO "schema_migrations" VALUES('20120806133656');
INSERT INTO "schema_migrations" VALUES('20120806133657');
INSERT INTO "schema_migrations" VALUES('20120806133658');
INSERT INTO "schema_migrations" VALUES('20120806133659');
INSERT INTO "schema_migrations" VALUES('20120806133660');
INSERT INTO "schema_migrations" VALUES('20120806133661');
INSERT INTO "schema_migrations" VALUES('20120806133662');
INSERT INTO "schema_migrations" VALUES('20120806133663');
INSERT INTO "schema_migrations" VALUES('20120806133664');
INSERT INTO "schema_migrations" VALUES('20120806133665');
INSERT INTO "schema_migrations" VALUES('20120806133666');
INSERT INTO "schema_migrations" VALUES('20120806133667');
INSERT INTO "schema_migrations" VALUES('20120806133668');
INSERT INTO "schema_migrations" VALUES('20120806133669');
INSERT INTO "schema_migrations" VALUES('20120806133670');
INSERT INTO "schema_migrations" VALUES('20120806133671');
INSERT INTO "schema_migrations" VALUES('20120806133672');
INSERT INTO "schema_migrations" VALUES('20120806133673');
INSERT INTO "schema_migrations" VALUES('20120806133674');
INSERT INTO "schema_migrations" VALUES('20120806133675');
INSERT INTO "schema_migrations" VALUES('20120806133676');
INSERT INTO "schema_migrations" VALUES('20120806133677');
INSERT INTO "schema_migrations" VALUES('20120806133678');
INSERT INTO "schema_migrations" VALUES('20120806133679');
INSERT INTO "schema_migrations" VALUES('20120806133680');
INSERT INTO "schema_migrations" VALUES('20120806133681');
INSERT INTO "schema_migrations" VALUES('20120806133682');
INSERT INTO "schema_migrations" VALUES('20120806133683');
INSERT INTO "schema_migrations" VALUES('20120806133684');
INSERT INTO "schema_migrations" VALUES('20120806133685');
INSERT INTO "schema_migrations" VALUES('20120806133686');
INSERT INTO "schema_migrations" VALUES('20120806133687');
INSERT INTO "schema_migrations" VALUES('20120806133688');
INSERT INTO "schema_migrations" VALUES('20120806133689');
INSERT INTO "schema_migrations" VALUES('20120806133690');
INSERT INTO "schema_migrations" VALUES('20120806133691');
INSERT INTO "schema_migrations" VALUES('20120806133692');
INSERT INTO "schema_migrations" VALUES('20120806133693');
INSERT INTO "schema_migrations" VALUES('20120806133694');
INSERT INTO "schema_migrations" VALUES('20120806133695');
INSERT INTO "schema_migrations" VALUES('20120806133696');
INSERT INTO "schema_migrations" VALUES('20120806133697');
INSERT INTO "schema_migrations" VALUES('20120806133698');
INSERT INTO "schema_migrations" VALUES('20120806133699');
INSERT INTO "schema_migrations" VALUES('20120806133700');
INSERT INTO "schema_migrations" VALUES('20120806133701');
INSERT INTO "schema_migrations" VALUES('20120806133702');
INSERT INTO "schema_migrations" VALUES('20120806133703');
INSERT INTO "schema_migrations" VALUES('20120806133704');
INSERT INTO "schema_migrations" VALUES('20120806133705');
INSERT INTO "schema_migrations" VALUES('20120806133706');
INSERT INTO "schema_migrations" VALUES('20120806133707');
INSERT INTO "schema_migrations" VALUES('20120806133708');
INSERT INTO "schema_migrations" VALUES('20120806133709');
INSERT INTO "schema_migrations" VALUES('20120806133710');
INSERT INTO "schema_migrations" VALUES('20120806133711');
INSERT INTO "schema_migrations" VALUES('20120806133712');
INSERT INTO "schema_migrations" VALUES('20120806133713');
INSERT INTO "schema_migrations" VALUES('20120806133714');
INSERT INTO "schema_migrations" VALUES('20120806133715');
INSERT INTO "schema_migrations" VALUES('20120806133716');
INSERT INTO "schema_migrations" VALUES('20120806133717');
INSERT INTO "schema_migrations" VALUES('20120806133718');
INSERT INTO "schema_migrations" VALUES('20120806133719');
INSERT INTO "schema_migrations" VALUES('20120806133720');
INSERT INTO "schema_migrations" VALUES('20120806133721');
INSERT INTO "schema_migrations" VALUES('20120806133722');
INSERT INTO "schema_migrations" VALUES('20120806133723');
INSERT INTO "schema_migrations" VALUES('20120806133724');
INSERT INTO "schema_migrations" VALUES('20120806133725');
INSERT INTO "schema_migrations" VALUES('20120806133726');
INSERT INTO "schema_migrations" VALUES('20120806133727');
INSERT INTO "schema_migrations" VALUES('20120806133728');
INSERT INTO "schema_migrations" VALUES('20120806133729');
INSERT INTO "schema_migrations" VALUES('20120806133730');
INSERT INTO "schema_migrations" VALUES('20120806133731');
INSERT INTO "schema_migrations" VALUES('20120806133732');
INSERT INTO "schema_migrations" VALUES('20120806133733');
INSERT INTO "schema_migrations" VALUES('20120806133734');
INSERT INTO "schema_migrations" VALUES('20120806133735');
INSERT INTO "schema_migrations" VALUES('20120806133736');
INSERT INTO "schema_migrations" VALUES('20120806133737');
INSERT INTO "schema_migrations" VALUES('20120806133738');
INSERT INTO "schema_migrations" VALUES('20120806133739');
INSERT INTO "schema_migrations" VALUES('20120806133740');
INSERT INTO "schema_migrations" VALUES('20120806133741');
INSERT INTO "schema_migrations" VALUES('20120806133742');
INSERT INTO "schema_migrations" VALUES('20120806133743');
INSERT INTO "schema_migrations" VALUES('20120806133744');
INSERT INTO "schema_migrations" VALUES('20120806133745');
INSERT INTO "schema_migrations" VALUES('20120806133746');
INSERT INTO "schema_migrations" VALUES('20120806133747');
INSERT INTO "schema_migrations" VALUES('20120806133748');
INSERT INTO "schema_migrations" VALUES('20120806133749');
INSERT INTO "schema_migrations" VALUES('20120806133750');
INSERT INTO "schema_migrations" VALUES('20120806133751');
INSERT INTO "schema_migrations" VALUES('20120806133752');
INSERT INTO "schema_migrations" VALUES('20120806133753');
INSERT INTO "schema_migrations" VALUES('20120806133754');
INSERT INTO "schema_migrations" VALUES('20120806133755');
INSERT INTO "schema_migrations" VALUES('20120806133756');
INSERT INTO "schema_migrations" VALUES('20120806133757');
INSERT INTO "schema_migrations" VALUES('20120806133758');
INSERT INTO "schema_migrations" VALUES('20120806133759');
INSERT INTO "schema_migrations" VALUES('20120806133760');
INSERT INTO "schema_migrations" VALUES('20120806133761');
INSERT INTO "schema_migrations" VALUES('20120806133762');
INSERT INTO "schema_migrations" VALUES('20120806133763');
INSERT INTO "schema_migrations" VALUES('20120806133764');
INSERT INTO "schema_migrations" VALUES('20120806133765');
INSERT INTO "schema_migrations" VALUES('20120806133766');
INSERT INTO "schema_migrations" VALUES('20120806133767');
INSERT INTO "schema_migrations" VALUES('20120806133768');
INSERT INTO "schema_migrations" VALUES('20120806133769');
CREATE TABLE "spree_addresses" ("id" INTEGER PRIMARY KEY AUTOINCREMENT NOT NULL, "firstname" varchar(255), "lastname" varchar(255), "address1" varchar(255), "address2" varchar(255), "city" varchar(255), "zipcode" varchar(255), "phone" varchar(255), "state_name" varchar(255), "alternative_phone" varchar(255), "state_id" integer, "country_id" integer, "created_at" datetime NOT NULL, "updated_at" datetime NOT NULL, "company" varchar(255));
INSERT INTO "spree_addresses" VALUES(4255125,'Amparo','Klocko','8261 Howe Skyway','Suite 011','New Deontaemouth','16804','736.031.3212',NULL,NULL,889445952,214,'2012-08-06 13:37:37','2012-08-06 13:37:37',NULL);
INSERT INTO "spree_addresses" VALUES(13458289,'Jarret','Goodwin','0198 Rusty Corner','Suite 872','New Anyastad','16804','169-159-4616 x55340',NULL,NULL,889445952,214,'2012-08-06 13:37:37','2012-08-06 13:37:37',NULL);
INSERT INTO "spree_addresses" VALUES(14629780,'Monty','Carter','15881 Mckenna Pass','Suite 646','Port Lavern','16804','(432)424-4513 x8518',NULL,NULL,889445952,214,'2012-08-06 13:37:37','2012-08-06 13:37:37',NULL);
INSERT INTO "spree_addresses" VALUES(19868593,'Kayley','Gutmann','9657 Reynolds Canyon','Suite 862','Juleschester','16804','764-785-6544 x7612',NULL,NULL,889445952,214,'2012-08-06 13:37:37','2012-08-06 13:37:37',NULL);
INSERT INTO "spree_addresses" VALUES(21308770,'Theresia','Boyer','191 Petra Street','Apt. 698','Jarenside','16804','1-609-875-6741 x284',NULL,NULL,889445952,214,'2012-08-06 13:37:37','2012-08-06 13:37:37',NULL);
INSERT INTO "spree_addresses" VALUES(42184090,'Litzy','Bashirian','894 Collier Unions','Apt. 708','Madisonland','16804','1-532-096-4490 x6830',NULL,NULL,889445952,214,'2012-08-06 13:37:37','2012-08-06 13:37:37',NULL);
INSERT INTO "spree_addresses" VALUES(42776516,'Robin','Ziemann','522 Walker Field','Suite 085','Tomasborough','16804','053.996.4119 x2614',NULL,NULL,889445952,214,'2012-08-06 13:37:37','2012-08-06 13:37:37',NULL);
INSERT INTO "spree_addresses" VALUES(48866121,'Selmer','Schamberger','5384 Laisha Spring','Suite 988','Loweside','16804','1-013-510-5350',NULL,NULL,889445952,214,'2012-08-06 13:37:37','2012-08-06 13:37:37',NULL);
INSERT INTO "spree_addresses" VALUES(56745288,'Jessyca','O''Kon','4176 Dewitt Flats','Suite 083','Gordonchester','16804','625.805.3254 x41418',NULL,NULL,889445952,214,'2012-08-06 13:37:37','2012-08-06 13:37:37',NULL);
INSERT INTO "spree_addresses" VALUES(57916861,'Flavio','Nader','4597 Mann Manors','Apt. 174','North Buckstad','16804','863.376.4252 x240',NULL,NULL,889445952,214,'2012-08-06 13:37:37','2012-08-06 13:37:37',NULL);
INSERT INTO "spree_addresses" VALUES(65825724,'Adalberto','Ritchie','084 Rhianna Hollow','Suite 233','Sipeston','16804','(401)479-9943 x535',NULL,NULL,889445952,214,'2012-08-06 13:37:37','2012-08-06 13:37:37',NULL);
INSERT INTO "spree_addresses" VALUES(67901793,'Oran','Ledner','74537 Zboncak Hill','Apt. 960','Missouriberg','16804','1-058-677-6337',NULL,NULL,889445952,214,'2012-08-06 13:37:37','2012-08-06 13:37:37',NULL);
INSERT INTO "spree_addresses" VALUES(69106084,'Joyce','Brakus','9631 Amelia Branch','Apt. 391','Lake Reilly','16804','(714)059-1254 x0741',NULL,NULL,889445952,214,'2012-08-06 13:37:37','2012-08-06 13:37:37',NULL);
INSERT INTO "spree_addresses" VALUES(74741621,'Jena','Gleason','933 Powlowski Ways','Apt. 908','New Laura','16804','1-120-680-3140',NULL,NULL,889445952,214,'2012-08-06 13:37:37','2012-08-06 13:37:37',NULL);
INSERT INTO "spree_addresses" VALUES(99510657,'Alexander','Schoen','86487 Lolita Station','Apt. 434','Maggiochester','16804','863.792.7533 x412',NULL,NULL,889445952,214,'2012-08-06 13:37:37','2012-08-06 13:37:37',NULL);
INSERT INTO "spree_addresses" VALUES(105050026,'Dora','Schumm','1041 Wuckert Fields','Suite 502','Chaunceyville','16804','932-912-2631',NULL,NULL,889445952,214,'2012-08-06 13:37:37','2012-08-06 13:37:37',NULL);
INSERT INTO "spree_addresses" VALUES(126041504,'Elisa','Morissette','299 Rossie Mills','Suite 859','Hauckstad','16804','(777)103-1654',NULL,NULL,889445952,214,'2012-08-06 13:37:37','2012-08-06 13:37:37',NULL);
INSERT INTO "spree_addresses" VALUES(127967096,'Chanelle','Blanda','58063 Turner Courts','Suite 602','Fredamouth','16804','(717)717-3846 x47756',NULL,NULL,889445952,214,'2012-08-06 13:37:37','2012-08-06 13:37:37',NULL);
INSERT INTO "spree_addresses" VALUES(129171341,'Nathaniel','Adams','414 DuBuque Course','Suite 646','South Sigmund','16804','(575)619-0253',NULL,NULL,889445952,214,'2012-08-06 13:37:37','2012-08-06 13:37:37',NULL);
INSERT INTO "spree_addresses" VALUES(131658076,'Arlene','Mitchell','748 Wiza Courts','Apt. 030','West Jody','16804','(073)689-9882 x71456',NULL,NULL,889445952,214,'2012-08-06 13:37:37','2012-08-06 13:37:37',NULL);
INSERT INTO "spree_addresses" VALUES(144271260,'Tyra','Lubowitz','037 Johann Cliff','Suite 338','Lake Kalitown','16804','174-273-1067 x49457',NULL,NULL,889445952,214,'2012-08-06 13:37:37','2012-08-06 13:37:37',NULL);
INSERT INTO "spree_addresses" VALUES(148965812,'Caesar','Morar','82395 Ward Run','Apt. 362','Lake Kamrenhaven','16804','198.346.0565 x703',NULL,NULL,889445952,214,'2012-08-06 13:37:37','2012-08-06 13:37:37',NULL);
INSERT INTO "spree_addresses" VALUES(150169931,'Jayce','Price','8409 Gutkowski Court','Apt. 767','New Malvina','16804','(116)808-7549 x460',NULL,NULL,889445952,214,'2012-08-06 13:37:37','2012-08-06 13:37:37',NULL);
INSERT INTO "spree_addresses" VALUES(151222638,'Eduardo','Heidenreich','2783 Manuela Mountain','Apt. 977','Damionfurt','16804','(542)359-9598',NULL,NULL,889445952,214,'2012-08-06 13:37:37','2012-08-06 13:37:37',NULL);
INSERT INTO "spree_addresses" VALUES(152115607,'Zella','Stamm','8929 Alberta Camp','Suite 653','Fayside','16804','(834)666-7262 x584',NULL,NULL,889445952,214,'2012-08-06 13:37:37','2012-08-06 13:37:37',NULL);
INSERT INTO "spree_addresses" VALUES(165986627,'Korey','Koepp','52054 Kellie Coves','Apt. 059','Port Emmanuelle','16804','354.030.2029',NULL,NULL,889445952,214,'2012-08-06 13:37:37','2012-08-06 13:37:37',NULL);
INSERT INTO "spree_addresses" VALUES(167158202,'Freda','Buckridge','51224 Heller Mill','Apt. 343','Collierland','16804','404.549.9183 x2134',NULL,NULL,889445952,214,'2012-08-06 13:37:37','2012-08-06 13:37:37',NULL);
INSERT INTO "spree_addresses" VALUES(171295127,'Aleen','Stracke','7285 Lambert Valleys','Apt. 556','Taylorshire','16804','559-028-0613 x94188',NULL,NULL,889445952,214,'2012-08-06 13:37:37','2012-08-06 13:37:37',NULL);
INSERT INTO "spree_addresses" VALUES(172509034,'Maybelle','Smith','19705 Keebler Ports','Apt. 283','Germaineberg','16804','772-352-9391',NULL,NULL,889445952,214,'2012-08-06 13:37:37','2012-08-06 13:37:37',NULL);
INSERT INTO "spree_addresses" VALUES(173680531,'Elvis','Kulas','968 Willy Valleys','Suite 313','Spencerton','16804','219.487.6937',NULL,NULL,889445952,214,'2012-08-06 13:37:37','2012-08-06 13:37:37',NULL);
INSERT INTO "spree_addresses" VALUES(179306311,'Dawn','Considine','554 Gibson Streets','Suite 660','West Cecile','16804','(918)753-9628 x47186',NULL,NULL,889445952,214,'2012-08-06 13:37:37','2012-08-06 13:37:37',NULL);
INSERT INTO "spree_addresses" VALUES(180199358,'Keaton','Hilll','6969 Leuschke Lights','Apt. 911','Torpchester','16804','390-344-8956',NULL,NULL,889445952,214,'2012-08-06 13:37:37','2012-08-06 13:37:37',NULL);
INSERT INTO "spree_addresses" VALUES(188080563,'Lula','Jacobi','95286 Lee Keys','Suite 333','Lake Geofort','16804','647-851-6897 x829',NULL,NULL,889445952,214,'2012-08-06 13:37:37','2012-08-06 13:37:37',NULL);
INSERT INTO "spree_addresses" VALUES(189632411,'Hildegard','Kuvalis','6736 Anderson Crescent','Apt. 810','West Curtis','16804','408-392-6121 x96892',NULL,NULL,889445952,214,'2012-08-06 13:37:37','2012-08-06 13:37:37',NULL);
INSERT INTO "spree_addresses" VALUES(190836580,'Waylon','Dare','53974 Estrella Ramp','Suite 798','Kaileestad','16804','290-089-7241 x023',NULL,NULL,889445952,214,'2012-08-06 13:37:37','2012-08-06 13:37:37',NULL);
INSERT INTO "spree_addresses" VALUES(203443076,'Lulu','Shanahan','586 Altenwerth Pines','Apt. 347','Isabelleside','16804','007-082-2871 x4979',NULL,NULL,889445952,214,'2012-08-06 13:37:37','2012-08-06 13:37:37',NULL);
INSERT INTO "spree_addresses" VALUES(204614523,'Gerda','Schoen','15613 Powlowski Ranch','Apt. 589','Blandaville','16804','1-991-531-1507',NULL,NULL,889445952,214,'2012-08-06 13:37:37','2012-08-06 13:37:37',NULL);
INSERT INTO "spree_addresses" VALUES(220562291,'Myrtice','Koepp','822 Randal Walk','Suite 611','Eulatown','16804','043-034-1276',NULL,NULL,889445952,214,'2012-08-06 13:37:37','2012-08-06 13:37:37',NULL);
INSERT INTO "spree_addresses" VALUES(221766538,'Karelle','Collins','60787 Leland Views','Apt. 742','Rosalindaburgh','16804','(470)398-5306',NULL,NULL,889445952,214,'2012-08-06 13:37:37','2012-08-06 13:37:37',NULL);
INSERT INTO "spree_addresses" VALUES(223872400,'Dakota','Hane','29915 Quitzon Mission','Suite 973','Jacobifurt','16804','(132)594-2481',NULL,NULL,889445952,214,'2012-08-06 13:37:37','2012-08-06 13:37:37',NULL);
INSERT INTO "spree_addresses" VALUES(229127567,'Nelson','Cummerata','2561 Nikolaus Cliff','Apt. 044','West Elmoreville','16804','663.883.5677',NULL,NULL,889445952,214,'2012-08-06 13:37:37','2012-08-06 13:37:37',NULL);
INSERT INTO "spree_addresses" VALUES(230832990,'Lucas','Leffler','32354 Lang Creek','Apt. 369','Bauchhaven','16804','1-115-338-3947 x059',NULL,NULL,889445952,214,'2012-08-06 13:37:37','2012-08-06 13:37:37',NULL);
INSERT INTO "spree_addresses" VALUES(231758759,'Price','Larkin','08709 Kuhic Overpass','Apt. 684','East Royal','16804','697.756.6585 x052',NULL,NULL,889445952,214,'2012-08-06 13:37:37','2012-08-06 13:37:37',NULL);
INSERT INTO "spree_addresses" VALUES(235189158,'Colten','Jewess','766 Solon Fort','Suite 757','New Alfordberg','16804','911-182-2882',NULL,NULL,889445952,214,'2012-08-06 13:37:37','2012-08-06 13:37:37',NULL);
INSERT INTO "spree_addresses" VALUES(238383541,'Jasper','Rogahn','8851 Grimes Viaduct','Suite 605','East Maeganville','16804','1-962-257-4071 x102',NULL,NULL,889445952,214,'2012-08-06 13:37:37','2012-08-06 13:37:37',NULL);
INSERT INTO "spree_addresses" VALUES(242138487,'Idella','Legros','2969 Heidenreich Bridge','Suite 729','Yostberg','16804','662-480-2358 x10049',NULL,NULL,889445952,214,'2012-08-06 13:37:37','2012-08-06 13:37:37',NULL);
INSERT INTO "spree_addresses" VALUES(243064206,'Joel','Schneider','139 Cremin Run','Apt. 726','Port Allyshire','16804','1-955-485-2877 x5660',NULL,NULL,889445952,214,'2012-08-06 13:37:37','2012-08-06 13:37:37',NULL);
INSERT INTO "spree_addresses" VALUES(243860826,'Jaquelin','Jones','87824 Mosciski Garden','Apt. 498','Port Bennett','16804','680-111-0713',NULL,NULL,889445952,214,'2012-08-06 13:37:37','2012-08-06 13:37:37',NULL);
INSERT INTO "spree_addresses" VALUES(245065123,'Duane','Bradtke','37826 Paucek Points','Apt. 975','New Kathrynland','16804','200-101-9236 x4521',NULL,NULL,889445952,214,'2012-08-06 13:37:37','2012-08-06 13:37:37',NULL);
INSERT INTO "spree_addresses" VALUES(260885931,'Finn','Koelpin','4893 Brannon Groves','Apt. 246','Brandiside','16804','776-564-0242 x3533',NULL,NULL,889445952,214,'2012-08-06 13:37:37','2012-08-06 13:37:37',NULL);
INSERT INTO "spree_addresses" VALUES(262057300,'Raven','Schmitt','5887 Loraine Shoal','Suite 479','Olestad','16804','099-537-7971 x1959',NULL,NULL,889445952,214,'2012-08-06 13:37:37','2012-08-06 13:37:37',NULL);
INSERT INTO "spree_addresses" VALUES(269101270,'Merle','Dibbert','011 Gorczany Coves','Apt. 757','South Domenicomouth','16804','(152)492-2581 x538',NULL,NULL,889445952,214,'2012-08-06 13:37:37','2012-08-06 13:37:37',NULL);
INSERT INTO "spree_addresses" VALUES(270026799,'Jaron','Flatley','502 Bethany Plaza','Suite 149','Kylaville','16804','1-240-467-0669',NULL,NULL,889445952,214,'2012-08-06 13:37:37','2012-08-06 13:37:37',NULL);
INSERT INTO "spree_addresses" VALUES(273802266,'Stuart','Gaylord','88798 O''Kon Gateway','Suite 097','North Eugeneland','16804','052.156.3659',NULL,NULL,889445952,214,'2012-08-06 13:37:37','2012-08-06 13:37:37',NULL);
INSERT INTO "spree_addresses" VALUES(284004603,'Luther','Smitham','963 Emelia Burg','Apt. 959','Garfieldtown','16804','1-072-444-1966 x756',NULL,NULL,889445952,214,'2012-08-06 13:37:37','2012-08-06 13:37:37',NULL);
INSERT INTO "spree_addresses" VALUES(285208578,'Gerry','Langosh','830 Ankunding Highway','Apt. 657','Port Berta','16804','934.656.2479',NULL,NULL,889445952,214,'2012-08-06 13:37:37','2012-08-06 13:37:37',NULL);
INSERT INTO "spree_addresses" VALUES(300439564,'Vanessa','Thompson','713 Shirley Club','Suite 144','North Brenda','16804','398.439.7026 x3052',NULL,NULL,889445952,214,'2012-08-06 13:37:37','2012-08-06 13:37:37',NULL);
INSERT INTO "spree_addresses" VALUES(301611251,'Felicia','Ledner','841 Turner Way','Suite 239','West Vanessa','16804','451.660.3040 x550',NULL,NULL,889445952,214,'2012-08-06 13:37:37','2012-08-06 13:37:37',NULL);
INSERT INTO "spree_addresses" VALUES(306503203,'Daija','Flatley','927 Rempel Crossroad','Suite 169','South Miltonshire','16804','055-561-8749 x135',NULL,NULL,889445952,214,'2012-08-06 13:37:37','2012-08-06 13:37:37',NULL);
INSERT INTO "spree_addresses" VALUES(307674844,'Shaniya','Reichert','7445 Armstrong Plain','Apt. 557','New Mackenziebury','16804','434.700.1453 x6875',NULL,NULL,889445952,214,'2012-08-06 13:37:37','2012-08-06 13:37:37',NULL);
INSERT INTO "spree_addresses" VALUES(323032786,'Christina','Littel','57510 Eric Ridge','Suite 245','West Lilla','16804','1-662-840-7415',NULL,NULL,889445952,214,'2012-08-06 13:37:37','2012-08-06 13:37:37',NULL);
INSERT INTO "spree_addresses" VALUES(324236843,'Lavern','Kertzmann','386 Lawson Station','Apt. 892','Cummeratastad','16804','824.108.0879 x85967',NULL,NULL,889445952,214,'2012-08-06 13:37:37','2012-08-06 13:37:37',NULL);
INSERT INTO "spree_addresses" VALUES(329690879,'Lori','Rutherford','7926 Hills Well','Suite 825','Volkmanbury','16804','(504)773-5104 x81947',NULL,NULL,889445952,214,'2012-08-06 13:37:37','2012-08-06 13:37:37',NULL);
INSERT INTO "spree_addresses" VALUES(330616326,'Enid','Zemlak','2155 Turcotte Greens','Apt. 333','Abigailland','16804','(926)906-4674 x82161',NULL,NULL,889445952,214,'2012-08-06 13:37:37','2012-08-06 13:37:37',NULL);
INSERT INTO "spree_addresses" VALUES(338481867,'Adelbert','Ondricka','43110 Raleigh Oval','Suite 396','New Burdetteshire','16804','1-559-603-9553 x5996',NULL,NULL,889445952,214,'2012-08-06 13:37:37','2012-08-06 13:37:37',NULL);
INSERT INTO "spree_addresses" VALUES(339653170,'Hermann','Bernier','969 Margarett Circle','Apt. 271','Emardland','16804','354-118-0007 x5367',NULL,NULL,889445952,214,'2012-08-06 13:37:37','2012-08-06 13:37:37',NULL);
INSERT INTO "spree_addresses" VALUES(340874296,'Anabelle','Fisher','5513 Selina Dale','Suite 889','Emardhaven','16804','137-906-8757 x03435',NULL,NULL,889445952,214,'2012-08-06 13:37:37','2012-08-06 13:37:37',NULL);
INSERT INTO "spree_addresses" VALUES(347276494,'Angus','Lueilwitz','01533 Volkman Corners','Apt. 956','Port Randy','16804','(090)013-6760 x63971',NULL,NULL,889445952,214,'2012-08-06 13:37:37','2012-08-06 13:37:37',NULL);
INSERT INTO "spree_addresses" VALUES(348875494,'Justice','Crona','537 Richie Passage','Apt. 242','Port Lennieside','16804','1-127-531-4056',NULL,NULL,889445952,214,'2012-08-06 13:37:37','2012-08-06 13:37:37',NULL);
INSERT INTO "spree_addresses" VALUES(349768223,'Peyton','Langworth','95715 Dickens Passage','Apt. 267','Araberg','16804','(389)457-7274',NULL,NULL,889445952,214,'2012-08-06 13:37:37','2012-08-06 13:37:37',NULL);
INSERT INTO "spree_addresses" VALUES(355015228,'Lillian','Lemke','795 Howell Groves','Apt. 253','Lake Golda','16804','442.971.7125 x6393',NULL,NULL,889445952,214,'2012-08-06 13:37:37','2012-08-06 13:37:37',NULL);
INSERT INTO "spree_addresses" VALUES(356219587,'Kailey','Crona','5145 Sarah Estate','Apt. 429','Port Bert','16804','246.824.0686',NULL,NULL,889445952,214,'2012-08-06 13:37:37','2012-08-06 13:37:37',NULL);
INSERT INTO "spree_addresses" VALUES(377854995,'Kaylin','Yundt','4344 Lueilwitz Burgs','Apt. 644','Lake Adolphtown','16804','1-795-630-9873 x5375',NULL,NULL,889445952,214,'2012-08-06 13:37:37','2012-08-06 13:37:37',NULL);
INSERT INTO "spree_addresses" VALUES(379059436,'Adonis','Ebert','878 Micheal Summit','Suite 462','Jayceefurt','16804','998.838.7874',NULL,NULL,889445952,214,'2012-08-06 13:37:37','2012-08-06 13:37:37',NULL);
INSERT INTO "spree_addresses" VALUES(387941095,'Giuseppe','Zieme','02670 Jacobs Pike','Suite 799','Batztown','16804','164.290.4226 x128',NULL,NULL,889445952,214,'2012-08-06 13:37:37','2012-08-06 13:37:37',NULL);
INSERT INTO "spree_addresses" VALUES(389816337,'Tyrese','Shields','041 Dante Cape','Suite 600','Arnulfobury','16804','(329)851-1162 x921',NULL,NULL,889445952,214,'2012-08-06 13:37:37','2012-08-06 13:37:37',NULL);
INSERT INTO "spree_addresses" VALUES(392686799,'Kyra','Heidenreich','70273 Steuber Viaduct','Apt. 251','South Julian','16804','(037)520-1221 x237',NULL,NULL,889445952,214,'2012-08-06 13:37:37','2012-08-06 13:37:37',NULL);
INSERT INTO "spree_addresses" VALUES(393579574,'Ernie','Gutkowski','950 Bernadine Drives','Suite 357','Leannonville','16804','917-467-9909 x86582',NULL,NULL,889445952,214,'2012-08-06 13:37:37','2012-08-06 13:37:37',NULL);
INSERT INTO "spree_addresses" VALUES(394286306,'Era','Walker','437 Margret Centers','Suite 180','Nicofort','16804','(480)088-4363 x7883',NULL,NULL,889445952,214,'2012-08-06 13:37:37','2012-08-06 13:37:37',NULL);
INSERT INTO "spree_addresses" VALUES(395457563,'Johathan','Kiehn','357 Golden Burgs','Apt. 799','Port Maye','16804','1-362-732-1834 x974',NULL,NULL,889445952,214,'2012-08-06 13:37:37','2012-08-06 13:37:37',NULL);
INSERT INTO "spree_addresses" VALUES(405174797,'Josue','Ziemann','75472 Gleason Walks','Apt. 998','Markburgh','16804','583-204-7297 x3854',NULL,NULL,889445952,214,'2012-08-06 13:37:37','2012-08-06 13:37:37',NULL);
INSERT INTO "spree_addresses" VALUES(408818721,'Justen','Harris','93100 Sipes Lights','Apt. 795','New Brianne','16804','(166)512-5097 x049',NULL,NULL,889445952,214,'2012-08-06 13:37:37','2012-08-06 13:37:37',NULL);
INSERT INTO "spree_addresses" VALUES(421966440,'Johnnie','Carroll','499 Rebekah Fort','Apt. 827','Zulaufhaven','16804','058-029-6696 x7847',NULL,NULL,889445952,214,'2012-08-06 13:37:37','2012-08-06 13:37:37',NULL);
INSERT INTO "spree_addresses" VALUES(425450708,'Rowena','Jacobson','87537 Kulas Throughway','Apt. 610','Lake Okeyhaven','16804','1-677-190-3521 x705',NULL,NULL,889445952,214,'2012-08-06 13:37:37','2012-08-06 13:37:37',NULL);
INSERT INTO "spree_addresses" VALUES(432278229,'Loy','Swaniawski','14113 Xander Avenue','Apt. 521','North Brookestad','16804','1-013-197-7525 x52203',NULL,NULL,889445952,214,'2012-08-06 13:37:37','2012-08-06 13:37:37',NULL);
INSERT INTO "spree_addresses" VALUES(433482288,'Gwendolyn','Rath','15770 Hermiston Cliffs','Suite 093','Mortonbury','16804','726-099-9901 x20504',NULL,NULL,889445952,214,'2012-08-06 13:37:37','2012-08-06 13:37:37',NULL);
INSERT INTO "spree_addresses" VALUES(443059452,'Aisha','Kuhlman','43263 D''Amore Mall','Suite 293','Mozellberg','16804','255.282.2056 x07442',NULL,NULL,889445952,214,'2012-08-06 13:37:37','2012-08-06 13:37:37',NULL);
INSERT INTO "spree_addresses" VALUES(444263433,'Margret','Gislason','4366 Streich Lane','Apt. 191','New Tobin','16804','1-796-957-0642',NULL,NULL,889445952,214,'2012-08-06 13:37:37','2012-08-06 13:37:37',NULL);
INSERT INTO "spree_addresses" VALUES(452418301,'Ellie','Lueilwitz','3979 Koelpin Drives','Apt. 881','Lake Fernefurt','16804','068-388-9644',NULL,NULL,889445952,214,'2012-08-06 13:37:37','2012-08-06 13:37:37',NULL);
INSERT INTO "spree_addresses" VALUES(462093350,'Thaddeus','Walter','58109 Raynor Summit','Apt. 484','North Beaulah','16804','1-402-685-0943 x9069',NULL,NULL,889445952,214,'2012-08-06 13:37:37','2012-08-06 13:37:37',NULL);
INSERT INTO "spree_addresses" VALUES(468881930,'Maximillian','Bartell','605 Broderick Inlet','Apt. 339','Nyaport','16804','1-501-504-0195',NULL,NULL,889445952,214,'2012-08-06 13:37:37','2012-08-06 13:37:37',NULL);
INSERT INTO "spree_addresses" VALUES(484915261,'Francisco','Miller','987 Koelpin Center','Suite 538','South Antwon','16804','(458)986-7038',NULL,NULL,889445952,214,'2012-08-06 13:37:37','2012-08-06 13:37:37',NULL);
INSERT INTO "spree_addresses" VALUES(486885605,'Melany','Schinner','122 Zachary Unions','Suite 527','East Mark','16804','883-854-9507 x044',NULL,NULL,889445952,214,'2012-08-06 13:37:37','2012-08-06 13:37:37',NULL);
INSERT INTO "spree_addresses" VALUES(488056864,'Broderick','Lynch','500 Jason Drives','Suite 063','Elliottbury','16804','1-148-367-0174',NULL,NULL,889445952,214,'2012-08-06 13:37:37','2012-08-06 13:37:37',NULL);
INSERT INTO "spree_addresses" VALUES(493831732,'Karson','Hessel','07864 Shaun Dale','Suite 194','Lake Magdalena','16804','1-875-803-2486',NULL,NULL,889445952,214,'2012-08-06 13:37:37','2012-08-06 13:37:37',NULL);
INSERT INTO "spree_addresses" VALUES(501684253,'Delores','Feeney','208 Swaniawski Via','Suite 439','Fayview','16804','222.104.0878 x0572',NULL,NULL,889445952,214,'2012-08-06 13:37:37','2012-08-06 13:37:37',NULL);
INSERT INTO "spree_addresses" VALUES(514445004,'Alexandra','Wuckert','08533 Schulist Mills','Suite 691','Newtontown','16804','161-307-9694',NULL,NULL,889445952,214,'2012-08-06 13:37:37','2012-08-06 13:37:37',NULL);
INSERT INTO "spree_addresses" VALUES(515616313,'Dannie','Rippin','18377 Cole Loaf','Suite 438','Lake Maverickchester','16804','543.660.1700 x62188',NULL,NULL,889445952,214,'2012-08-06 13:37:37','2012-08-06 13:37:37',NULL);
INSERT INTO "spree_addresses" VALUES(516145181,'Aleen','Hudson','53165 Ahmad Path','Suite 924','East Arjun','16804','253-830-7475',NULL,NULL,889445952,214,'2012-08-06 13:37:37','2012-08-06 13:37:37',NULL);
INSERT INTO "spree_addresses" VALUES(525057558,'Corine','Leuschke','6610 Drew Path','Apt. 187','New Desiree','16804','020.111.5834',NULL,NULL,889445952,214,'2012-08-06 13:37:37','2012-08-06 13:37:37',NULL);
INSERT INTO "spree_addresses" VALUES(538489458,'Linwood','Konopelski','00847 Orlo Falls','Apt. 994','Roobberg','16804','213.300.2046 x7007',NULL,NULL,889445952,214,'2012-08-06 13:37:37','2012-08-06 13:37:37',NULL);
INSERT INTO "spree_addresses" VALUES(540741786,'Kaycee','Pfeffer','6203 Hermiston Pass','Apt. 694','Lake Tremayneburgh','16804','(274)320-8758',NULL,NULL,889445952,214,'2012-08-06 13:37:37','2012-08-06 13:37:37',NULL);
INSERT INTO "spree_addresses" VALUES(543218782,'Consuelo','Stamm','022 Jast Cliff','Apt. 136','Dwightbury','16804','(093)336-5852 x381',NULL,NULL,889445952,214,'2012-08-06 13:37:37','2012-08-06 13:37:37',NULL);
INSERT INTO "spree_addresses" VALUES(544390305,'Jonatan','Larkin','571 O''Kon Curve','Suite 878','Kemmertown','16804','1-371-000-5233',NULL,NULL,889445952,214,'2012-08-06 13:37:37','2012-08-06 13:37:37',NULL);
INSERT INTO "spree_addresses" VALUES(545743993,'Alexandrine','Goldner','91068 Ullrich Hills','Apt. 423','North Rosannabury','16804','1-600-601-4911',NULL,NULL,889445952,214,'2012-08-06 13:37:37','2012-08-06 13:37:37',NULL);
INSERT INTO "spree_addresses" VALUES(546636942,'Camren','Stroman','849 Bartell Mission','Suite 275','Lake Lucasfort','16804','1-343-693-9114 x31416',NULL,NULL,889445952,214,'2012-08-06 13:37:37','2012-08-06 13:37:37',NULL);
INSERT INTO "spree_addresses" VALUES(562211972,'Crystal','Kertzmann','14862 Trevor Shoals','Apt. 488','West Sammie','16804','060-380-4057 x0623',NULL,NULL,889445952,214,'2012-08-06 13:37:37','2012-08-06 13:37:37',NULL);
INSERT INTO "spree_addresses" VALUES(563137665,'Haleigh','Koch','16874 Melody Glens','Suite 305','Garrickton','16804','1-340-411-6280 x957',NULL,NULL,889445952,214,'2012-08-06 13:37:37','2012-08-06 13:37:37',NULL);
INSERT INTO "spree_addresses" VALUES(573450925,'Eugenia','Haley','748 London Lakes','Apt. 972','Holliebury','16804','1-011-226-8054',NULL,NULL,889445952,214,'2012-08-06 13:37:37','2012-08-06 13:37:37',NULL);
INSERT INTO "spree_addresses" VALUES(574376536,'Coby','Mayer','8246 Karolann Extensions','Suite 912','New Dayana','16804','1-870-564-5526 x29033',NULL,NULL,889445952,214,'2012-08-06 13:37:37','2012-08-06 13:37:37',NULL);
INSERT INTO "spree_addresses" VALUES(590078562,'Aliya','Hauck','400 Torp Turnpike','Apt. 856','Cristophertown','16804','1-819-692-6315 x9209',NULL,NULL,889445952,214,'2012-08-06 13:37:37','2012-08-06 13:37:37',NULL);
INSERT INTO "spree_addresses" VALUES(590971557,'Buford','Schaefer','18378 Olson Oval','Suite 081','North Berenice','16804','1-663-253-8285 x347',NULL,NULL,889445952,214,'2012-08-06 13:37:37','2012-08-06 13:37:37',NULL);
INSERT INTO "spree_addresses" VALUES(592864417,'Aileen','Rempel','530 Asia Hollow','Apt. 364','Kiannashire','16804','(729)377-5263 x319',NULL,NULL,889445952,214,'2012-08-06 13:37:37','2012-08-06 13:37:37',NULL);
INSERT INTO "spree_addresses" VALUES(599012441,'Arielle','Rosenbaum','792 Ayana Ferry','Suite 382','Port Ruthe','16804','638.636.3015',NULL,NULL,889445952,214,'2012-08-06 13:37:37','2012-08-06 13:37:37',NULL);
INSERT INTO "spree_addresses" VALUES(600595061,'Leann','Schimmel','24684 Zella Radial','Suite 930','Waelchichester','16804','278-246-9331',NULL,NULL,889445952,214,'2012-08-06 13:37:37','2012-08-06 13:37:37',NULL);
INSERT INTO "spree_addresses" VALUES(601766538,'Antonette','Spinka','4473 Lindgren Keys','Apt. 013','Antonettefurt','16804','(729)355-1327 x38380',NULL,NULL,889445952,214,'2012-08-06 13:37:37','2012-08-06 13:37:37',NULL);
INSERT INTO "spree_addresses" VALUES(607887544,'Emilio','Hackett','3440 Terrell Point','Apt. 081','North Wilburn','16804','406.398.1582',NULL,NULL,889445952,214,'2012-08-06 13:37:37','2012-08-06 13:37:37',NULL);
INSERT INTO "spree_addresses" VALUES(608577097,'Liliana','Jaskolski','1122 Hettinger Unions','Suite 678','Richardside','16804','1-683-640-8505',NULL,NULL,889445952,214,'2012-08-06 13:37:37','2012-08-06 13:37:37',NULL);
INSERT INTO "spree_addresses" VALUES(609502910,'General','VonRueden','9842 Jadon Expressway','Suite 376','Anastasiaport','16804','912.052.9974',NULL,NULL,889445952,214,'2012-08-06 13:37:37','2012-08-06 13:37:37',NULL);
INSERT INTO "spree_addresses" VALUES(614571630,'Jasper','Murray','32076 Joshua Flats','Apt. 321','West Arnulfoburgh','16804','107-314-3346',NULL,NULL,889445952,214,'2012-08-06 13:37:37','2012-08-06 13:37:37',NULL);
INSERT INTO "spree_addresses" VALUES(615775889,'Augusta','Lubowitz','21556 Mertz Flat','Apt. 887','North Elissa','16804','088-474-5662',NULL,NULL,889445952,214,'2012-08-06 13:37:37','2012-08-06 13:37:37',NULL);
INSERT INTO "spree_addresses" VALUES(625209012,'Hubert','Sporer','4204 Hailee Branch','Suite 426','North Marcel','16804','1-391-583-5316 x792',NULL,NULL,889445952,214,'2012-08-06 13:37:37','2012-08-06 13:37:37',NULL);
INSERT INTO "spree_addresses" VALUES(626101841,'Emilio','Renner','461 Seamus Mills','Apt. 685','Aydenland','16804','972-802-5254 x741',NULL,NULL,889445952,214,'2012-08-06 13:37:37','2012-08-06 13:37:37',NULL);
INSERT INTO "spree_addresses" VALUES(653224093,'Cristobal','Gottlieb','493 Corene Mount','Apt. 044','New Riverborough','16804','(827)251-1154 x596',NULL,NULL,889445952,214,'2012-08-06 13:37:37','2012-08-06 13:37:37',NULL);
INSERT INTO "spree_addresses" VALUES(654116968,'Tamia','Hamill','37344 Nadia Ford','Apt. 878','Euniceside','16804','(055)273-7221 x368',NULL,NULL,889445952,214,'2012-08-06 13:37:37','2012-08-06 13:37:37',NULL);
INSERT INTO "spree_addresses" VALUES(655169605,'Vladimir','Emmerich','44681 Fiona Green','Suite 930','Stantonborough','16804','(884)501-9597 x183',NULL,NULL,889445952,214,'2012-08-06 13:37:37','2012-08-06 13:37:37',NULL);
INSERT INTO "spree_addresses" VALUES(656373946,'Ignacio','Stanton','543 Feest Spring','Suite 728','South Eleanore','16804','1-892-078-8018',NULL,NULL,889445952,214,'2012-08-06 13:37:37','2012-08-06 13:37:37',NULL);
INSERT INTO "spree_addresses" VALUES(660001923,'Ofelia','Lemke','550 Emard Stravenue','Suite 178','South Pietroland','16804','(866)645-4730 x542',NULL,NULL,889445952,214,'2012-08-06 13:37:37','2012-08-06 13:37:37',NULL);
INSERT INTO "spree_addresses" VALUES(669687922,'Tyrese','Jewess','546 Jackeline Green','Suite 885','South Helmerville','16804','108.310.5830 x0256',NULL,NULL,889445952,214,'2012-08-06 13:37:37','2012-08-06 13:37:37',NULL);
INSERT INTO "spree_addresses" VALUES(670613653,'Kaia','Jacobson','978 Jessica Ville','Apt. 004','Pollyfort','16804','293.036.5174 x33924',NULL,NULL,889445952,214,'2012-08-06 13:37:37','2012-08-06 13:37:37',NULL);
INSERT INTO "spree_addresses" VALUES(676105863,'Benny','Hintz','6299 Judy Overpass','Suite 111','Kuhicburgh','16804','493.858.3441 x117',NULL,NULL,889445952,214,'2012-08-06 13:37:37','2012-08-06 13:37:37',NULL);
INSERT INTO "spree_addresses" VALUES(699334235,'Scottie','Davis','127 Adams Mill','Apt. 399','Funkberg','16804','223.304.9243 x9921',NULL,NULL,889445952,214,'2012-08-06 13:37:37','2012-08-06 13:37:37',NULL);
INSERT INTO "spree_addresses" VALUES(700227236,'Jarvis','Torphy','028 Russel Groves','Suite 468','Williamsonberg','16804','1-173-304-3035 x254',NULL,NULL,889445952,214,'2012-08-06 13:37:37','2012-08-06 13:37:37',NULL);
INSERT INTO "spree_addresses" VALUES(700772492,'Cortney','Frami','3766 Kertzmann Drive','Apt. 405','Leanneview','16804','519-486-8588 x09828',NULL,NULL,889445952,214,'2012-08-06 13:37:37','2012-08-06 13:37:37',NULL);
INSERT INTO "spree_addresses" VALUES(704804980,'Deontae','Cartwright','6667 Sipes Ways','Apt. 662','Lake Helena','16804','939-841-4299 x201',NULL,NULL,889445952,214,'2012-08-06 13:37:37','2012-08-06 13:37:37',NULL);
INSERT INTO "spree_addresses" VALUES(705697931,'Damion','Corwin','8360 Oberbrunner Garden','Apt. 540','Schimmelmouth','16804','577.923.6954 x693',NULL,NULL,889445952,214,'2012-08-06 13:37:37','2012-08-06 13:37:37',NULL);
INSERT INTO "spree_addresses" VALUES(711489187,'Tracey','Berge','01347 Stanton Freeway','Suite 948','North Oceanemouth','16804','1-884-059-4278 x5275',NULL,NULL,889445952,214,'2012-08-06 13:37:37','2012-08-06 13:37:37',NULL);
INSERT INTO "spree_addresses" VALUES(719333514,'Brayan','Langworth','50265 Buckridge View','Apt. 641','West Rowlandborough','16804','(452)089-4910 x008',NULL,NULL,889445952,214,'2012-08-06 13:37:37','2012-08-06 13:37:37',NULL);
INSERT INTO "spree_addresses" VALUES(736102574,'Connor','Lind','471 Farrell Crossroad','Apt. 394','Kutchton','16804','1-169-645-6473',NULL,NULL,889445952,214,'2012-08-06 13:37:37','2012-08-06 13:37:37',NULL);
INSERT INTO "spree_addresses" VALUES(747490487,'Verna','Weissnat','6401 Sherman Cove','Apt. 055','Hamillview','16804','816.327.3406 x474',NULL,NULL,889445952,214,'2012-08-06 13:37:37','2012-08-06 13:37:37',NULL);
INSERT INTO "spree_addresses" VALUES(754295455,'Orville','Veum','6336 Paxton Path','Apt. 583','Hirtheborough','16804','(134)122-9689',NULL,NULL,889445952,214,'2012-08-06 13:37:37','2012-08-06 13:37:37',NULL);
INSERT INTO "spree_addresses" VALUES(762297451,'Dashawn','Padberg','75461 Martin Junctions','Apt. 518','New Marcelle','16804','1-715-938-8277',NULL,NULL,889445952,214,'2012-08-06 13:37:37','2012-08-06 13:37:37',NULL);
INSERT INTO "spree_addresses" VALUES(763223188,'Waino','Mohr','27865 Prosacco Ferry','Apt. 284','Candidafurt','16804','(503)710-8965 x7381',NULL,NULL,889445952,214,'2012-08-06 13:37:37','2012-08-06 13:37:37',NULL);
INSERT INTO "spree_addresses" VALUES(770730608,'Lori','Raynor','9010 Swift Course','Suite 621','New Petra','16804','1-419-232-6619',NULL,NULL,889445952,214,'2012-08-06 13:37:37','2012-08-06 13:37:37',NULL);
INSERT INTO "spree_addresses" VALUES(777841735,'Brianne','Cremin','594 Forest Fall','Apt. 801','West Enrique','16804','757-060-2187 x01110',NULL,NULL,889445952,214,'2012-08-06 13:37:37','2012-08-06 13:37:37',NULL);
INSERT INTO "spree_addresses" VALUES(784546372,'Summer','Kulas','7093 Reinger Ville','Suite 671','Port Daphnee','16804','1-017-768-7013',NULL,NULL,889445952,214,'2012-08-06 13:37:37','2012-08-06 13:37:37',NULL);
INSERT INTO "spree_addresses" VALUES(785472187,'Mauricio','Swift','035 Maiya Mews','Suite 178','North Keshawn','16804','(567)650-2070 x6802',NULL,NULL,889445952,214,'2012-08-06 13:37:37','2012-08-06 13:37:37',NULL);
INSERT INTO "spree_addresses" VALUES(790710942,'Dion','Goodwin','222 Nader Crescent','Suite 631','Lake Percy','16804','1-075-147-9303',NULL,NULL,889445952,214,'2012-08-06 13:37:37','2012-08-06 13:37:37',NULL);
INSERT INTO "spree_addresses" VALUES(794371254,'Miles','Rosenbaum','5399 Schimmel Mountains','Apt. 954','North Hillary','16804','(006)263-5507',NULL,NULL,889445952,214,'2012-08-06 13:37:37','2012-08-06 13:37:37',NULL);
INSERT INTO "spree_addresses" VALUES(813960457,'Orrin','Hartmann','543 Lueilwitz Mount','Suite 649','West Mortonfurt','16804','1-533-526-3412 x58786',NULL,NULL,889445952,214,'2012-08-06 13:37:37','2012-08-06 13:37:37',NULL);
INSERT INTO "spree_addresses" VALUES(816295907,'Asia','Wunsch','19727 Powlowski Lakes','Suite 520','Port Augustview','16804','(775)726-7639 x702',NULL,NULL,889445952,214,'2012-08-06 13:37:37','2012-08-06 13:37:37',NULL);
INSERT INTO "spree_addresses" VALUES(817221404,'Alena','Rice','3192 Kiara Valleys','Apt. 121','Port Alyssonton','16804','333.370.2578',NULL,NULL,889445952,214,'2012-08-06 13:37:37','2012-08-06 13:37:37',NULL);
INSERT INTO "spree_addresses" VALUES(819970507,'Price','Lueilwitz','28252 Lonnie Park','Apt. 160','Altenwerthfurt','16804','008.375.7421',NULL,NULL,889445952,214,'2012-08-06 13:37:37','2012-08-06 13:37:37',NULL);
INSERT INTO "spree_addresses" VALUES(826662719,'Augustine','Kling','0729 Bergnaum Ways','Apt. 330','Lake Erika','16804','(331)329-1432',NULL,NULL,889445952,214,'2012-08-06 13:37:37','2012-08-06 13:37:37',NULL);
INSERT INTO "spree_addresses" VALUES(854153494,'Hilton','Kuhic','91769 Jones Radial','Suite 349','East Jonathon','16804','838-847-8981',NULL,NULL,889445952,214,'2012-08-06 13:37:37','2012-08-06 13:37:37',NULL);
INSERT INTO "spree_addresses" VALUES(856369612,'Brice','Bogan','3100 Kaylin Plain','Suite 733','Rippintown','16804','507-392-7421',NULL,NULL,889445952,214,'2012-08-06 13:37:37','2012-08-06 13:37:37',NULL);
INSERT INTO "spree_addresses" VALUES(857295155,'Susanna','Stokes','20571 Murl Crescent','Suite 971','Kuhlmanshire','16804','289.334.8439 x2397',NULL,NULL,889445952,214,'2012-08-06 13:37:37','2012-08-06 13:37:37',NULL);
INSERT INTO "spree_addresses" VALUES(863193060,'Alec','Spencer','331 Flossie Corners','Suite 123','Prohaskafort','16804','861.916.5987',NULL,NULL,889445952,214,'2012-08-06 13:37:37','2012-08-06 13:37:37',NULL);
INSERT INTO "spree_addresses" VALUES(879160787,'Jaqueline','Jewess','32725 Nolan Trace','Suite 969','Rolfsonbury','16804','(133)456-5695 x011',NULL,NULL,889445952,214,'2012-08-06 13:37:37','2012-08-06 13:37:37',NULL);
INSERT INTO "spree_addresses" VALUES(880053548,'Etha','Kreiger','23164 Mose Meadows','Apt. 594','Starkview','16804','1-887-906-8903 x9571',NULL,NULL,889445952,214,'2012-08-06 13:37:37','2012-08-06 13:37:37',NULL);
INSERT INTO "spree_addresses" VALUES(887839535,'Hosea','Kling','147 Little Street','Apt. 098','Mantefurt','16804','947.342.5126',NULL,NULL,889445952,214,'2012-08-06 13:37:37','2012-08-06 13:37:37',NULL);
INSERT INTO "spree_addresses" VALUES(897883407,'Janessa','Konopelski','6738 Pfeffer Ford','Suite 501','New Augustaburgh','16804','(782)440-6359 x163',NULL,NULL,889445952,214,'2012-08-06 13:37:37','2012-08-06 13:37:37',NULL);
INSERT INTO "spree_addresses" VALUES(904827870,'Lorenzo','Feest','155 Karson Pines','Suite 243','Wisokyburgh','16804','690.991.7475 x2911',NULL,NULL,889445952,214,'2012-08-06 13:37:37','2012-08-06 13:37:37',NULL);
INSERT INTO "spree_addresses" VALUES(908598054,'Kathryn','Nolan','2238 Dickinson Meadows','Suite 469','South Bailee','16804','1-923-373-9954 x45107',NULL,NULL,889445952,214,'2012-08-06 13:37:37','2012-08-06 13:37:37',NULL);
INSERT INTO "spree_addresses" VALUES(910300663,'Colleen','Sipes','236 Hattie Lights','Apt. 525','North Jacquestown','16804','1-054-781-1951 x2728',NULL,NULL,889445952,214,'2012-08-06 13:37:37','2012-08-06 13:37:37',NULL);
INSERT INTO "spree_addresses" VALUES(927456520,'Jovanny','Cummings','844 Reagan Harbors','Suite 559','West Flossie','16804','(044)770-4421',NULL,NULL,889445952,214,'2012-08-06 13:37:37','2012-08-06 13:37:37',NULL);
INSERT INTO "spree_addresses" VALUES(936012796,'Francisco','Hermann','77277 Myrtis Walks','Suite 491','Stoltenbergport','16804','(503)449-1478',NULL,NULL,889445952,214,'2012-08-06 13:37:37','2012-08-06 13:37:37',NULL);
INSERT INTO "spree_addresses" VALUES(936905475,'Jaquelin','Feest','40470 Selena Coves','Apt. 585','Port Chynafurt','16804','1-264-953-5936',NULL,NULL,889445952,214,'2012-08-06 13:37:37','2012-08-06 13:37:37',NULL);
INSERT INTO "spree_addresses" VALUES(948698432,'Presley','Kuhic','082 Dariana Points','Suite 623','McGlynnborough','16804','214.965.4412',NULL,NULL,889445952,214,'2012-08-06 13:37:37','2012-08-06 13:37:37',NULL);
INSERT INTO "spree_addresses" VALUES(949591493,'Frida','Oberbrunner','984 Batz Gateway','Suite 399','Rempelshire','16804','(186)012-1044 x69401',NULL,NULL,889445952,214,'2012-08-06 13:37:37','2012-08-06 13:37:37',NULL);
INSERT INTO "spree_addresses" VALUES(956531505,'Newton','Champlin','501 Marcus Rue','Apt. 004','Reingerberg','16804','987-686-5125',NULL,NULL,889445952,214,'2012-08-06 13:37:37','2012-08-06 13:37:37',NULL);
INSERT INTO "spree_addresses" VALUES(959594786,'Carson','Schuppe','6515 Toy Mills','Suite 758','West Derrickshire','16804','1-367-986-6455 x89195',NULL,NULL,889445952,214,'2012-08-06 13:37:37','2012-08-06 13:37:37',NULL);
INSERT INTO "spree_addresses" VALUES(963218914,'Judy','Powlowski','737 Kihn Loaf','Apt. 271','South Marcosshire','16804','481-085-0078',NULL,NULL,889445952,214,'2012-08-06 13:37:37','2012-08-06 13:37:37',NULL);
INSERT INTO "spree_addresses" VALUES(964422941,'Dimitri','Goldner','8084 Maximillia Points','Apt. 538','Streichstad','16804','(841)592-7263 x934',NULL,NULL,889445952,214,'2012-08-06 13:37:37','2012-08-06 13:37:37',NULL);
INSERT INTO "spree_addresses" VALUES(965621197,'Cassie','Buckridge','896 Rocio Run','Suite 385','Mayerthaven','16804','1-538-514-5066',NULL,NULL,889445952,214,'2012-08-06 13:37:37','2012-08-06 13:37:37',NULL);
INSERT INTO "spree_addresses" VALUES(966546746,'Justine','Vandervort','52202 Buster Estates','Suite 987','North Clementineton','16804','1-979-106-1194 x9999',NULL,NULL,889445952,214,'2012-08-06 13:37:37','2012-08-06 13:37:37',NULL);
INSERT INTO "spree_addresses" VALUES(975352806,'Hope','Kub','1735 Delpha Burg','Suite 021','Frankborough','16804','688.458.9662 x94500',NULL,NULL,889445952,214,'2012-08-06 13:37:37','2012-08-06 13:37:37',NULL);
INSERT INTO "spree_addresses" VALUES(976278305,'Vella','Cassin','65847 Gibson Mill','Suite 502','West Kaleigh','16804','(139)377-5017 x79237',NULL,NULL,889445952,214,'2012-08-06 13:37:37','2012-08-06 13:37:37',NULL);
INSERT INTO "spree_addresses" VALUES(979318045,'Walter','Jones','22680 Stevie Oval','Suite 044','Schowalterstad','16804','200-787-7000 x6999',NULL,NULL,889445952,214,'2012-08-06 13:37:37','2012-08-06 13:37:37',NULL);
INSERT INTO "spree_addresses" VALUES(984548634,'Guy','Huels','6695 Chaim Lane','Suite 117','Margareteview','16804','1-181-232-2840 x757',NULL,NULL,889445952,214,'2012-08-06 13:37:37','2012-08-06 13:37:37',NULL);
INSERT INTO "spree_addresses" VALUES(985992137,'Dulce','Conn','6787 Edwina Plains','Suite 207','Port Jaceyfurt','16804','1-774-860-6106',NULL,NULL,889445952,214,'2012-08-06 13:37:37','2012-08-06 13:37:37',NULL);
INSERT INTO "spree_addresses" VALUES(987196214,'Karlie','Emard','468 Bednar Fork','Suite 308','Abernathyport','16804','292.228.8064',NULL,NULL,889445952,214,'2012-08-06 13:37:37','2012-08-06 13:37:37',NULL);
INSERT INTO "spree_addresses" VALUES(992443161,'Nya','Harris','96929 DuBuque Brooks','Apt. 021','Weissnatland','16804','713.411.1130',NULL,NULL,889445952,214,'2012-08-06 13:37:37','2012-08-06 13:37:37',NULL);
INSERT INTO "spree_addresses" VALUES(993336300,'Candido','Fritsch','46495 Reichert Mountains','Apt. 014','Madieshire','16804','019-572-9591 x1490',NULL,NULL,889445952,214,'2012-08-06 13:37:37','2012-08-06 13:37:37',NULL);
INSERT INTO "spree_addresses" VALUES(1009963300,'Olaf','Erdman','35289 Bart Overpass','Suite 160','Friesenhaven','16804','394-842-8545',NULL,NULL,889445952,214,'2012-08-06 13:37:37','2012-08-06 13:37:37',NULL);
INSERT INTO "spree_addresses" VALUES(1011531536,'Jeromy','Williamson','02162 Cummings Club','Suite 165','Port Theron','16804','(164)413-8276 x24349',NULL,NULL,889445952,214,'2012-08-06 13:37:37','2012-08-06 13:37:37',NULL);
INSERT INTO "spree_addresses" VALUES(1012457461,'Blair','Bode','655 Wisozk Oval','Suite 013','Oberbrunnerberg','16804','252-050-1066 x9483',NULL,NULL,889445952,214,'2012-08-06 13:37:37','2012-08-06 13:37:37',NULL);
INSERT INTO "spree_addresses" VALUES(1026748676,'Meda','Bechtelar','567 Chandler Bypass','Apt. 183','Port Caesar','16804','(132)601-9563 x61208',NULL,NULL,889445952,214,'2012-08-06 13:37:37','2012-08-06 13:37:37',NULL);
INSERT INTO "spree_addresses" VALUES(1028618237,'Dayne','Yost','56686 Cora Track','Suite 440','Nienowmouth','16804','(725)991-9039',NULL,NULL,889445952,214,'2012-08-06 13:37:37','2012-08-06 13:37:37',NULL);
INSERT INTO "spree_addresses" VALUES(1029510922,'Linda','Braun','0875 Glover Course','Apt. 778','Devenfort','16804','(926)949-6429 x815',NULL,NULL,889445952,214,'2012-08-06 13:37:37','2012-08-06 13:37:37',NULL);
INSERT INTO "spree_addresses" VALUES(1034473426,'Hobart','O''Kon','3227 Johnston Fort','Suite 279','Corkeryborough','16804','142-236-3606 x77777',NULL,NULL,889445952,214,'2012-08-06 13:37:37','2012-08-06 13:37:37',NULL);
INSERT INTO "spree_addresses" VALUES(1035644717,'Amalia','Huel','30922 Kraig Center','Apt. 372','New Savannahhaven','16804','808-959-7970',NULL,NULL,889445952,214,'2012-08-06 13:37:37','2012-08-06 13:37:37',NULL);
INSERT INTO "spree_addresses" VALUES(1040468473,'Kassandra','Upton','013 Lemke Lights','Apt. 949','Krajcikburgh','16804','624.639.0855 x617',NULL,NULL,889445952,214,'2012-08-06 13:37:37','2012-08-06 13:37:37',NULL);
INSERT INTO "spree_addresses" VALUES(1041639686,'Mercedes','Gleason','8059 Yost Throughway','Apt. 737','Lake Uliceshaven','16804','495-966-5291',NULL,NULL,889445952,214,'2012-08-06 13:37:37','2012-08-06 13:37:37',NULL);
INSERT INTO "spree_addresses" VALUES(1046447419,'Darby','Kuhlman','227 Jameson Meadow','Suite 842','Port Clarastad','16804','1-009-209-6677',NULL,NULL,889445952,214,'2012-08-06 13:37:37','2012-08-06 13:37:37',NULL);
INSERT INTO "spree_addresses" VALUES(1055125974,'Gia','Schaden','552 Schneider Hollow','Apt. 530','North Reynaberg','16804','(244)577-2238',NULL,NULL,889445952,214,'2012-08-06 13:37:37','2012-08-06 13:37:37',NULL);
INSERT INTO "spree_addresses" VALUES(1056018737,'Daphne','Durgan','27073 Marianne Track','Suite 914','Fisherview','16804','(126)282-8855 x92580',NULL,NULL,889445952,214,'2012-08-06 13:37:37','2012-08-06 13:37:37',NULL);
INSERT INTO "spree_addresses" VALUES(1067341581,'Domenic','Luettgen','93405 Jerde Fork','Apt. 518','South Andersonburgh','16804','1-293-046-9051 x2398',NULL,NULL,889445952,214,'2012-08-06 13:37:37','2012-08-06 13:37:37',NULL);
INSERT INTO "spree_addresses" VALUES(1072052521,'Amina','O''Keefe','460 Yundt Well','Suite 241','North Magnolia','16804','297.742.3989',NULL,NULL,889445952,214,'2012-08-06 13:37:37','2012-08-06 13:37:37',NULL);
INSERT INTO "spree_addresses" VALUES(1072978396,'Noemie','Hamill','45982 King Parkway','Apt. 720','South Shaun','16804','304.130.9474 x183',NULL,NULL,889445952,214,'2012-08-06 13:37:37','2012-08-06 13:37:37',NULL);
INSERT INTO "spree_addresses" VALUES(1072978397,'Linda','Braun','0875 Glover Course','Apt. 778','Devenfort','16804','(926)949-6429 x815',NULL,NULL,1061493585,214,'2012-08-06 15:22:25.086207','2012-08-06 15:22:25.086207',NULL);
INSERT INTO "spree_addresses" VALUES(1072978398,'Linda','Braun','0875 Glover Course','Apt. 778','Devenfort','16804','(926)949-6429 x815',NULL,NULL,1061493585,214,'2012-08-06 15:22:25.087949','2012-08-06 15:22:25.087949',NULL);
INSERT INTO "spree_addresses" VALUES(1072978399,'Linda','Braun','0875 Glover Course','Apt. 778','Devenfort','16804','(926)949-6429 x815',NULL,NULL,1061493585,214,'2012-08-06 15:26:41.178248','2012-08-06 15:26:41.178248',NULL);
INSERT INTO "spree_addresses" VALUES(1072978400,'Freda','Buckridge','51224 Heller Mill','Apt. 343','Collierland','16804','404.549.9183 x2134',NULL,NULL,1061493585,214,'2012-08-06 15:26:41.179715','2012-08-06 15:26:41.179715',NULL);
INSERT INTO "spree_addresses" VALUES(1072978401,'Pallav','Barah','200 e randolph','25th floor','chicago','60601','3123302656',NULL,NULL,625629523,214,'2012-08-06 16:23:53.072337','2012-08-06 16:23:53.072337',NULL);
INSERT INTO "spree_addresses" VALUES(1072978402,'Pallav','Barah','200 e randolph','25th floor','chicago','60601','3123302656',NULL,NULL,625629523,214,'2012-08-06 16:23:53.073778','2012-08-06 16:23:53.073778',NULL);
CREATE TABLE "spree_calculators" ("id" INTEGER PRIMARY KEY AUTOINCREMENT NOT NULL, "type" varchar(255), "calculable_id" integer NOT NULL, "calculable_type" varchar(255) NOT NULL, "created_at" datetime NOT NULL, "updated_at" datetime NOT NULL);
INSERT INTO "spree_calculators" VALUES(13537749,'Spree::Calculator::FlatRate',13537749,'Spree::ShippingMethod','2012-08-06 13:37:38','2012-08-06 13:37:38');
INSERT INTO "spree_calculators" VALUES(192811543,'Spree::Calculator::FlatRate',192811543,'Spree::ShippingMethod','2012-08-06 13:37:38','2012-08-06 13:37:38');
INSERT INTO "spree_calculators" VALUES(491052212,'Spree::Calculator::FlatRate',713097208,'Spree::Promotion','2012-08-06 13:37:38','2012-08-06 13:37:38');
INSERT INTO "spree_calculators" VALUES(505539722,'Spree::Calculator::DefaultTax',967941380,'Spree::TaxRate','2012-08-06 13:37:38','2012-08-06 13:37:38');
INSERT INTO "spree_calculators" VALUES(574015644,'Spree::Calculator::FlatRate',574015644,'Spree::ShippingMethod','2012-08-06 13:37:38','2012-08-06 13:37:38');
CREATE TABLE "spree_configurations" ("id" INTEGER PRIMARY KEY AUTOINCREMENT NOT NULL, "name" varchar(255), "type" varchar(50), "created_at" datetime NOT NULL, "updated_at" datetime NOT NULL);
CREATE TABLE "spree_countries" ("id" INTEGER PRIMARY KEY AUTOINCREMENT NOT NULL, "iso_name" varchar(255), "iso" varchar(255), "iso3" varchar(255), "name" varchar(255), "numcode" integer);
INSERT INTO "spree_countries" VALUES(1,'AFGHANISTAN','AF','AFG','Afghanistan',4);
INSERT INTO "spree_countries" VALUES(2,'ALBANIA','AL','ALB','Albania',8);
INSERT INTO "spree_countries" VALUES(3,'ALGERIA','DZ','DZA','Algeria',12);
INSERT INTO "spree_countries" VALUES(4,'AMERICAN SAMOA','AS','ASM','American Samoa',16);
INSERT INTO "spree_countries" VALUES(5,'ANDORRA','AD','AND','Andorra',20);
INSERT INTO "spree_countries" VALUES(6,'ANGOLA','AO','AGO','Angola',24);
INSERT INTO "spree_countries" VALUES(7,'ANGUILLA','AI','AIA','Anguilla',660);
INSERT INTO "spree_countries" VALUES(8,'ANTIGUA AND BARBUDA','AG','ATG','Antigua and Barbuda',28);
INSERT INTO "spree_countries" VALUES(9,'ARGENTINA','AR','ARG','Argentina',32);
INSERT INTO "spree_countries" VALUES(10,'ARMENIA','AM','ARM','Armenia',51);
INSERT INTO "spree_countries" VALUES(11,'ARUBA','AW','ABW','Aruba',533);
INSERT INTO "spree_countries" VALUES(12,'AUSTRALIA','AU','AUS','Australia',36);
INSERT INTO "spree_countries" VALUES(13,'AUSTRIA','AT','AUT','Austria',40);
INSERT INTO "spree_countries" VALUES(14,'AZERBAIJAN','AZ','AZE','Azerbaijan',31);
INSERT INTO "spree_countries" VALUES(15,'BAHAMAS','BS','BHS','Bahamas',44);
INSERT INTO "spree_countries" VALUES(16,'BAHRAIN','BH','BHR','Bahrain',48);
INSERT INTO "spree_countries" VALUES(17,'BANGLADESH','BD','BGD','Bangladesh',50);
INSERT INTO "spree_countries" VALUES(18,'BARBADOS','BB','BRB','Barbados',52);
INSERT INTO "spree_countries" VALUES(19,'BELARUS','BY','BLR','Belarus',112);
INSERT INTO "spree_countries" VALUES(20,'BELGIUM','BE','BEL','Belgium',56);
INSERT INTO "spree_countries" VALUES(21,'BELIZE','BZ','BLZ','Belize',84);
INSERT INTO "spree_countries" VALUES(22,'BENIN','BJ','BEN','Benin',204);
INSERT INTO "spree_countries" VALUES(23,'BERMUDA','BM','BMU','Bermuda',60);
INSERT INTO "spree_countries" VALUES(24,'BHUTAN','BT','BTN','Bhutan',64);
INSERT INTO "spree_countries" VALUES(25,'BOLIVIA','BO','BOL','Bolivia',68);
INSERT INTO "spree_countries" VALUES(26,'BOSNIA AND HERZEGOVINA','BA','BIH','Bosnia and Herzegovina',70);
INSERT INTO "spree_countries" VALUES(27,'BOTSWANA','BW','BWA','Botswana',72);
INSERT INTO "spree_countries" VALUES(28,'BRAZIL','BR','BRA','Brazil',76);
INSERT INTO "spree_countries" VALUES(29,'BRUNEI DARUSSALAM','BN','BRN','Brunei Darussalam',96);
INSERT INTO "spree_countries" VALUES(30,'BULGARIA','BG','BGR','Bulgaria',100);
INSERT INTO "spree_countries" VALUES(31,'BURKINA FASO','BF','BFA','Burkina Faso',854);
INSERT INTO "spree_countries" VALUES(32,'BURUNDI','BI','BDI','Burundi',108);
INSERT INTO "spree_countries" VALUES(33,'CAMBODIA','KH','KHM','Cambodia',116);
INSERT INTO "spree_countries" VALUES(34,'CAMEROON','CM','CMR','Cameroon',120);
INSERT INTO "spree_countries" VALUES(35,'CANADA','CA','CAN','Canada',124);
INSERT INTO "spree_countries" VALUES(36,'CAPE VERDE','CV','CPV','Cape Verde',132);
INSERT INTO "spree_countries" VALUES(37,'CAYMAN ISLANDS','KY','CYM','Cayman Islands',136);
INSERT INTO "spree_countries" VALUES(38,'CENTRAL AFRICAN REPUBLIC','CF','CAF','Central African Republic',140);
INSERT INTO "spree_countries" VALUES(39,'CHAD','TD','TCD','Chad',148);
INSERT INTO "spree_countries" VALUES(40,'CHILE','CL','CHL','Chile',152);
INSERT INTO "spree_countries" VALUES(41,'CHINA','CN','CHN','China',156);
INSERT INTO "spree_countries" VALUES(42,'COLOMBIA','CO','COL','Colombia',170);
INSERT INTO "spree_countries" VALUES(43,'COMOROS','KM','COM','Comoros',174);
INSERT INTO "spree_countries" VALUES(44,'CONGO','CG','COG','Congo',178);
INSERT INTO "spree_countries" VALUES(45,'CONGO, THE DEMOCRATIC REPUBLIC OF THE','CD','COD','Congo, the Democratic Republic of the',180);
INSERT INTO "spree_countries" VALUES(46,'COOK ISLANDS','CK','COK','Cook Islands',184);
INSERT INTO "spree_countries" VALUES(47,'COSTA RICA','CR','CRI','Costa Rica',188);
INSERT INTO "spree_countries" VALUES(48,'COTE D''IVOIRE','CI','CIV','Cote D''Ivoire',384);
INSERT INTO "spree_countries" VALUES(49,'CROATIA','HR','HRV','Croatia',191);
INSERT INTO "spree_countries" VALUES(50,'CUBA','CU','CUB','Cuba',192);
INSERT INTO "spree_countries" VALUES(51,'CYPRUS','CY','CYP','Cyprus',196);
INSERT INTO "spree_countries" VALUES(52,'CZECH REPUBLIC','CZ','CZE','Czech Republic',203);
INSERT INTO "spree_countries" VALUES(53,'DENMARK','DK','DNK','Denmark',208);
INSERT INTO "spree_countries" VALUES(54,'DJIBOUTI','DJ','DJI','Djibouti',262);
INSERT INTO "spree_countries" VALUES(55,'DOMINICA','DM','DMA','Dominica',212);
INSERT INTO "spree_countries" VALUES(56,'DOMINICAN REPUBLIC','DO','DOM','Dominican Republic',214);
INSERT INTO "spree_countries" VALUES(57,'ECUADOR','EC','ECU','Ecuador',218);
INSERT INTO "spree_countries" VALUES(58,'EGYPT','EG','EGY','Egypt',818);
INSERT INTO "spree_countries" VALUES(59,'EL SALVADOR','SV','SLV','El Salvador',222);
INSERT INTO "spree_countries" VALUES(60,'EQUATORIAL GUINEA','GQ','GNQ','Equatorial Guinea',226);
INSERT INTO "spree_countries" VALUES(61,'ERITREA','ER','ERI','Eritrea',232);
INSERT INTO "spree_countries" VALUES(62,'ESTONIA','EE','EST','Estonia',233);
INSERT INTO "spree_countries" VALUES(63,'ETHIOPIA','ET','ETH','Ethiopia',231);
INSERT INTO "spree_countries" VALUES(64,'FALKLAND ISLANDS (MALVINAS)','FK','FLK','Falkland Islands (Malvinas)',238);
INSERT INTO "spree_countries" VALUES(65,'FAROE ISLANDS','FO','FRO','Faroe Islands',234);
INSERT INTO "spree_countries" VALUES(66,'FIJI','FJ','FJI','Fiji',242);
INSERT INTO "spree_countries" VALUES(67,'FINLAND','FI','FIN','Finland',246);
INSERT INTO "spree_countries" VALUES(68,'FRANCE','FR','FRA','France',250);
INSERT INTO "spree_countries" VALUES(69,'FRENCH GUIANA','GF','GUF','French Guiana',254);
INSERT INTO "spree_countries" VALUES(70,'FRENCH POLYNESIA','PF','PYF','French Polynesia',258);
INSERT INTO "spree_countries" VALUES(71,'GABON','GA','GAB','Gabon',266);
INSERT INTO "spree_countries" VALUES(72,'GAMBIA','GM','GMB','Gambia',270);
INSERT INTO "spree_countries" VALUES(73,'GEORGIA','GE','GEO','Georgia',268);
INSERT INTO "spree_countries" VALUES(74,'GERMANY','DE','DEU','Germany',276);
INSERT INTO "spree_countries" VALUES(75,'GHANA','GH','GHA','Ghana',288);
INSERT INTO "spree_countries" VALUES(76,'GIBRALTAR','GI','GIB','Gibraltar',292);
INSERT INTO "spree_countries" VALUES(77,'GREECE','GR','GRC','Greece',300);
INSERT INTO "spree_countries" VALUES(78,'GREENLAND','GL','GRL','Greenland',304);
INSERT INTO "spree_countries" VALUES(79,'GRENADA','GD','GRD','Grenada',308);
INSERT INTO "spree_countries" VALUES(80,'GUADELOUPE','GP','GLP','Guadeloupe',312);
INSERT INTO "spree_countries" VALUES(81,'GUAM','GU','GUM','Guam',316);
INSERT INTO "spree_countries" VALUES(82,'GUATEMALA','GT','GTM','Guatemala',320);
INSERT INTO "spree_countries" VALUES(83,'GUINEA','GN','GIN','Guinea',324);
INSERT INTO "spree_countries" VALUES(84,'GUINEA-BISSAU','GW','GNB','Guinea-Bissau',624);
INSERT INTO "spree_countries" VALUES(85,'GUYANA','GY','GUY','Guyana',328);
INSERT INTO "spree_countries" VALUES(86,'HAITI','HT','HTI','Haiti',332);
INSERT INTO "spree_countries" VALUES(87,'HOLY SEE (VATICAN CITY STATE)','VA','VAT','Holy See (Vatican City State)',336);
INSERT INTO "spree_countries" VALUES(88,'HONDURAS','HN','HND','Honduras',340);
INSERT INTO "spree_countries" VALUES(89,'HONG KONG','HK','HKG','Hong Kong',344);
INSERT INTO "spree_countries" VALUES(90,'HUNGARY','HU','HUN','Hungary',348);
INSERT INTO "spree_countries" VALUES(91,'ICELAND','IS','ISL','Iceland',352);
INSERT INTO "spree_countries" VALUES(92,'INDIA','IN','IND','India',356);
INSERT INTO "spree_countries" VALUES(93,'INDONESIA','ID','IDN','Indonesia',360);
INSERT INTO "spree_countries" VALUES(94,'IRAN, ISLAMIC REPUBLIC OF','IR','IRN','Iran, Islamic Republic of',364);
INSERT INTO "spree_countries" VALUES(95,'IRAQ','IQ','IRQ','Iraq',368);
INSERT INTO "spree_countries" VALUES(96,'IRELAND','IE','IRL','Ireland',372);
INSERT INTO "spree_countries" VALUES(97,'ISRAEL','IL','ISR','Israel',376);
INSERT INTO "spree_countries" VALUES(98,'ITALY','IT','ITA','Italy',380);
INSERT INTO "spree_countries" VALUES(99,'JAMAICA','JM','JAM','Jamaica',388);
INSERT INTO "spree_countries" VALUES(100,'JAPAN','JP','JPN','Japan',392);
INSERT INTO "spree_countries" VALUES(101,'JORDAN','JO','JOR','Jordan',400);
INSERT INTO "spree_countries" VALUES(102,'KAZAKHSTAN','KZ','KAZ','Kazakhstan',398);
INSERT INTO "spree_countries" VALUES(103,'KENYA','KE','KEN','Kenya',404);
INSERT INTO "spree_countries" VALUES(104,'KIRIBATI','KI','KIR','Kiribati',296);
INSERT INTO "spree_countries" VALUES(105,'KOREA, DEMOCRATIC PEOPLE''S REPUBLIC OF','KP','PRK','North Korea',408);
INSERT INTO "spree_countries" VALUES(106,'KOREA, REPUBLIC OF','KR','KOR','South Korea',410);
INSERT INTO "spree_countries" VALUES(107,'KUWAIT','KW','KWT','Kuwait',414);
INSERT INTO "spree_countries" VALUES(108,'KYRGYZSTAN','KG','KGZ','Kyrgyzstan',417);
INSERT INTO "spree_countries" VALUES(109,'LAO PEOPLE''S DEMOCRATIC REPUBLIC','LA','LAO','Lao People''s Democratic Republic',418);
INSERT INTO "spree_countries" VALUES(110,'LATVIA','LV','LVA','Latvia',428);
INSERT INTO "spree_countries" VALUES(111,'LEBANON','LB','LBN','Lebanon',422);
INSERT INTO "spree_countries" VALUES(112,'LESOTHO','LS','LSO','Lesotho',426);
INSERT INTO "spree_countries" VALUES(113,'LIBERIA','LR','LBR','Liberia',430);
INSERT INTO "spree_countries" VALUES(114,'LIBYAN ARAB JAMAHIRIYA','LY','LBY','Libyan Arab Jamahiriya',434);
INSERT INTO "spree_countries" VALUES(115,'LIECHTENSTEIN','LI','LIE','Liechtenstein',438);
INSERT INTO "spree_countries" VALUES(116,'LITHUANIA','LT','LTU','Lithuania',440);
INSERT INTO "spree_countries" VALUES(117,'LUXEMBOURG','LU','LUX','Luxembourg',442);
INSERT INTO "spree_countries" VALUES(118,'MACAO','MO','MAC','Macao',446);
INSERT INTO "spree_countries" VALUES(119,'MACEDONIA, THE FORMER YUGOSLAV REPUBLIC OF','MK','MKD','Macedonia',807);
INSERT INTO "spree_countries" VALUES(120,'MADAGASCAR','MG','MDG','Madagascar',450);
INSERT INTO "spree_countries" VALUES(121,'MALAWI','MW','MWI','Malawi',454);
INSERT INTO "spree_countries" VALUES(122,'MALAYSIA','MY','MYS','Malaysia',458);
INSERT INTO "spree_countries" VALUES(123,'MALDIVES','MV','MDV','Maldives',462);
INSERT INTO "spree_countries" VALUES(124,'MALI','ML','MLI','Mali',466);
INSERT INTO "spree_countries" VALUES(125,'MALTA','MT','MLT','Malta',470);
INSERT INTO "spree_countries" VALUES(126,'MARSHALL ISLANDS','MH','MHL','Marshall Islands',584);
INSERT INTO "spree_countries" VALUES(127,'MARTINIQUE','MQ','MTQ','Martinique',474);
INSERT INTO "spree_countries" VALUES(128,'MAURITANIA','MR','MRT','Mauritania',478);
INSERT INTO "spree_countries" VALUES(129,'MAURITIUS','MU','MUS','Mauritius',480);
INSERT INTO "spree_countries" VALUES(130,'MEXICO','MX','MEX','Mexico',484);
INSERT INTO "spree_countries" VALUES(131,'MICRONESIA, FEDERATED STATES OF','FM','FSM','Micronesia, Federated States of',583);
INSERT INTO "spree_countries" VALUES(132,'MOLDOVA, REPUBLIC OF','MD','MDA','Moldova, Republic of',498);
INSERT INTO "spree_countries" VALUES(133,'MONACO','MC','MCO','Monaco',492);
INSERT INTO "spree_countries" VALUES(134,'MONGOLIA','MN','MNG','Mongolia',496);
INSERT INTO "spree_countries" VALUES(135,'MONTSERRAT','MS','MSR','Montserrat',500);
INSERT INTO "spree_countries" VALUES(136,'MOROCCO','MA','MAR','Morocco',504);
INSERT INTO "spree_countries" VALUES(137,'MOZAMBIQUE','MZ','MOZ','Mozambique',508);
INSERT INTO "spree_countries" VALUES(138,'MYANMAR','MM','MMR','Myanmar',104);
INSERT INTO "spree_countries" VALUES(139,'NAMIBIA','NA','NAM','Namibia',516);
INSERT INTO "spree_countries" VALUES(140,'NAURU','NR','NRU','Nauru',520);
INSERT INTO "spree_countries" VALUES(141,'NEPAL','NP','NPL','Nepal',524);
INSERT INTO "spree_countries" VALUES(142,'NETHERLANDS','NL','NLD','Netherlands',528);
INSERT INTO "spree_countries" VALUES(143,'NETHERLANDS ANTILLES','AN','ANT','Netherlands Antilles',530);
INSERT INTO "spree_countries" VALUES(144,'NEW CALEDONIA','NC','NCL','New Caledonia',540);
INSERT INTO "spree_countries" VALUES(145,'NEW ZEALAND','NZ','NZL','New Zealand',554);
INSERT INTO "spree_countries" VALUES(146,'NICARAGUA','NI','NIC','Nicaragua',558);
INSERT INTO "spree_countries" VALUES(147,'NIGER','NE','NER','Niger',562);
INSERT INTO "spree_countries" VALUES(148,'NIGERIA','NG','NGA','Nigeria',566);
INSERT INTO "spree_countries" VALUES(149,'NIUE','NU','NIU','Niue',570);
INSERT INTO "spree_countries" VALUES(150,'NORFOLK ISLAND','NF','NFK','Norfolk Island',574);
INSERT INTO "spree_countries" VALUES(151,'NORTHERN MARIANA ISLANDS','MP','MNP','Northern Mariana Islands',580);
INSERT INTO "spree_countries" VALUES(152,'NORWAY','NO','NOR','Norway',578);
INSERT INTO "spree_countries" VALUES(153,'OMAN','OM','OMN','Oman',512);
INSERT INTO "spree_countries" VALUES(154,'PAKISTAN','PK','PAK','Pakistan',586);
INSERT INTO "spree_countries" VALUES(155,'PALAU','PW','PLW','Palau',585);
INSERT INTO "spree_countries" VALUES(156,'PANAMA','PA','PAN','Panama',591);
INSERT INTO "spree_countries" VALUES(157,'PAPUA NEW GUINEA','PG','PNG','Papua New Guinea',598);
INSERT INTO "spree_countries" VALUES(158,'PARAGUAY','PY','PRY','Paraguay',600);
INSERT INTO "spree_countries" VALUES(159,'PERU','PE','PER','Peru',604);
INSERT INTO "spree_countries" VALUES(160,'PHILIPPINES','PH','PHL','Philippines',608);
INSERT INTO "spree_countries" VALUES(161,'PITCAIRN','PN','PCN','Pitcairn',612);
INSERT INTO "spree_countries" VALUES(162,'POLAND','PL','POL','Poland',616);
INSERT INTO "spree_countries" VALUES(163,'PORTUGAL','PT','PRT','Portugal',620);
INSERT INTO "spree_countries" VALUES(164,'PUERTO RICO','PR','PRI','Puerto Rico',630);
INSERT INTO "spree_countries" VALUES(165,'QATAR','QA','QAT','Qatar',634);
INSERT INTO "spree_countries" VALUES(166,'REUNION','RE','REU','Reunion',638);
INSERT INTO "spree_countries" VALUES(167,'ROMANIA','RO','ROM','Romania',642);
INSERT INTO "spree_countries" VALUES(168,'RUSSIAN FEDERATION','RU','RUS','Russian Federation',643);
INSERT INTO "spree_countries" VALUES(169,'RWANDA','RW','RWA','Rwanda',646);
INSERT INTO "spree_countries" VALUES(170,'SAINT HELENA','SH','SHN','Saint Helena',654);
INSERT INTO "spree_countries" VALUES(171,'SAINT KITTS AND NEVIS','KN','KNA','Saint Kitts and Nevis',659);
INSERT INTO "spree_countries" VALUES(172,'SAINT LUCIA','LC','LCA','Saint Lucia',662);
INSERT INTO "spree_countries" VALUES(173,'SAINT PIERRE AND MIQUELON','PM','SPM','Saint Pierre and Miquelon',666);
INSERT INTO "spree_countries" VALUES(174,'SAINT VINCENT AND THE GRENADINES','VC','VCT','Saint Vincent and the Grenadines',670);
INSERT INTO "spree_countries" VALUES(175,'SAMOA','WS','WSM','Samoa',882);
INSERT INTO "spree_countries" VALUES(176,'SAN MARINO','SM','SMR','San Marino',674);
INSERT INTO "spree_countries" VALUES(177,'SAO TOME AND PRINCIPE','ST','STP','Sao Tome and Principe',678);
INSERT INTO "spree_countries" VALUES(178,'SAUDI ARABIA','SA','SAU','Saudi Arabia',682);
INSERT INTO "spree_countries" VALUES(179,'SENEGAL','SN','SEN','Senegal',686);
INSERT INTO "spree_countries" VALUES(180,'SEYCHELLES','SC','SYC','Seychelles',690);
INSERT INTO "spree_countries" VALUES(181,'SIERRA LEONE','SL','SLE','Sierra Leone',694);
INSERT INTO "spree_countries" VALUES(182,'SINGAPORE','SG','SGP','Singapore',702);
INSERT INTO "spree_countries" VALUES(183,'SLOVAKIA','SK','SVK','Slovakia',703);
INSERT INTO "spree_countries" VALUES(184,'SLOVENIA','SI','SVN','Slovenia',705);
INSERT INTO "spree_countries" VALUES(185,'SOLOMON ISLANDS','SB','SLB','Solomon Islands',90);
INSERT INTO "spree_countries" VALUES(186,'SOMALIA','SO','SOM','Somalia',706);
INSERT INTO "spree_countries" VALUES(187,'SOUTH AFRICA','ZA','ZAF','South Africa',710);
INSERT INTO "spree_countries" VALUES(188,'SPAIN','ES','ESP','Spain',724);
INSERT INTO "spree_countries" VALUES(189,'SRI LANKA','LK','LKA','Sri Lanka',144);
INSERT INTO "spree_countries" VALUES(190,'SUDAN','SD','SDN','Sudan',736);
INSERT INTO "spree_countries" VALUES(191,'SURINAME','SR','SUR','Suriname',740);
INSERT INTO "spree_countries" VALUES(192,'SVALBARD AND JAN MAYEN','SJ','SJM','Svalbard and Jan Mayen',744);
INSERT INTO "spree_countries" VALUES(193,'SWAZILAND','SZ','SWZ','Swaziland',748);
INSERT INTO "spree_countries" VALUES(194,'SWEDEN','SE','SWE','Sweden',752);
INSERT INTO "spree_countries" VALUES(195,'SWITZERLAND','CH','CHE','Switzerland',756);
INSERT INTO "spree_countries" VALUES(196,'SYRIAN ARAB REPUBLIC','SY','SYR','Syrian Arab Republic',760);
INSERT INTO "spree_countries" VALUES(197,'TAIWAN, PROVINCE OF CHINA','TW','TWN','Taiwan',158);
INSERT INTO "spree_countries" VALUES(198,'TAJIKISTAN','TJ','TJK','Tajikistan',762);
INSERT INTO "spree_countries" VALUES(199,'TANZANIA, UNITED REPUBLIC OF','TZ','TZA','Tanzania, United Republic of',834);
INSERT INTO "spree_countries" VALUES(200,'THAILAND','TH','THA','Thailand',764);
INSERT INTO "spree_countries" VALUES(201,'TOGO','TG','TGO','Togo',768);
INSERT INTO "spree_countries" VALUES(202,'TOKELAU','TK','TKL','Tokelau',772);
INSERT INTO "spree_countries" VALUES(203,'TONGA','TO','TON','Tonga',776);
INSERT INTO "spree_countries" VALUES(204,'TRINIDAD AND TOBAGO','TT','TTO','Trinidad and Tobago',780);
INSERT INTO "spree_countries" VALUES(205,'TUNISIA','TN','TUN','Tunisia',788);
INSERT INTO "spree_countries" VALUES(206,'TURKEY','TR','TUR','Turkey',792);
INSERT INTO "spree_countries" VALUES(207,'TURKMENISTAN','TM','TKM','Turkmenistan',795);
INSERT INTO "spree_countries" VALUES(208,'TURKS AND CAICOS ISLANDS','TC','TCA','Turks and Caicos Islands',796);
INSERT INTO "spree_countries" VALUES(209,'TUVALU','TV','TUV','Tuvalu',798);
INSERT INTO "spree_countries" VALUES(210,'UGANDA','UG','UGA','Uganda',800);
INSERT INTO "spree_countries" VALUES(211,'UKRAINE','UA','UKR','Ukraine',804);
INSERT INTO "spree_countries" VALUES(212,'UNITED ARAB EMIRATES','AE','ARE','United Arab Emirates',784);
INSERT INTO "spree_countries" VALUES(213,'UNITED KINGDOM','GB','GBR','United Kingdom',826);
INSERT INTO "spree_countries" VALUES(214,'UNITED STATES','US','USA','United States',840);
INSERT INTO "spree_countries" VALUES(215,'URUGUAY','UY','URY','Uruguay',858);
INSERT INTO "spree_countries" VALUES(216,'UZBEKISTAN','UZ','UZB','Uzbekistan',860);
INSERT INTO "spree_countries" VALUES(217,'VANUATU','VU','VUT','Vanuatu',548);
INSERT INTO "spree_countries" VALUES(218,'VENEZUELA','VE','VEN','Venezuela',862);
INSERT INTO "spree_countries" VALUES(219,'VIET NAM','VN','VNM','Viet Nam',704);
INSERT INTO "spree_countries" VALUES(220,'VIRGIN ISLANDS, BRITISH','VG','VGB','Virgin Islands, British',92);
INSERT INTO "spree_countries" VALUES(221,'VIRGIN ISLANDS, U.S.','VI','VIR','Virgin Islands, U.S.',850);
INSERT INTO "spree_countries" VALUES(222,'WALLIS AND FUTUNA','WF','WLF','Wallis and Futuna',876);
INSERT INTO "spree_countries" VALUES(223,'WESTERN SAHARA','EH','ESH','Western Sahara',732);
INSERT INTO "spree_countries" VALUES(224,'YEMEN','YE','YEM','Yemen',887);
INSERT INTO "spree_countries" VALUES(225,'ZAMBIA','ZM','ZMB','Zambia',894);
INSERT INTO "spree_countries" VALUES(226,'ZIMBABWE','ZW','ZWE','Zimbabwe',716);
CREATE TABLE "spree_inventory_units" ("id" INTEGER PRIMARY KEY AUTOINCREMENT NOT NULL, "lock_version" integer DEFAULT 0, "state" varchar(255), "variant_id" integer, "order_id" integer, "created_at" datetime NOT NULL, "updated_at" datetime NOT NULL, "shipment_id" integer, "return_authorization_id" integer);
INSERT INTO "spree_inventory_units" VALUES(1,0,'sold',215054540,146573512,'2012-08-06 13:37:42.323339','2012-08-06 13:37:42.323339',1053020929,NULL);
INSERT INTO "spree_inventory_units" VALUES(2,0,'sold',215054540,145680447,'2012-08-06 13:37:42.425509','2012-08-06 13:37:42.425509',1053930492,NULL);
INSERT INTO "spree_inventory_units" VALUES(3,0,'sold',215054540,145680447,'2012-08-06 13:37:42.527007','2012-08-06 13:37:42.527007',1053930492,NULL);
INSERT INTO "spree_inventory_units" VALUES(4,0,'sold',215054540,145680447,'2012-08-06 13:37:42.626846','2012-08-06 13:37:42.626846',1053930492,NULL);
INSERT INTO "spree_inventory_units" VALUES(5,0,'sold',215054540,145680447,'2012-08-06 13:37:42.726702','2012-08-06 13:37:42.726702',1053930492,NULL);
INSERT INTO "spree_inventory_units" VALUES(6,0,'sold',52862384,780983247,'2012-08-06 13:37:42.821811','2012-08-06 13:37:42.821811',418611208,NULL);
INSERT INTO "spree_inventory_units" VALUES(7,0,'sold',52862384,780983247,'2012-08-06 13:37:42.926931','2012-08-06 13:37:42.926931',418611208,NULL);
INSERT INTO "spree_inventory_units" VALUES(8,0,'sold',52862384,780983247,'2012-08-06 13:37:43.027184','2012-08-06 13:37:43.027184',418611208,NULL);
INSERT INTO "spree_inventory_units" VALUES(9,0,'sold',52862384,780983247,'2012-08-06 13:37:43.127171','2012-08-06 13:37:43.127171',418611208,NULL);
INSERT INTO "spree_inventory_units" VALUES(10,0,'sold',52862384,780983247,'2012-08-06 13:37:43.227252','2012-08-06 13:37:43.227252',418611208,NULL);
INSERT INTO "spree_inventory_units" VALUES(11,0,'sold',52862384,780983247,'2012-08-06 13:37:43.327213','2012-08-06 13:37:43.327213',418611208,NULL);
INSERT INTO "spree_inventory_units" VALUES(12,0,'sold',52862384,780983247,'2012-08-06 13:37:43.427222','2012-08-06 13:37:43.427222',418611208,NULL);
INSERT INTO "spree_inventory_units" VALUES(13,0,'sold',52862384,780983247,'2012-08-06 13:37:43.527229','2012-08-06 13:37:43.527229',418611208,NULL);
INSERT INTO "spree_inventory_units" VALUES(14,0,'sold',215054540,73849921,'2012-08-06 13:37:43.638091','2012-08-06 13:37:43.638091',35341291,NULL);
INSERT INTO "spree_inventory_units" VALUES(15,0,'sold',215054540,73849921,'2012-08-06 13:37:43.744276','2012-08-06 13:37:43.744276',35341291,NULL);
INSERT INTO "spree_inventory_units" VALUES(16,0,'sold',215054540,183664179,'2012-08-06 13:37:43.860070','2012-08-06 13:37:43.860070',1015883258,NULL);
INSERT INTO "spree_inventory_units" VALUES(17,0,'sold',215054540,183664179,'2012-08-06 13:37:43.969740','2012-08-06 13:37:43.969740',1015883258,NULL);
INSERT INTO "spree_inventory_units" VALUES(18,0,'sold',405540681,183664179,'2012-08-06 13:37:44.076045','2012-08-06 13:37:44.076045',1015883258,NULL);
INSERT INTO "spree_inventory_units" VALUES(19,0,'sold',215054540,192544832,'2012-08-06 13:37:44.183886','2012-08-06 13:37:44.183886',1023761401,NULL);
INSERT INTO "spree_inventory_units" VALUES(20,0,'sold',215054540,192544832,'2012-08-06 13:37:44.277692','2012-08-06 13:37:44.277692',1023761401,NULL);
INSERT INTO "spree_inventory_units" VALUES(21,0,'sold',52862384,790021435,'2012-08-06 13:37:44.381539','2012-08-06 13:37:44.381539',426352382,NULL);
INSERT INTO "spree_inventory_units" VALUES(22,0,'sold',52862384,790021435,'2012-08-06 13:37:44.477635','2012-08-06 13:37:44.477635',426352382,NULL);
INSERT INTO "spree_inventory_units" VALUES(23,0,'sold',52862384,790021435,'2012-08-06 13:37:44.577969','2012-08-06 13:37:44.577969',426352382,NULL);
INSERT INTO "spree_inventory_units" VALUES(24,0,'sold',52862384,790021435,'2012-08-06 13:37:44.677208','2012-08-06 13:37:44.677208',426352382,NULL);
INSERT INTO "spree_inventory_units" VALUES(25,0,'sold',52862384,790021435,'2012-08-06 13:37:44.777632','2012-08-06 13:37:44.777632',426352382,NULL);
INSERT INTO "spree_inventory_units" VALUES(26,0,'sold',52862384,790021435,'2012-08-06 13:37:44.885850','2012-08-06 13:37:44.885850',426352382,NULL);
INSERT INTO "spree_inventory_units" VALUES(27,0,'sold',405540681,228571690,'2012-08-06 13:37:45.000509','2012-08-06 13:37:45.000509',1004593649,NULL);
INSERT INTO "spree_inventory_units" VALUES(28,0,'sold',215054540,216145139,'2012-08-06 13:37:45.113604','2012-08-06 13:37:45.113604',983385912,NULL);
INSERT INTO "spree_inventory_units" VALUES(29,0,'sold',215054540,216145139,'2012-08-06 13:37:45.218710','2012-08-06 13:37:45.218710',983385912,NULL);
INSERT INTO "spree_inventory_units" VALUES(30,0,'sold',52862384,702619608,'2012-08-06 13:37:45.329898','2012-08-06 13:37:45.329898',530465809,NULL);
INSERT INTO "spree_inventory_units" VALUES(31,0,'sold',52862384,702619608,'2012-08-06 13:37:45.427039','2012-08-06 13:37:45.427039',530465809,NULL);
INSERT INTO "spree_inventory_units" VALUES(32,0,'sold',52862384,702619608,'2012-08-06 13:37:45.527069','2012-08-06 13:37:45.527069',530465809,NULL);
INSERT INTO "spree_inventory_units" VALUES(33,0,'sold',215054540,228571690,'2012-08-06 13:37:45.629867','2012-08-06 13:37:45.629867',1004593649,NULL);
INSERT INTO "spree_inventory_units" VALUES(34,0,'sold',215054540,228571690,'2012-08-06 13:37:45.726777','2012-08-06 13:37:45.726777',1004593649,NULL);
INSERT INTO "spree_inventory_units" VALUES(35,0,'sold',215054540,228571690,'2012-08-06 13:37:45.827091','2012-08-06 13:37:45.827091',1004593649,NULL);
INSERT INTO "spree_inventory_units" VALUES(36,0,'sold',215054540,228571690,'2012-08-06 13:37:45.927102','2012-08-06 13:37:45.927102',1004593649,NULL);
INSERT INTO "spree_inventory_units" VALUES(37,0,'sold',215054540,239817259,'2012-08-06 13:37:46.033767','2012-08-06 13:37:46.033767',942934510,NULL);
INSERT INTO "spree_inventory_units" VALUES(38,0,'sold',215054540,239817259,'2012-08-06 13:37:46.165816','2012-08-06 13:37:46.165816',942934510,NULL);
INSERT INTO "spree_inventory_units" VALUES(39,0,'sold',599112055,906884218,'2012-08-06 13:37:46.260217','2012-08-06 13:37:46.260217',7516093,NULL);
INSERT INTO "spree_inventory_units" VALUES(40,0,'sold',215054540,265374943,'2012-08-06 13:37:46.367180','2012-08-06 13:37:46.367180',967710488,NULL);
INSERT INTO "spree_inventory_units" VALUES(41,0,'sold',215054540,265374943,'2012-08-06 13:37:46.477786','2012-08-06 13:37:46.477786',967710488,NULL);
INSERT INTO "spree_inventory_units" VALUES(42,0,'sold',215054540,265374943,'2012-08-06 13:37:46.577627','2012-08-06 13:37:46.577627',967710488,NULL);
INSERT INTO "spree_inventory_units" VALUES(43,0,'sold',215054540,265374943,'2012-08-06 13:37:46.677418','2012-08-06 13:37:46.677418',967710488,NULL);
INSERT INTO "spree_inventory_units" VALUES(44,0,'sold',215054540,264449064,'2012-08-06 13:37:46.781571','2012-08-06 13:37:46.781571',968652773,NULL);
INSERT INTO "spree_inventory_units" VALUES(45,0,'sold',215054540,264449064,'2012-08-06 13:37:46.877591','2012-08-06 13:37:46.877591',968652773,NULL);
INSERT INTO "spree_inventory_units" VALUES(46,0,'sold',504220342,330565047,'2012-08-06 13:37:46.984240','2012-08-06 13:37:46.984240',365533797,NULL);
INSERT INTO "spree_inventory_units" VALUES(47,0,'sold',504220342,330565047,'2012-08-06 13:37:47.077507','2012-08-06 13:37:47.077507',365533797,NULL);
INSERT INTO "spree_inventory_units" VALUES(48,0,'sold',504220342,335228811,'2012-08-06 13:37:47.184176','2012-08-06 13:37:47.184176',629437518,NULL);
INSERT INTO "spree_inventory_units" VALUES(49,0,'sold',504220342,335228811,'2012-08-06 13:37:47.286065','2012-08-06 13:37:47.286065',629437518,NULL);
INSERT INTO "spree_inventory_units" VALUES(50,0,'sold',215054540,9493021,'2012-08-06 13:37:47.400932','2012-08-06 13:37:47.400932',921666016,NULL);
INSERT INTO "spree_inventory_units" VALUES(51,0,'sold',215054540,9493021,'2012-08-06 13:37:47.510768','2012-08-06 13:37:47.510768',921666016,NULL);
INSERT INTO "spree_inventory_units" VALUES(52,0,'sold',215054540,9493021,'2012-08-06 13:37:47.618960','2012-08-06 13:37:47.618960',921666016,NULL);
INSERT INTO "spree_inventory_units" VALUES(53,0,'sold',215054540,8567520,'2012-08-06 13:37:47.729924','2012-08-06 13:37:47.729924',922607911,NULL);
INSERT INTO "spree_inventory_units" VALUES(54,0,'sold',215054540,17482993,'2012-08-06 13:37:47.838016','2012-08-06 13:37:47.838016',930455338,NULL);
INSERT INTO "spree_inventory_units" VALUES(55,0,'sold',599112055,953580620,'2012-08-06 13:37:47.999934','2012-08-06 13:37:47.999934',245966735,NULL);
INSERT INTO "spree_inventory_units" VALUES(56,0,'sold',599112055,953580620,'2012-08-06 13:37:48.135591','2012-08-06 13:37:48.135591',245966735,NULL);
INSERT INTO "spree_inventory_units" VALUES(57,0,'sold',52862384,648055060,'2012-08-06 13:37:48.242497','2012-08-06 13:37:48.242497',283103959,NULL);
INSERT INTO "spree_inventory_units" VALUES(58,0,'sold',52862384,648055060,'2012-08-06 13:37:48.335399','2012-08-06 13:37:48.335399',283103959,NULL);
INSERT INTO "spree_inventory_units" VALUES(59,0,'sold',52862384,648055060,'2012-08-06 13:37:48.427362','2012-08-06 13:37:48.427362',283103959,NULL);
INSERT INTO "spree_inventory_units" VALUES(60,0,'sold',52862384,648055060,'2012-08-06 13:37:48.527030','2012-08-06 13:37:48.527030',283103959,NULL);
INSERT INTO "spree_inventory_units" VALUES(61,0,'sold',52862384,648055060,'2012-08-06 13:37:48.619213','2012-08-06 13:37:48.619213',283103959,NULL);
INSERT INTO "spree_inventory_units" VALUES(62,0,'sold',52862384,648055060,'2012-08-06 13:37:48.719095','2012-08-06 13:37:48.719095',283103959,NULL);
INSERT INTO "spree_inventory_units" VALUES(63,0,'sold',52862384,648055060,'2012-08-06 13:37:48.810967','2012-08-06 13:37:48.810967',283103959,NULL);
INSERT INTO "spree_inventory_units" VALUES(64,0,'sold',215054540,37328065,'2012-08-06 13:37:48.916727','2012-08-06 13:37:48.916727',877055750,NULL);
INSERT INTO "spree_inventory_units" VALUES(65,0,'sold',215054540,37328065,'2012-08-06 13:37:49.010941','2012-08-06 13:37:49.010941',877055750,NULL);
INSERT INTO "spree_inventory_units" VALUES(66,0,'sold',215054540,37328065,'2012-08-06 13:37:49.110522','2012-08-06 13:37:49.110522',877055750,NULL);
INSERT INTO "spree_inventory_units" VALUES(67,0,'sold',215054540,37328065,'2012-08-06 13:37:49.211001','2012-08-06 13:37:49.211001',877055750,NULL);
INSERT INTO "spree_inventory_units" VALUES(68,0,'sold',215054540,36435006,'2012-08-06 13:37:49.313933','2012-08-06 13:37:49.313933',877965311,NULL);
INSERT INTO "spree_inventory_units" VALUES(69,0,'sold',215054540,36435006,'2012-08-06 13:37:49.411011','2012-08-06 13:37:49.411011',877965311,NULL);
INSERT INTO "spree_inventory_units" VALUES(70,0,'sold',215054540,48114926,'2012-08-06 13:37:49.505846','2012-08-06 13:37:49.505846',882997035,NULL);
INSERT INTO "spree_inventory_units" VALUES(71,0,'sold',215054540,46943257,'2012-08-06 13:37:49.614009','2012-08-06 13:37:49.614009',884152274,NULL);
INSERT INTO "spree_inventory_units" VALUES(72,0,'sold',215054540,46943257,'2012-08-06 13:37:49.710932','2012-08-06 13:37:49.710932',884152274,NULL);
INSERT INTO "spree_inventory_units" VALUES(73,0,'sold',215054540,231772182,'2012-08-06 13:37:49.816764','2012-08-06 13:37:49.816764',195891138,NULL);
INSERT INTO "spree_inventory_units" VALUES(74,0,'sold',215054540,231772182,'2012-08-06 13:37:49.911322','2012-08-06 13:37:49.911322',195891138,NULL);
INSERT INTO "spree_inventory_units" VALUES(75,0,'sold',599112055,983075517,'2012-08-06 13:37:50.018169','2012-08-06 13:37:50.018169',216519034,NULL);
INSERT INTO "spree_inventory_units" VALUES(76,0,'sold',599112055,1039486630,'2012-08-06 13:37:50.127004','2012-08-06 13:37:50.127004',193598819,NULL);
INSERT INTO "spree_inventory_units" VALUES(77,0,'sold',599112055,1039486630,'2012-08-06 13:37:50.236652','2012-08-06 13:37:50.236652',193598819,NULL);
INSERT INTO "spree_inventory_units" VALUES(78,0,'sold',599112055,1039486630,'2012-08-06 13:37:50.344299','2012-08-06 13:37:50.344299',193598819,NULL);
INSERT INTO "spree_inventory_units" VALUES(79,0,'sold',52862384,542594049,'2012-08-06 13:37:50.460656','2012-08-06 13:37:50.460656',371722298,NULL);
INSERT INTO "spree_inventory_units" VALUES(80,0,'sold',52862384,542594049,'2012-08-06 13:37:50.570294','2012-08-06 13:37:50.570294',371722298,NULL);
INSERT INTO "spree_inventory_units" VALUES(81,0,'sold',215054540,89411802,'2012-08-06 13:37:50.681771','2012-08-06 13:37:50.681771',858458911,NULL);
INSERT INTO "spree_inventory_units" VALUES(82,0,'sold',215054540,89411802,'2012-08-06 13:37:50.778046','2012-08-06 13:37:50.778046',858458911,NULL);
INSERT INTO "spree_inventory_units" VALUES(83,0,'sold',215054540,88485925,'2012-08-06 13:37:50.884449','2012-08-06 13:37:50.884449',859401190,NULL);
INSERT INTO "spree_inventory_units" VALUES(84,0,'sold',215054540,88485925,'2012-08-06 13:37:50.978559','2012-08-06 13:37:50.978559',859401190,NULL);
INSERT INTO "spree_inventory_units" VALUES(85,0,'sold',215054540,88485925,'2012-08-06 13:37:51.078517','2012-08-06 13:37:51.078517',859401190,NULL);
INSERT INTO "spree_inventory_units" VALUES(86,0,'sold',52862384,567102733,'2012-08-06 13:37:51.217993','2012-08-06 13:37:51.217993',397547216,NULL);
INSERT INTO "spree_inventory_units" VALUES(87,0,'sold',52862384,567102733,'2012-08-06 13:37:51.320694','2012-08-06 13:37:51.320694',397547216,NULL);
INSERT INTO "spree_inventory_units" VALUES(88,0,'sold',52862384,567102733,'2012-08-06 13:37:51.428391','2012-08-06 13:37:51.428391',397547216,NULL);
INSERT INTO "spree_inventory_units" VALUES(89,0,'sold',52862384,567102733,'2012-08-06 13:37:51.537054','2012-08-06 13:37:51.537054',397547216,NULL);
INSERT INTO "spree_inventory_units" VALUES(90,0,'sold',52862384,567102733,'2012-08-06 13:37:51.644550','2012-08-06 13:37:51.644550',397547216,NULL);
INSERT INTO "spree_inventory_units" VALUES(91,0,'sold',52862384,567102733,'2012-08-06 13:37:51.753549','2012-08-06 13:37:51.753549',397547216,NULL);
INSERT INTO "spree_inventory_units" VALUES(92,0,'sold',52862384,567102733,'2012-08-06 13:37:51.861838','2012-08-06 13:37:51.861838',397547216,NULL);
INSERT INTO "spree_inventory_units" VALUES(93,0,'sold',52862384,567102733,'2012-08-06 13:37:51.970051','2012-08-06 13:37:51.970051',397547216,NULL);
INSERT INTO "spree_inventory_units" VALUES(94,0,'sold',52862384,567102733,'2012-08-06 13:37:52.093513','2012-08-06 13:37:52.093513',397547216,NULL);
INSERT INTO "spree_inventory_units" VALUES(95,0,'sold',215054540,95676661,'2012-08-06 13:37:52.181810','2012-08-06 13:37:52.181810',869053234,NULL);
INSERT INTO "spree_inventory_units" VALUES(96,0,'sold',215054540,95676661,'2012-08-06 13:37:52.277402','2012-08-06 13:37:52.277402',869053234,NULL);
INSERT INTO "spree_inventory_units" VALUES(97,0,'sold',215054540,94472210,'2012-08-06 13:37:52.384233','2012-08-06 13:37:52.384233',870241227,NULL);
INSERT INTO "spree_inventory_units" VALUES(98,0,'sold',215054540,94472210,'2012-08-06 13:37:52.486065','2012-08-06 13:37:52.486065',870241227,NULL);
INSERT INTO "spree_inventory_units" VALUES(99,0,'sold',599112055,1069267029,'2012-08-06 13:37:52.589373','2012-08-06 13:37:52.589373',163898264,NULL);
INSERT INTO "spree_inventory_units" VALUES(100,0,'sold',215054540,134028804,'2012-08-06 13:37:52.697715','2012-08-06 13:37:52.697715',830621127,NULL);
INSERT INTO "spree_inventory_units" VALUES(101,0,'sold',215054540,134028804,'2012-08-06 13:37:52.802480','2012-08-06 13:37:52.802480',830621127,NULL);
INSERT INTO "spree_inventory_units" VALUES(102,0,'sold',215054540,134028804,'2012-08-06 13:37:52.910712','2012-08-06 13:37:52.910712',830621127,NULL);
INSERT INTO "spree_inventory_units" VALUES(103,0,'sold',215054540,134028804,'2012-08-06 13:37:53.018938','2012-08-06 13:37:53.018938',830621127,NULL);
INSERT INTO "spree_inventory_units" VALUES(104,0,'sold',215054540,133136121,'2012-08-06 13:37:53.129959','2012-08-06 13:37:53.129959',831530304,NULL);
INSERT INTO "spree_inventory_units" VALUES(105,0,'sold',215054540,133136121,'2012-08-06 13:37:53.227179','2012-08-06 13:37:53.227179',831530304,NULL);
INSERT INTO "spree_inventory_units" VALUES(106,0,'sold',215054540,133136121,'2012-08-06 13:37:53.327216','2012-08-06 13:37:53.327216',831530304,NULL);
INSERT INTO "spree_inventory_units" VALUES(107,0,'sold',215054540,133136121,'2012-08-06 13:37:53.427182','2012-08-06 13:37:53.427182',831530304,NULL);
INSERT INTO "spree_inventory_units" VALUES(108,0,'sold',504220342,349815214,'2012-08-06 13:37:53.534024','2012-08-06 13:37:53.534024',312761982,NULL);
INSERT INTO "spree_inventory_units" VALUES(109,0,'sold',215054540,403830194,'2012-08-06 13:37:53.642032','2012-08-06 13:37:53.642032',779005547,NULL);
INSERT INTO "spree_inventory_units" VALUES(110,0,'sold',215054540,403830194,'2012-08-06 13:37:53.765301','2012-08-06 13:37:53.765301',779005547,NULL);
INSERT INTO "spree_inventory_units" VALUES(111,0,'sold',599112055,567102733,'2012-08-06 13:37:53.876991','2012-08-06 13:37:53.876991',397547216,NULL);
INSERT INTO "spree_inventory_units" VALUES(112,0,'sold',599112055,567102733,'2012-08-06 13:37:53.977929','2012-08-06 13:37:53.977929',397547216,NULL);
INSERT INTO "spree_inventory_units" VALUES(113,0,'sold',599112055,567102733,'2012-08-06 13:37:54.085295','2012-08-06 13:37:54.085295',397547216,NULL);
INSERT INTO "spree_inventory_units" VALUES(114,0,'sold',599112055,568274416,'2012-08-06 13:37:54.197711','2012-08-06 13:37:54.197711',396391991,NULL);
INSERT INTO "spree_inventory_units" VALUES(115,0,'sold',215054540,429493153,'2012-08-06 13:37:54.305720','2012-08-06 13:37:54.305720',803655784,NULL);
INSERT INTO "spree_inventory_units" VALUES(116,0,'sold',215054540,429493153,'2012-08-06 13:37:54.410867','2012-08-06 13:37:54.410867',803655784,NULL);
INSERT INTO "spree_inventory_units" VALUES(117,0,'sold',215054540,429493153,'2012-08-06 13:37:54.510804','2012-08-06 13:37:54.510804',803655784,NULL);
INSERT INTO "spree_inventory_units" VALUES(118,0,'sold',215054540,428600156,'2012-08-06 13:37:54.616533','2012-08-06 13:37:54.616533',804565151,NULL);
INSERT INTO "spree_inventory_units" VALUES(119,0,'sold',215054540,349815214,'2012-08-06 13:37:54.713882','2012-08-06 13:37:54.713882',312761982,NULL);
INSERT INTO "spree_inventory_units" VALUES(120,0,'sold',599112055,596761353,'2012-08-06 13:37:54.817187','2012-08-06 13:37:54.817187',367952066,NULL);
INSERT INTO "spree_inventory_units" VALUES(121,0,'sold',52862384,1068095656,'2012-08-06 13:37:54.916481','2012-08-06 13:37:54.916481',165053295,NULL);
INSERT INTO "spree_inventory_units" VALUES(122,0,'sold',215054540,456181117,'2012-08-06 13:37:55.013104','2012-08-06 13:37:55.013104',760192702,NULL);
INSERT INTO "spree_inventory_units" VALUES(123,0,'sold',215054540,456181117,'2012-08-06 13:37:55.162383','2012-08-06 13:37:55.162383',760192702,NULL);
INSERT INTO "spree_inventory_units" VALUES(124,0,'sold',215054540,455255426,'2012-08-06 13:37:55.265453','2012-08-06 13:37:55.265453',761134663,NULL);
INSERT INTO "spree_inventory_units" VALUES(125,0,'sold',215054540,455255426,'2012-08-06 13:37:55.369767','2012-08-06 13:37:55.369767',761134663,NULL);
INSERT INTO "spree_inventory_units" VALUES(126,0,'sold',215054540,455255426,'2012-08-06 13:37:55.477645','2012-08-06 13:37:55.477645',761134663,NULL);
INSERT INTO "spree_inventory_units" VALUES(127,0,'sold',215054540,455255426,'2012-08-06 13:37:55.585883','2012-08-06 13:37:55.585883',761134663,NULL);
INSERT INTO "spree_inventory_units" VALUES(128,0,'sold',215054540,467107162,'2012-08-06 13:37:55.697765','2012-08-06 13:37:55.697765',765994643,NULL);
INSERT INTO "spree_inventory_units" VALUES(129,0,'sold',215054540,467107162,'2012-08-06 13:37:55.794478','2012-08-06 13:37:55.794478',765994643,NULL);
INSERT INTO "spree_inventory_units" VALUES(130,0,'sold',215054540,465903021,'2012-08-06 13:37:55.900272','2012-08-06 13:37:55.900272',767182442,NULL);
INSERT INTO "spree_inventory_units" VALUES(131,0,'sold',215054540,465903021,'2012-08-06 13:37:55.994208','2012-08-06 13:37:55.994208',767182442,NULL);
INSERT INTO "spree_inventory_units" VALUES(132,0,'sold',215054540,465903021,'2012-08-06 13:37:56.085462','2012-08-06 13:37:56.085462',767182442,NULL);
INSERT INTO "spree_inventory_units" VALUES(133,0,'sold',215054540,465903021,'2012-08-06 13:37:56.177762','2012-08-06 13:37:56.177762',767182442,NULL);
INSERT INTO "spree_inventory_units" VALUES(134,0,'sold',215054540,475857254,'2012-08-06 13:37:56.284338','2012-08-06 13:37:56.284338',706894503,NULL);
INSERT INTO "spree_inventory_units" VALUES(135,0,'sold',215054540,474964377,'2012-08-06 13:37:56.381634','2012-08-06 13:37:56.381634',707803742,NULL);
INSERT INTO "spree_inventory_units" VALUES(136,0,'sold',52862384,952376497,'2012-08-06 13:37:56.489655','2012-08-06 13:37:56.489655',247154552,NULL);
INSERT INTO "spree_inventory_units" VALUES(137,0,'sold',405540681,488679357,'2012-08-06 13:37:56.597719','2012-08-06 13:37:56.597719',727710848,NULL);
INSERT INTO "spree_inventory_units" VALUES(138,0,'sold',405540681,488679357,'2012-08-06 13:37:56.703628','2012-08-06 13:37:56.703628',727710848,NULL);
INSERT INTO "spree_inventory_units" VALUES(139,0,'sold',405540681,488679357,'2012-08-06 13:37:56.812829','2012-08-06 13:37:56.812829',727710848,NULL);
INSERT INTO "spree_inventory_units" VALUES(140,0,'sold',215054540,481999185,'2012-08-06 13:37:57.025837','2012-08-06 13:37:57.025837',717611658,NULL);
INSERT INTO "spree_inventory_units" VALUES(141,0,'sold',215054540,480827830,'2012-08-06 13:37:57.144504','2012-08-06 13:37:57.144504',718766707,NULL);
INSERT INTO "spree_inventory_units" VALUES(142,0,'sold',215054540,480827830,'2012-08-06 13:37:57.254312','2012-08-06 13:37:57.254312',718766707,NULL);
INSERT INTO "spree_inventory_units" VALUES(143,0,'sold',215054540,330565047,'2012-08-06 13:37:57.365745','2012-08-06 13:37:57.365745',365533797,NULL);
INSERT INTO "spree_inventory_units" VALUES(144,0,'sold',215054540,330565047,'2012-08-06 13:37:57.462198','2012-08-06 13:37:57.462198',365533797,NULL);
INSERT INTO "spree_inventory_units" VALUES(145,0,'sold',215054540,488679357,'2012-08-06 13:37:57.568441','2012-08-06 13:37:57.568441',727710848,NULL);
INSERT INTO "spree_inventory_units" VALUES(146,0,'sold',215054540,488679357,'2012-08-06 13:37:57.662581','2012-08-06 13:37:57.662581',727710848,NULL);
INSERT INTO "spree_inventory_units" VALUES(147,0,'sold',215054540,488679357,'2012-08-06 13:37:57.762268','2012-08-06 13:37:57.762268',727710848,NULL);
INSERT INTO "spree_inventory_units" VALUES(148,0,'sold',215054540,488679357,'2012-08-06 13:37:57.862636','2012-08-06 13:37:57.862636',727710848,NULL);
INSERT INTO "spree_inventory_units" VALUES(149,0,'sold',215054540,539762571,'2012-08-06 13:37:57.965735','2012-08-06 13:37:57.965735',1020487291,NULL);
INSERT INTO "spree_inventory_units" VALUES(150,0,'sold',599112055,620502818,'2012-08-06 13:37:58.068515','2012-08-06 13:37:58.068515',310592731,NULL);
INSERT INTO "spree_inventory_units" VALUES(151,0,'sold',599112055,620502818,'2012-08-06 13:37:58.178738','2012-08-06 13:37:58.178738',310592731,NULL);
INSERT INTO "spree_inventory_units" VALUES(152,0,'sold',599112055,620502818,'2012-08-06 13:37:58.286392','2012-08-06 13:37:58.286392',310592731,NULL);
INSERT INTO "spree_inventory_units" VALUES(153,0,'sold',215054540,519327672,'2012-08-06 13:37:58.397705','2012-08-06 13:37:58.397705',680203391,NULL);
INSERT INTO "spree_inventory_units" VALUES(154,0,'sold',215054540,519327672,'2012-08-06 13:37:58.502892','2012-08-06 13:37:58.502892',680203391,NULL);
INSERT INTO "spree_inventory_units" VALUES(155,0,'sold',215054540,519327672,'2012-08-06 13:37:58.611135','2012-08-06 13:37:58.611135',680203391,NULL);
INSERT INTO "spree_inventory_units" VALUES(156,0,'sold',215054540,518401861,'2012-08-06 13:37:58.721979','2012-08-06 13:37:58.721979',681145480,NULL);
INSERT INTO "spree_inventory_units" VALUES(157,0,'sold',215054540,518401861,'2012-08-06 13:37:58.819382','2012-08-06 13:37:58.819382',681145480,NULL);
INSERT INTO "spree_inventory_units" VALUES(158,0,'sold',215054540,518401861,'2012-08-06 13:37:58.953602','2012-08-06 13:37:58.953602',681145480,NULL);
INSERT INTO "spree_inventory_units" VALUES(159,0,'sold',215054540,518401861,'2012-08-06 13:37:59.044651','2012-08-06 13:37:59.044651',681145480,NULL);
INSERT INTO "spree_inventory_units" VALUES(160,0,'sold',504220342,231772182,'2012-08-06 13:37:59.152134','2012-08-06 13:37:59.152134',195891138,NULL);
INSERT INTO "spree_inventory_units" VALUES(161,0,'sold',504220342,231772182,'2012-08-06 13:37:59.252980','2012-08-06 13:37:59.252980',195891138,NULL);
INSERT INTO "spree_inventory_units" VALUES(162,0,'sold',599112055,649259497,'2012-08-06 13:37:59.357447','2012-08-06 13:37:59.357447',281915952,NULL);
INSERT INTO "spree_inventory_units" VALUES(163,0,'sold',599112055,649259497,'2012-08-06 13:37:59.462316','2012-08-06 13:37:59.462316',281915952,NULL);
INSERT INTO "spree_inventory_units" VALUES(164,0,'sold',215054540,297130368,'2012-08-06 13:37:59.573374','2012-08-06 13:37:59.573374',667583165,NULL);
INSERT INTO "spree_inventory_units" VALUES(165,0,'sold',215054540,297130368,'2012-08-06 13:37:59.678301','2012-08-06 13:37:59.678301',667583165,NULL);
INSERT INTO "spree_inventory_units" VALUES(166,0,'sold',215054540,297130368,'2012-08-06 13:37:59.786513','2012-08-06 13:37:59.786513',667583165,NULL);
INSERT INTO "spree_inventory_units" VALUES(167,0,'sold',215054540,297130368,'2012-08-06 13:37:59.894774','2012-08-06 13:37:59.894774',667583165,NULL);
INSERT INTO "spree_inventory_units" VALUES(168,0,'sold',215054540,296204679,'2012-08-06 13:38:00.005914','2012-08-06 13:38:00.005914',668525120,NULL);
INSERT INTO "spree_inventory_units" VALUES(169,0,'sold',405540681,335228811,'2012-08-06 13:38:00.109636','2012-08-06 13:38:00.109636',629437518,NULL);
INSERT INTO "spree_inventory_units" VALUES(170,0,'sold',405540681,335228811,'2012-08-06 13:38:00.211308','2012-08-06 13:38:00.211308',629437518,NULL);
INSERT INTO "spree_inventory_units" VALUES(171,0,'sold',215054540,308359551,'2012-08-06 13:38:00.317861','2012-08-06 13:38:00.317861',605973176,NULL);
INSERT INTO "spree_inventory_units" VALUES(172,0,'sold',215054540,308359551,'2012-08-06 13:38:00.419463','2012-08-06 13:38:00.419463',605973176,NULL);
INSERT INTO "spree_inventory_units" VALUES(173,0,'sold',215054540,308359551,'2012-08-06 13:38:00.521192','2012-08-06 13:38:00.521192',605973176,NULL);
INSERT INTO "spree_inventory_units" VALUES(174,0,'sold',52862384,932702864,'2012-08-06 13:38:00.626279','2012-08-06 13:38:00.626279',32026953,NULL);
INSERT INTO "spree_inventory_units" VALUES(175,0,'sold',52862384,932702864,'2012-08-06 13:38:00.720526','2012-08-06 13:38:00.720526',32026953,NULL);
INSERT INTO "spree_inventory_units" VALUES(176,0,'sold',52862384,932702864,'2012-08-06 13:38:00.828681','2012-08-06 13:38:00.828681',32026953,NULL);
INSERT INTO "spree_inventory_units" VALUES(177,0,'sold',52862384,932702864,'2012-08-06 13:38:00.936602','2012-08-06 13:38:00.936602',32026953,NULL);
INSERT INTO "spree_inventory_units" VALUES(178,0,'sold',52862384,932702864,'2012-08-06 13:38:01.046026','2012-08-06 13:38:01.046026',32026953,NULL);
INSERT INTO "spree_inventory_units" VALUES(179,0,'sold',52862384,932702864,'2012-08-06 13:38:01.153689','2012-08-06 13:38:01.153689',32026953,NULL);
INSERT INTO "spree_inventory_units" VALUES(180,0,'sold',52862384,932702864,'2012-08-06 13:38:01.262521','2012-08-06 13:38:01.262521',32026953,NULL);
INSERT INTO "spree_inventory_units" VALUES(181,0,'sold',52862384,932702864,'2012-08-06 13:38:01.371091','2012-08-06 13:38:01.371091',32026953,NULL);
INSERT INTO "spree_inventory_units" VALUES(182,0,'sold',52862384,931498615,'2012-08-06 13:38:01.512439','2012-08-06 13:38:01.512439',33214900,NULL);
INSERT INTO "spree_inventory_units" VALUES(183,0,'sold',52862384,931498615,'2012-08-06 13:38:01.603121','2012-08-06 13:38:01.603121',33214900,NULL);
INSERT INTO "spree_inventory_units" VALUES(184,0,'sold',52862384,931498615,'2012-08-06 13:38:01.703188','2012-08-06 13:38:01.703188',33214900,NULL);
INSERT INTO "spree_inventory_units" VALUES(185,0,'sold',52862384,931498615,'2012-08-06 13:38:01.803140','2012-08-06 13:38:01.803140',33214900,NULL);
INSERT INTO "spree_inventory_units" VALUES(186,0,'sold',52862384,931498615,'2012-08-06 13:38:01.894943','2012-08-06 13:38:01.894943',33214900,NULL);
INSERT INTO "spree_inventory_units" VALUES(187,0,'sold',52862384,931498615,'2012-08-06 13:38:01.986299','2012-08-06 13:38:01.986299',33214900,NULL);
INSERT INTO "spree_inventory_units" VALUES(188,0,'sold',52862384,931498615,'2012-08-06 13:38:02.086763','2012-08-06 13:38:02.086763',33214900,NULL);
INSERT INTO "spree_inventory_units" VALUES(189,0,'sold',52862384,931498615,'2012-08-06 13:38:02.186740','2012-08-06 13:38:02.186740',33214900,NULL);
INSERT INTO "spree_inventory_units" VALUES(190,0,'sold',52862384,931498615,'2012-08-06 13:38:02.286723','2012-08-06 13:38:02.286723',33214900,NULL);
INSERT INTO "spree_inventory_units" VALUES(191,0,'sold',599112055,707237680,'2012-08-06 13:38:02.401720','2012-08-06 13:38:02.401720',475581673,NULL);
INSERT INTO "spree_inventory_units" VALUES(192,0,'sold',599112055,707237680,'2012-08-06 13:38:02.503188','2012-08-06 13:38:02.503188',475581673,NULL);
INSERT INTO "spree_inventory_units" VALUES(193,0,'sold',215054540,335228811,'2012-08-06 13:38:02.608665','2012-08-06 13:38:02.608665',629437518,NULL);
INSERT INTO "spree_inventory_units" VALUES(194,0,'sold',215054540,335228811,'2012-08-06 13:38:02.703229','2012-08-06 13:38:02.703229',629437518,NULL);
INSERT INTO "spree_inventory_units" VALUES(195,0,'sold',215054540,335228811,'2012-08-06 13:38:02.795024','2012-08-06 13:38:02.795024',629437518,NULL);
INSERT INTO "spree_inventory_units" VALUES(196,0,'sold',215054540,335228811,'2012-08-06 13:38:02.886442','2012-08-06 13:38:02.886442',629437518,NULL);
INSERT INTO "spree_inventory_units" VALUES(197,0,'sold',52862384,820530800,'2012-08-06 13:38:02.981653','2012-08-06 13:38:02.981653',110564781,NULL);
INSERT INTO "spree_inventory_units" VALUES(198,0,'sold',52862384,820530800,'2012-08-06 13:38:03.078598','2012-08-06 13:38:03.078598',110564781,NULL);
INSERT INTO "spree_inventory_units" VALUES(199,0,'sold',215054540,345435026,'2012-08-06 13:38:03.173676','2012-08-06 13:38:03.173676',585740373,NULL);
INSERT INTO "spree_inventory_units" VALUES(200,0,'sold',405540681,345435026,'2012-08-06 13:38:03.276417','2012-08-06 13:38:03.276417',585740373,NULL);
INSERT INTO "spree_inventory_units" VALUES(201,0,'sold',405540681,345435026,'2012-08-06 13:38:03.378634','2012-08-06 13:38:03.378634',585740373,NULL);
INSERT INTO "spree_inventory_units" VALUES(202,0,'sold',405540681,345435026,'2012-08-06 13:38:03.478184','2012-08-06 13:38:03.478184',585740373,NULL);
INSERT INTO "spree_inventory_units" VALUES(203,0,'sold',215054540,368651700,'2012-08-06 13:38:03.581677','2012-08-06 13:38:03.581677',596014713,NULL);
INSERT INTO "spree_inventory_units" VALUES(204,0,'sold',215054540,368651700,'2012-08-06 13:38:03.678650','2012-08-06 13:38:03.678650',596014713,NULL);
INSERT INTO "spree_inventory_units" VALUES(205,0,'sold',215054540,383262055,'2012-08-06 13:38:03.795434','2012-08-06 13:38:03.795434',547833508,NULL);
INSERT INTO "spree_inventory_units" VALUES(206,0,'sold',215054540,382369184,'2012-08-06 13:38:03.911416','2012-08-06 13:38:03.911416',548742745,NULL);
INSERT INTO "spree_inventory_units" VALUES(207,0,'sold',215054540,382369184,'2012-08-06 13:38:04.020991','2012-08-06 13:38:04.020991',548742745,NULL);
INSERT INTO "spree_inventory_units" VALUES(208,0,'sold',215054540,391144298,'2012-08-06 13:38:04.133358','2012-08-06 13:38:04.133358',556742829,NULL);
INSERT INTO "spree_inventory_units" VALUES(209,0,'sold',215054540,391144298,'2012-08-06 13:38:04.229337','2012-08-06 13:38:04.229337',556742829,NULL);
INSERT INTO "spree_inventory_units" VALUES(210,0,'sold',504220342,73849921,'2012-08-06 13:38:04.336138','2012-08-06 13:38:04.336138',35341291,NULL);
INSERT INTO "spree_inventory_units" VALUES(211,0,'sold',504220342,73849921,'2012-08-06 13:38:04.436509','2012-08-06 13:38:04.436509',35341291,NULL);
INSERT INTO "spree_inventory_units" VALUES(212,0,'sold',599112055,297130368,'2012-08-06 13:38:04.541238','2012-08-06 13:38:04.541238',667583165,NULL);
INSERT INTO "spree_inventory_units" VALUES(213,0,'sold',215054540,703823663,'2012-08-06 13:38:04.644568','2012-08-06 13:38:04.644568',529278188,NULL);
INSERT INTO "spree_inventory_units" VALUES(214,0,'sold',215054540,703823663,'2012-08-06 13:38:04.745830','2012-08-06 13:38:04.745830',529278188,NULL);
INSERT INTO "spree_inventory_units" VALUES(215,0,'sold',215054540,702619608,'2012-08-06 13:38:04.860969','2012-08-06 13:38:04.860969',530465809,NULL);
INSERT INTO "spree_inventory_units" VALUES(216,0,'sold',215054540,702619608,'2012-08-06 13:38:04.970479','2012-08-06 13:38:04.970479',530465809,NULL);
INSERT INTO "spree_inventory_units" VALUES(217,0,'sold',215054540,702619608,'2012-08-06 13:38:05.078773','2012-08-06 13:38:05.078773',530465809,NULL);
INSERT INTO "spree_inventory_units" VALUES(218,0,'sold',504220342,987209861,'2012-08-06 13:38:05.223666','2012-08-06 13:38:05.223666',1017790295,NULL);
INSERT INTO "spree_inventory_units" VALUES(219,0,'sold',215054540,615724322,'2012-08-06 13:38:05.320132','2012-08-06 13:38:05.320132',583969526,NULL);
INSERT INTO "spree_inventory_units" VALUES(220,0,'sold',215054540,615724322,'2012-08-06 13:38:05.495339','2012-08-06 13:38:05.495339',583969526,NULL);
INSERT INTO "spree_inventory_units" VALUES(221,0,'sold',215054540,615724322,'2012-08-06 13:38:05.594940','2012-08-06 13:38:05.594940',583969526,NULL);
INSERT INTO "spree_inventory_units" VALUES(222,0,'sold',215054540,707237680,'2012-08-06 13:38:05.702357','2012-08-06 13:38:05.702357',475581673,NULL);
INSERT INTO "spree_inventory_units" VALUES(223,0,'sold',599112055,335228811,'2012-08-06 13:38:05.810488','2012-08-06 13:38:05.810488',629437518,NULL);
INSERT INTO "spree_inventory_units" VALUES(224,0,'sold',215054540,727331319,'2012-08-06 13:38:05.919866','2012-08-06 13:38:05.919866',488991282,NULL);
INSERT INTO "spree_inventory_units" VALUES(225,0,'sold',215054540,727331319,'2012-08-06 13:38:06.021369','2012-08-06 13:38:06.021369',488991282,NULL);
INSERT INTO "spree_inventory_units" VALUES(226,0,'sold',215054540,727331319,'2012-08-06 13:38:06.120673','2012-08-06 13:38:06.120673',488991282,NULL);
INSERT INTO "spree_inventory_units" VALUES(227,0,'sold',215054540,727331319,'2012-08-06 13:38:06.229547','2012-08-06 13:38:06.229547',488991282,NULL);
INSERT INTO "spree_inventory_units" VALUES(228,0,'sold',215054540,726159630,'2012-08-06 13:38:06.341580','2012-08-06 13:38:06.341580',490146509,NULL);
INSERT INTO "spree_inventory_units" VALUES(229,0,'sold',52862384,264449064,'2012-08-06 13:38:06.449562','2012-08-06 13:38:06.449562',968652773,NULL);
INSERT INTO "spree_inventory_units" VALUES(230,0,'sold',52862384,264449064,'2012-08-06 13:38:06.553479','2012-08-06 13:38:06.553479',968652773,NULL);
INSERT INTO "spree_inventory_units" VALUES(231,0,'sold',52862384,264449064,'2012-08-06 13:38:06.662112','2012-08-06 13:38:06.662112',968652773,NULL);
INSERT INTO "spree_inventory_units" VALUES(232,0,'sold',52862384,264449064,'2012-08-06 13:38:06.770746','2012-08-06 13:38:06.770746',968652773,NULL);
INSERT INTO "spree_inventory_units" VALUES(233,0,'sold',405540681,707237680,'2012-08-06 13:38:06.877337','2012-08-06 13:38:06.877337',475581673,NULL);
INSERT INTO "spree_inventory_units" VALUES(234,0,'sold',405540681,707237680,'2012-08-06 13:38:06.978963','2012-08-06 13:38:06.978963',475581673,NULL);
INSERT INTO "spree_inventory_units" VALUES(235,0,'sold',215054540,733841882,'2012-08-06 13:38:07.084622','2012-08-06 13:38:07.084622',499307037,NULL);
INSERT INTO "spree_inventory_units" VALUES(236,0,'sold',215054540,732948771,'2012-08-06 13:38:07.181908','2012-08-06 13:38:07.181908',500216554,NULL);
INSERT INTO "spree_inventory_units" VALUES(237,0,'sold',215054540,732948771,'2012-08-06 13:38:07.279009','2012-08-06 13:38:07.279009',500216554,NULL);
INSERT INTO "spree_inventory_units" VALUES(238,0,'sold',52862384,145680447,'2012-08-06 13:38:07.384612','2012-08-06 13:38:07.384612',1053930492,NULL);
INSERT INTO "spree_inventory_units" VALUES(239,0,'sold',52862384,145680447,'2012-08-06 13:38:07.478701','2012-08-06 13:38:07.478701',1053930492,NULL);
INSERT INTO "spree_inventory_units" VALUES(240,0,'sold',215054540,741864942,'2012-08-06 13:38:07.585815','2012-08-06 13:38:07.585815',440970793,NULL);
INSERT INTO "spree_inventory_units" VALUES(241,0,'sold',215054540,741864942,'2012-08-06 13:38:07.687245','2012-08-06 13:38:07.687245',440970793,NULL);
INSERT INTO "spree_inventory_units" VALUES(242,0,'sold',215054540,741864942,'2012-08-06 13:38:07.795398','2012-08-06 13:38:07.795398',440970793,NULL);
INSERT INTO "spree_inventory_units" VALUES(243,0,'sold',215054540,741864942,'2012-08-06 13:38:07.896408','2012-08-06 13:38:07.896408',440970793,NULL);
INSERT INTO "spree_inventory_units" VALUES(244,0,'sold',215054540,740660503,'2012-08-06 13:38:08.009245','2012-08-06 13:38:08.009245',442158806,NULL);
INSERT INTO "spree_inventory_units" VALUES(245,0,'sold',215054540,740660503,'2012-08-06 13:38:08.112911','2012-08-06 13:38:08.112911',442158806,NULL);
INSERT INTO "spree_inventory_units" VALUES(246,0,'sold',215054540,740660503,'2012-08-06 13:38:08.212623','2012-08-06 13:38:08.212623',442158806,NULL);
INSERT INTO "spree_inventory_units" VALUES(247,0,'sold',215054540,751848899,'2012-08-06 13:38:08.320108','2012-08-06 13:38:08.320108',447682054,NULL);
INSERT INTO "spree_inventory_units" VALUES(248,0,'sold',215054540,751848899,'2012-08-06 13:38:08.413169','2012-08-06 13:38:08.413169',447682054,NULL);
INSERT INTO "spree_inventory_units" VALUES(249,0,'sold',215054540,751848899,'2012-08-06 13:38:08.512428','2012-08-06 13:38:08.512428',447682054,NULL);
INSERT INTO "spree_inventory_units" VALUES(250,0,'sold',215054540,751848899,'2012-08-06 13:38:08.604680','2012-08-06 13:38:08.604680',447682054,NULL);
INSERT INTO "spree_inventory_units" VALUES(251,0,'sold',215054540,750923066,'2012-08-06 13:38:08.710752','2012-08-06 13:38:08.710752',448624385,NULL);
INSERT INTO "spree_inventory_units" VALUES(252,0,'sold',215054540,601813305,'2012-08-06 13:38:08.811130','2012-08-06 13:38:08.811130',631467759,NULL);
INSERT INTO "spree_inventory_units" VALUES(253,0,'sold',215054540,601813305,'2012-08-06 13:38:08.913295','2012-08-06 13:38:08.913295',631467759,NULL);
INSERT INTO "spree_inventory_units" VALUES(254,0,'sold',215054540,601813305,'2012-08-06 13:38:09.021430','2012-08-06 13:38:09.021430',631467759,NULL);
INSERT INTO "spree_inventory_units" VALUES(255,0,'sold',599112055,345435026,'2012-08-06 13:38:09.136358','2012-08-06 13:38:09.136358',585740373,NULL);
INSERT INTO "spree_inventory_units" VALUES(256,0,'sold',504220342,1035625630,'2012-08-06 13:38:09.244417','2012-08-06 13:38:09.244417',1002961742,NULL);
INSERT INTO "spree_inventory_units" VALUES(257,0,'sold',504220342,1035625630,'2012-08-06 13:38:09.345644','2012-08-06 13:38:09.345644',1002961742,NULL);
INSERT INTO "spree_inventory_units" VALUES(258,0,'sold',215054540,782154552,'2012-08-06 13:38:09.449670','2012-08-06 13:38:09.449670',417456373,NULL);
INSERT INTO "spree_inventory_units" VALUES(259,0,'sold',215054540,782154552,'2012-08-06 13:38:09.545671','2012-08-06 13:38:09.545671',417456373,NULL);
INSERT INTO "spree_inventory_units" VALUES(260,0,'sold',215054540,780983247,'2012-08-06 13:38:09.644836','2012-08-06 13:38:09.644836',418611208,NULL);
INSERT INTO "spree_inventory_units" VALUES(261,0,'sold',215054540,780983247,'2012-08-06 13:38:09.738010','2012-08-06 13:38:09.738010',418611208,NULL);
INSERT INTO "spree_inventory_units" VALUES(262,0,'sold',215054540,780983247,'2012-08-06 13:38:09.829812','2012-08-06 13:38:09.829812',418611208,NULL);
INSERT INTO "spree_inventory_units" VALUES(263,0,'sold',215054540,780983247,'2012-08-06 13:38:09.922092','2012-08-06 13:38:09.922092',418611208,NULL);
INSERT INTO "spree_inventory_units" VALUES(264,0,'sold',215054540,790021435,'2012-08-06 13:38:10.020317','2012-08-06 13:38:10.020317',426352382,NULL);
INSERT INTO "spree_inventory_units" VALUES(265,0,'sold',599112055,383262055,'2012-08-06 13:38:10.157750','2012-08-06 13:38:10.157750',547833508,NULL);
INSERT INTO "spree_inventory_units" VALUES(266,0,'sold',215054540,542594049,'2012-08-06 13:38:10.296954','2012-08-06 13:38:10.296954',371722298,NULL);
INSERT INTO "spree_inventory_units" VALUES(267,0,'sold',215054540,542594049,'2012-08-06 13:38:10.381299','2012-08-06 13:38:10.381299',371722298,NULL);
INSERT INTO "spree_inventory_units" VALUES(268,0,'sold',215054540,542594049,'2012-08-06 13:38:10.488913','2012-08-06 13:38:10.488913',371722298,NULL);
INSERT INTO "spree_inventory_units" VALUES(269,0,'sold',215054540,542594049,'2012-08-06 13:38:10.596786','2012-08-06 13:38:10.596786',371722298,NULL);
INSERT INTO "spree_inventory_units" VALUES(270,0,'sold',504220342,862055596,'2012-08-06 13:38:10.704363','2012-08-06 13:38:10.704363',891057020,NULL);
INSERT INTO "spree_inventory_units" VALUES(271,0,'sold',504220342,862055596,'2012-08-06 13:38:10.805528','2012-08-06 13:38:10.805528',891057020,NULL);
INSERT INTO "spree_inventory_units" VALUES(272,0,'sold',215054540,568274416,'2012-08-06 13:38:10.912142','2012-08-06 13:38:10.912142',396391991,NULL);
INSERT INTO "spree_inventory_units" VALUES(273,0,'sold',215054540,568274416,'2012-08-06 13:38:11.005122','2012-08-06 13:38:11.005122',396391991,NULL);
INSERT INTO "spree_inventory_units" VALUES(274,0,'sold',215054540,567102733,'2012-08-06 13:38:11.111120','2012-08-06 13:38:11.111120',397547216,NULL);
INSERT INTO "spree_inventory_units" VALUES(275,0,'sold',215054540,567102733,'2012-08-06 13:38:11.212977','2012-08-06 13:38:11.212977',397547216,NULL);
INSERT INTO "spree_inventory_units" VALUES(276,0,'sold',405540681,596761353,'2012-08-06 13:38:11.320138','2012-08-06 13:38:11.320138',367952066,NULL);
INSERT INTO "spree_inventory_units" VALUES(277,0,'sold',405540681,596761353,'2012-08-06 13:38:11.421688','2012-08-06 13:38:11.421688',367952066,NULL);
INSERT INTO "spree_inventory_units" VALUES(278,0,'sold',405540681,596761353,'2012-08-06 13:38:11.550093','2012-08-06 13:38:11.550093',367952066,NULL);
INSERT INTO "spree_inventory_units" VALUES(279,0,'sold',215054540,587078949,'2012-08-06 13:38:11.653171','2012-08-06 13:38:11.653171',344016612,NULL);
INSERT INTO "spree_inventory_units" VALUES(280,0,'sold',215054540,587078949,'2012-08-06 13:38:11.762897','2012-08-06 13:38:11.762897',344016612,NULL);
INSERT INTO "spree_inventory_units" VALUES(281,0,'sold',215054540,587078949,'2012-08-06 13:38:11.871164','2012-08-06 13:38:11.871164',344016612,NULL);
INSERT INTO "spree_inventory_units" VALUES(282,0,'sold',215054540,587078949,'2012-08-06 13:38:11.996795','2012-08-06 13:38:11.996795',344016612,NULL);
INSERT INTO "spree_inventory_units" VALUES(283,0,'sold',52862384,133136121,'2012-08-06 13:38:12.112110','2012-08-06 13:38:12.112110',831530304,NULL);
INSERT INTO "spree_inventory_units" VALUES(284,0,'sold',52862384,133136121,'2012-08-06 13:38:12.221792','2012-08-06 13:38:12.221792',831530304,NULL);
INSERT INTO "spree_inventory_units" VALUES(285,0,'sold',52862384,133136121,'2012-08-06 13:38:12.329977','2012-08-06 13:38:12.329977',831530304,NULL);
INSERT INTO "spree_inventory_units" VALUES(286,0,'sold',52862384,133136121,'2012-08-06 13:38:12.438151','2012-08-06 13:38:12.438151',831530304,NULL);
INSERT INTO "spree_inventory_units" VALUES(287,0,'sold',52862384,133136121,'2012-08-06 13:38:12.546475','2012-08-06 13:38:12.546475',831530304,NULL);
INSERT INTO "spree_inventory_units" VALUES(288,0,'sold',52862384,133136121,'2012-08-06 13:38:12.654328','2012-08-06 13:38:12.654328',831530304,NULL);
INSERT INTO "spree_inventory_units" VALUES(289,0,'sold',52862384,133136121,'2012-08-06 13:38:12.754732','2012-08-06 13:38:12.754732',831530304,NULL);
INSERT INTO "spree_inventory_units" VALUES(290,0,'sold',52862384,133136121,'2012-08-06 13:38:12.854702','2012-08-06 13:38:12.854702',831530304,NULL);
INSERT INTO "spree_inventory_units" VALUES(291,0,'sold',215054540,596761353,'2012-08-06 13:38:12.960996','2012-08-06 13:38:12.960996',367952066,NULL);
INSERT INTO "spree_inventory_units" VALUES(292,0,'sold',215054540,596761353,'2012-08-06 13:38:13.062973','2012-08-06 13:38:13.062973',367952066,NULL);
INSERT INTO "spree_inventory_units" VALUES(293,0,'sold',215054540,596761353,'2012-08-06 13:38:13.171161','2012-08-06 13:38:13.171161',367952066,NULL);
INSERT INTO "spree_inventory_units" VALUES(294,0,'sold',215054540,596761353,'2012-08-06 13:38:13.279398','2012-08-06 13:38:13.279398',367952066,NULL);
INSERT INTO "spree_inventory_units" VALUES(295,0,'sold',52862384,8567520,'2012-08-06 13:38:13.384700','2012-08-06 13:38:13.384700',922607911,NULL);
INSERT INTO "spree_inventory_units" VALUES(296,0,'sold',52862384,8567520,'2012-08-06 13:38:13.479448','2012-08-06 13:38:13.479448',922607911,NULL);
INSERT INTO "spree_inventory_units" VALUES(297,0,'sold',52862384,8567520,'2012-08-06 13:38:13.580907','2012-08-06 13:38:13.580907',922607911,NULL);
INSERT INTO "spree_inventory_units" VALUES(298,0,'sold',52862384,8567520,'2012-08-06 13:38:13.681145','2012-08-06 13:38:13.681145',922607911,NULL);
INSERT INTO "spree_inventory_units" VALUES(299,0,'sold',52862384,8567520,'2012-08-06 13:38:13.779458','2012-08-06 13:38:13.779458',922607911,NULL);
INSERT INTO "spree_inventory_units" VALUES(300,0,'sold',52862384,8567520,'2012-08-06 13:38:13.871204','2012-08-06 13:38:13.871204',922607911,NULL);
INSERT INTO "spree_inventory_units" VALUES(301,0,'sold',599112055,488679357,'2012-08-06 13:38:13.978747','2012-08-06 13:38:13.978747',727710848,NULL);
INSERT INTO "spree_inventory_units" VALUES(302,0,'sold',215054540,620502818,'2012-08-06 13:38:14.082429','2012-08-06 13:38:14.082429',310592731,NULL);
INSERT INTO "spree_inventory_units" VALUES(303,0,'sold',215054540,620502818,'2012-08-06 13:38:14.179484','2012-08-06 13:38:14.179484',310592731,NULL);
INSERT INTO "spree_inventory_units" VALUES(304,0,'sold',405540681,620502818,'2012-08-06 13:38:14.274002','2012-08-06 13:38:14.274002',310592731,NULL);
INSERT INTO "spree_inventory_units" VALUES(305,0,'sold',405540681,620502818,'2012-08-06 13:38:14.371288','2012-08-06 13:38:14.371288',310592731,NULL);
INSERT INTO "spree_inventory_units" VALUES(306,0,'sold',405540681,620502818,'2012-08-06 13:38:14.479511','2012-08-06 13:38:14.479511',310592731,NULL);
INSERT INTO "spree_inventory_units" VALUES(307,0,'sold',215054540,627442156,'2012-08-06 13:38:14.595595','2012-08-06 13:38:14.595595',320428591,NULL);
INSERT INTO "spree_inventory_units" VALUES(308,0,'sold',215054540,627442156,'2012-08-06 13:38:14.697456','2012-08-06 13:38:14.697456',320428591,NULL);
INSERT INTO "spree_inventory_units" VALUES(309,0,'sold',215054540,627442156,'2012-08-06 13:38:14.797014','2012-08-06 13:38:14.797014',320428591,NULL);
INSERT INTO "spree_inventory_units" VALUES(310,0,'sold',215054540,627442156,'2012-08-06 13:38:14.897220','2012-08-06 13:38:14.897220',320428591,NULL);
INSERT INTO "spree_inventory_units" VALUES(311,0,'sold',215054540,649259497,'2012-08-06 13:38:15.004127','2012-08-06 13:38:15.004127',281915952,NULL);
INSERT INTO "spree_inventory_units" VALUES(312,0,'sold',215054540,648055060,'2012-08-06 13:38:15.101264','2012-08-06 13:38:15.101264',283103959,NULL);
INSERT INTO "spree_inventory_units" VALUES(313,0,'sold',215054540,648055060,'2012-08-06 13:38:15.197125','2012-08-06 13:38:15.197125',283103959,NULL);
INSERT INTO "spree_inventory_units" VALUES(314,0,'sold',599112055,17482993,'2012-08-06 13:38:15.303873','2012-08-06 13:38:15.303873',930455338,NULL);
INSERT INTO "spree_inventory_units" VALUES(315,0,'sold',599112055,17482993,'2012-08-06 13:38:15.397261','2012-08-06 13:38:15.397261',930455338,NULL);
INSERT INTO "spree_inventory_units" VALUES(316,0,'sold',215054540,953580620,'2012-08-06 13:38:15.495972','2012-08-06 13:38:15.495972',245966735,NULL);
INSERT INTO "spree_inventory_units" VALUES(317,0,'sold',215054540,953580620,'2012-08-06 13:38:15.588386','2012-08-06 13:38:15.588386',245966735,NULL);
INSERT INTO "spree_inventory_units" VALUES(318,0,'sold',215054540,953580620,'2012-08-06 13:38:15.688051','2012-08-06 13:38:15.688051',245966735,NULL);
INSERT INTO "spree_inventory_units" VALUES(319,0,'sold',215054540,953580620,'2012-08-06 13:38:15.789059','2012-08-06 13:38:15.789059',245966735,NULL);
INSERT INTO "spree_inventory_units" VALUES(320,0,'sold',215054540,952376497,'2012-08-06 13:38:15.893023','2012-08-06 13:38:15.893023',247154552,NULL);
INSERT INTO "spree_inventory_units" VALUES(321,0,'sold',215054540,952376497,'2012-08-06 13:38:16.027547','2012-08-06 13:38:16.027547',247154552,NULL);
INSERT INTO "spree_inventory_units" VALUES(322,0,'sold',215054540,952376497,'2012-08-06 13:38:16.130283','2012-08-06 13:38:16.130283',247154552,NULL);
INSERT INTO "spree_inventory_units" VALUES(323,0,'sold',215054540,952376497,'2012-08-06 13:38:16.222085','2012-08-06 13:38:16.222085',247154552,NULL);
INSERT INTO "spree_inventory_units" VALUES(324,0,'sold',215054540,961307330,'2012-08-06 13:38:16.325916','2012-08-06 13:38:16.325916',255015291,NULL);
INSERT INTO "spree_inventory_units" VALUES(325,0,'sold',215054540,961307330,'2012-08-06 13:38:16.422962','2012-08-06 13:38:16.422962',255015291,NULL);
INSERT INTO "spree_inventory_units" VALUES(326,0,'sold',215054540,961307330,'2012-08-06 13:38:16.522939','2012-08-06 13:38:16.522939',255015291,NULL);
INSERT INTO "spree_inventory_units" VALUES(327,0,'sold',405540681,953580620,'2012-08-06 13:38:16.625874','2012-08-06 13:38:16.625874',245966735,NULL);
INSERT INTO "spree_inventory_units" VALUES(328,0,'sold',405540681,953580620,'2012-08-06 13:38:16.723023','2012-08-06 13:38:16.723023',245966735,NULL);
INSERT INTO "spree_inventory_units" VALUES(329,0,'sold',52862384,518401861,'2012-08-06 13:38:16.828590','2012-08-06 13:38:16.828590',681145480,NULL);
INSERT INTO "spree_inventory_units" VALUES(330,0,'sold',52862384,518401861,'2012-08-06 13:38:16.930528','2012-08-06 13:38:16.930528',681145480,NULL);
INSERT INTO "spree_inventory_units" VALUES(331,0,'sold',52862384,518401861,'2012-08-06 13:38:17.038114','2012-08-06 13:38:17.038114',681145480,NULL);
INSERT INTO "spree_inventory_units" VALUES(332,0,'sold',52862384,518401861,'2012-08-06 13:38:17.146823','2012-08-06 13:38:17.146823',681145480,NULL);
INSERT INTO "spree_inventory_units" VALUES(333,0,'sold',52862384,518401861,'2012-08-06 13:38:17.255106','2012-08-06 13:38:17.255106',681145480,NULL);
INSERT INTO "spree_inventory_units" VALUES(334,0,'sold',52862384,518401861,'2012-08-06 13:38:17.355118','2012-08-06 13:38:17.355118',681145480,NULL);
INSERT INTO "spree_inventory_units" VALUES(335,0,'sold',52862384,518401861,'2012-08-06 13:38:17.456486','2012-08-06 13:38:17.456486',681145480,NULL);
INSERT INTO "spree_inventory_units" VALUES(336,0,'sold',52862384,518401861,'2012-08-06 13:38:17.555075','2012-08-06 13:38:17.555075',681145480,NULL);
INSERT INTO "spree_inventory_units" VALUES(337,0,'sold',52862384,518401861,'2012-08-06 13:38:17.655084','2012-08-06 13:38:17.655084',681145480,NULL);
INSERT INTO "spree_inventory_units" VALUES(338,0,'sold',215054540,983075517,'2012-08-06 13:38:17.762632','2012-08-06 13:38:17.762632',216519034,NULL);
INSERT INTO "spree_inventory_units" VALUES(339,0,'sold',215054540,983075517,'2012-08-06 13:38:17.863330','2012-08-06 13:38:17.863330',216519034,NULL);
INSERT INTO "spree_inventory_units" VALUES(340,0,'sold',215054540,983075517,'2012-08-06 13:38:17.963341','2012-08-06 13:38:17.963341',216519034,NULL);
INSERT INTO "spree_inventory_units" VALUES(341,0,'sold',405540681,983075517,'2012-08-06 13:38:18.069808','2012-08-06 13:38:18.069808',216519034,NULL);
INSERT INTO "spree_inventory_units" VALUES(342,0,'sold',405540681,983075517,'2012-08-06 13:38:18.172224','2012-08-06 13:38:18.172224',216519034,NULL);
INSERT INTO "spree_inventory_units" VALUES(343,0,'sold',215054540,1004874852,'2012-08-06 13:38:18.288353','2012-08-06 13:38:18.288353',228226979,NULL);
INSERT INTO "spree_inventory_units" VALUES(344,0,'sold',405540681,1039486630,'2012-08-06 13:38:18.401349','2012-08-06 13:38:18.401349',193598819,NULL);
INSERT INTO "spree_inventory_units" VALUES(345,0,'sold',215054540,1014837421,'2012-08-06 13:38:18.509520','2012-08-06 13:38:18.509520',167930736,NULL);
INSERT INTO "spree_inventory_units" VALUES(346,0,'sold',52862384,403830194,'2012-08-06 13:38:18.617461','2012-08-06 13:38:18.617461',779005547,NULL);
INSERT INTO "spree_inventory_units" VALUES(347,0,'sold',52862384,403830194,'2012-08-06 13:38:18.722293','2012-08-06 13:38:18.722293',779005547,NULL);
INSERT INTO "spree_inventory_units" VALUES(348,0,'sold',52862384,403830194,'2012-08-06 13:38:18.831091','2012-08-06 13:38:18.831091',779005547,NULL);
INSERT INTO "spree_inventory_units" VALUES(349,0,'sold',52862384,403830194,'2012-08-06 13:38:18.930946','2012-08-06 13:38:18.930946',779005547,NULL);
INSERT INTO "spree_inventory_units" VALUES(350,0,'sold',52862384,403830194,'2012-08-06 13:38:19.030714','2012-08-06 13:38:19.030714',779005547,NULL);
INSERT INTO "spree_inventory_units" VALUES(351,0,'sold',52862384,428600156,'2012-08-06 13:38:19.165015','2012-08-06 13:38:19.165015',804565151,NULL);
INSERT INTO "spree_inventory_units" VALUES(352,0,'sold',52862384,428600156,'2012-08-06 13:38:19.248451','2012-08-06 13:38:19.248451',804565151,NULL);
INSERT INTO "spree_inventory_units" VALUES(353,0,'sold',52862384,428600156,'2012-08-06 13:38:19.347062','2012-08-06 13:38:19.347062',804565151,NULL);
INSERT INTO "spree_inventory_units" VALUES(354,0,'sold',52862384,428600156,'2012-08-06 13:38:19.447038','2012-08-06 13:38:19.447038',804565151,NULL);
INSERT INTO "spree_inventory_units" VALUES(355,0,'sold',52862384,428600156,'2012-08-06 13:38:19.555251','2012-08-06 13:38:19.555251',804565151,NULL);
INSERT INTO "spree_inventory_units" VALUES(356,0,'sold',52862384,428600156,'2012-08-06 13:38:19.663469','2012-08-06 13:38:19.663469',804565151,NULL);
INSERT INTO "spree_inventory_units" VALUES(357,0,'sold',215054540,862055596,'2012-08-06 13:38:19.779399','2012-08-06 13:38:19.779399',891057020,NULL);
INSERT INTO "spree_inventory_units" VALUES(358,0,'sold',215054540,1039486630,'2012-08-06 13:38:19.888218','2012-08-06 13:38:19.888218',193598819,NULL);
INSERT INTO "spree_inventory_units" VALUES(359,0,'sold',215054540,1039486630,'2012-08-06 13:38:19.988975','2012-08-06 13:38:19.988975',193598819,NULL);
INSERT INTO "spree_inventory_units" VALUES(360,0,'sold',215054540,1039486630,'2012-08-06 13:38:20.097657','2012-08-06 13:38:20.097657',193598819,NULL);
INSERT INTO "spree_inventory_units" VALUES(361,0,'sold',215054540,1039486630,'2012-08-06 13:38:20.197690','2012-08-06 13:38:20.197690',193598819,NULL);
INSERT INTO "spree_inventory_units" VALUES(362,0,'sold',215054540,1069267029,'2012-08-06 13:38:20.304214','2012-08-06 13:38:20.304214',163898264,NULL);
INSERT INTO "spree_inventory_units" VALUES(363,0,'sold',215054540,1068095656,'2012-08-06 13:38:20.403464','2012-08-06 13:38:20.403464',165053295,NULL);
INSERT INTO "spree_inventory_units" VALUES(364,0,'sold',215054540,1068095656,'2012-08-06 13:38:20.497424','2012-08-06 13:38:20.497424',165053295,NULL);
INSERT INTO "spree_inventory_units" VALUES(365,0,'sold',215054540,1068095656,'2012-08-06 13:38:20.597740','2012-08-06 13:38:20.597740',165053295,NULL);
INSERT INTO "spree_inventory_units" VALUES(366,0,'sold',215054540,821702295,'2012-08-06 13:38:20.703411','2012-08-06 13:38:20.703411',109409616,NULL);
INSERT INTO "spree_inventory_units" VALUES(367,0,'sold',215054540,821702295,'2012-08-06 13:38:20.805979','2012-08-06 13:38:20.805979',109409616,NULL);
INSERT INTO "spree_inventory_units" VALUES(368,0,'sold',215054540,820530800,'2012-08-06 13:38:20.909601','2012-08-06 13:38:20.909601',110564781,NULL);
INSERT INTO "spree_inventory_units" VALUES(369,0,'sold',215054540,820530800,'2012-08-06 13:38:21.013538','2012-08-06 13:38:21.013538',110564781,NULL);
INSERT INTO "spree_inventory_units" VALUES(370,0,'sold',504220342,601813305,'2012-08-06 13:38:21.160705','2012-08-06 13:38:21.160705',631467759,NULL);
INSERT INTO "spree_inventory_units" VALUES(371,0,'sold',504220342,601813305,'2012-08-06 13:38:21.264602','2012-08-06 13:38:21.264602',631467759,NULL);
INSERT INTO "spree_inventory_units" VALUES(372,0,'sold',599112055,146573512,'2012-08-06 13:38:21.366252','2012-08-06 13:38:21.366252',1053020929,NULL);
INSERT INTO "spree_inventory_units" VALUES(373,0,'sold',599112055,146573512,'2012-08-06 13:38:21.463653','2012-08-06 13:38:21.463653',1053020929,NULL);
INSERT INTO "spree_inventory_units" VALUES(374,0,'sold',599112055,146573512,'2012-08-06 13:38:21.555443','2012-08-06 13:38:21.555443',1053020929,NULL);
INSERT INTO "spree_inventory_units" VALUES(375,0,'sold',215054540,844324943,'2012-08-06 13:38:21.652705','2012-08-06 13:38:21.652705',70007694,NULL);
INSERT INTO "spree_inventory_units" VALUES(376,0,'sold',215054540,843120822,'2012-08-06 13:38:21.750002','2012-08-06 13:38:21.750002',71195505,NULL);
INSERT INTO "spree_inventory_units" VALUES(377,0,'sold',215054540,843120822,'2012-08-06 13:38:21.839035','2012-08-06 13:38:21.839035',71195505,NULL);
INSERT INTO "spree_inventory_units" VALUES(378,0,'sold',52862384,382369184,'2012-08-06 13:38:22.037194','2012-08-06 13:38:22.037194',548742745,NULL);
INSERT INTO "spree_inventory_units" VALUES(379,0,'sold',52862384,382369184,'2012-08-06 13:38:22.130462','2012-08-06 13:38:22.130462',548742745,NULL);
INSERT INTO "spree_inventory_units" VALUES(380,0,'sold',52862384,382369184,'2012-08-06 13:38:22.241223','2012-08-06 13:38:22.241223',548742745,NULL);
INSERT INTO "spree_inventory_units" VALUES(381,0,'sold',52862384,382369184,'2012-08-06 13:38:22.349510','2012-08-06 13:38:22.349510',548742745,NULL);
INSERT INTO "spree_inventory_units" VALUES(382,0,'sold',52862384,382369184,'2012-08-06 13:38:22.457281','2012-08-06 13:38:22.457281',548742745,NULL);
INSERT INTO "spree_inventory_units" VALUES(383,0,'sold',52862384,382369184,'2012-08-06 13:38:22.565993','2012-08-06 13:38:22.565993',548742745,NULL);
INSERT INTO "spree_inventory_units" VALUES(384,0,'sold',52862384,382369184,'2012-08-06 13:38:22.673583','2012-08-06 13:38:22.673583',548742745,NULL);
INSERT INTO "spree_inventory_units" VALUES(385,0,'sold',52862384,382369184,'2012-08-06 13:38:22.781612','2012-08-06 13:38:22.781612',548742745,NULL);
INSERT INTO "spree_inventory_units" VALUES(386,0,'sold',215054540,850712674,'2012-08-06 13:38:22.888382','2012-08-06 13:38:22.888382',80446377,NULL);
INSERT INTO "spree_inventory_units" VALUES(387,0,'sold',215054540,850712674,'2012-08-06 13:38:22.990622','2012-08-06 13:38:22.990622',80446377,NULL);
INSERT INTO "spree_inventory_units" VALUES(388,0,'sold',215054540,850712674,'2012-08-06 13:38:23.089810','2012-08-06 13:38:23.089810',80446377,NULL);
INSERT INTO "spree_inventory_units" VALUES(389,0,'sold',215054540,850712674,'2012-08-06 13:38:23.190320','2012-08-06 13:38:23.190320',80446377,NULL);
INSERT INTO "spree_inventory_units" VALUES(390,0,'sold',215054540,849787035,'2012-08-06 13:38:23.296294','2012-08-06 13:38:23.296294',81388382,NULL);
INSERT INTO "spree_inventory_units" VALUES(391,0,'sold',215054540,849787035,'2012-08-06 13:38:23.397758','2012-08-06 13:38:23.397758',81388382,NULL);
INSERT INTO "spree_inventory_units" VALUES(392,0,'sold',215054540,1035625630,'2012-08-06 13:38:23.501517','2012-08-06 13:38:23.501517',1002961742,NULL);
INSERT INTO "spree_inventory_units" VALUES(393,0,'sold',599112055,183664179,'2012-08-06 13:38:23.609673','2012-08-06 13:38:23.609673',1015883258,NULL);
INSERT INTO "spree_inventory_units" VALUES(394,0,'sold',52862384,391144298,'2012-08-06 13:38:23.717767','2012-08-06 13:38:23.717767',556742829,NULL);
INSERT INTO "spree_inventory_units" VALUES(395,0,'sold',52862384,391144298,'2012-08-06 13:38:23.822797','2012-08-06 13:38:23.822797',556742829,NULL);
INSERT INTO "spree_inventory_units" VALUES(396,0,'sold',215054540,987209861,'2012-08-06 13:38:23.933947','2012-08-06 13:38:23.933947',1017790295,NULL);
INSERT INTO "spree_inventory_units" VALUES(397,0,'sold',215054540,987209861,'2012-08-06 13:38:24.039130','2012-08-06 13:38:24.039130',1017790295,NULL);
INSERT INTO "spree_inventory_units" VALUES(398,0,'sold',215054540,987209861,'2012-08-06 13:38:24.139311','2012-08-06 13:38:24.139311',1017790295,NULL);
INSERT INTO "spree_inventory_units" VALUES(399,0,'sold',599112055,228571690,'2012-08-06 13:38:24.244697','2012-08-06 13:38:24.244697',1004593649,NULL);
INSERT INTO "spree_inventory_units" VALUES(400,0,'sold',599112055,228571690,'2012-08-06 13:38:24.339251','2012-08-06 13:38:24.339251',1004593649,NULL);
INSERT INTO "spree_inventory_units" VALUES(401,0,'sold',599112055,228571690,'2012-08-06 13:38:24.439249','2012-08-06 13:38:24.439249',1004593649,NULL);
INSERT INTO "spree_inventory_units" VALUES(402,0,'sold',52862384,296204679,'2012-08-06 13:38:24.544679','2012-08-06 13:38:24.544679',668525120,NULL);
INSERT INTO "spree_inventory_units" VALUES(403,0,'sold',52862384,296204679,'2012-08-06 13:38:24.639253','2012-08-06 13:38:24.639253',668525120,NULL);
INSERT INTO "spree_inventory_units" VALUES(404,0,'sold',52862384,296204679,'2012-08-06 13:38:24.740821','2012-08-06 13:38:24.740821',668525120,NULL);
INSERT INTO "spree_inventory_units" VALUES(405,0,'sold',52862384,296204679,'2012-08-06 13:38:24.847501','2012-08-06 13:38:24.847501',668525120,NULL);
INSERT INTO "spree_inventory_units" VALUES(406,0,'sold',52862384,296204679,'2012-08-06 13:38:24.956853','2012-08-06 13:38:24.956853',668525120,NULL);
INSERT INTO "spree_inventory_units" VALUES(407,0,'sold',52862384,296204679,'2012-08-06 13:38:25.065819','2012-08-06 13:38:25.065819',668525120,NULL);
INSERT INTO "spree_inventory_units" VALUES(408,0,'sold',52862384,296204679,'2012-08-06 13:38:25.173477','2012-08-06 13:38:25.173477',668525120,NULL);
INSERT INTO "spree_inventory_units" VALUES(409,0,'sold',215054540,893297750,'2012-08-06 13:38:25.288315','2012-08-06 13:38:25.288315',54656917,NULL);
INSERT INTO "spree_inventory_units" VALUES(410,0,'sold',215054540,893297750,'2012-08-06 13:38:25.390020','2012-08-06 13:38:25.390020',54656917,NULL);
INSERT INTO "spree_inventory_units" VALUES(411,0,'sold',215054540,893297750,'2012-08-06 13:38:25.489942','2012-08-06 13:38:25.489942',54656917,NULL);
INSERT INTO "spree_inventory_units" VALUES(412,0,'sold',215054540,892126383,'2012-08-06 13:38:25.601842','2012-08-06 13:38:25.601842',55811946,NULL);
INSERT INTO "spree_inventory_units" VALUES(413,0,'sold',215054540,892126383,'2012-08-06 13:38:25.706470','2012-08-06 13:38:25.706470',55811946,NULL);
INSERT INTO "spree_inventory_units" VALUES(414,0,'sold',215054540,892126383,'2012-08-06 13:38:25.805992','2012-08-06 13:38:25.805992',55811946,NULL);
INSERT INTO "spree_inventory_units" VALUES(415,0,'sold',215054540,903421051,'2012-08-06 13:38:25.912436','2012-08-06 13:38:25.912436',61228994,NULL);
INSERT INTO "spree_inventory_units" VALUES(416,0,'sold',215054540,902528130,'2012-08-06 13:38:26.009934','2012-08-06 13:38:26.009934',62138181,NULL);
INSERT INTO "spree_inventory_units" VALUES(417,0,'sold',215054540,906884218,'2012-08-06 13:38:26.113237','2012-08-06 13:38:26.113237',7516093,NULL);
INSERT INTO "spree_inventory_units" VALUES(418,0,'sold',215054540,906884218,'2012-08-06 13:38:26.206493','2012-08-06 13:38:26.206493',7516093,NULL);
INSERT INTO "spree_inventory_units" VALUES(419,0,'sold',599112055,265374943,'2012-08-06 13:38:26.312830','2012-08-06 13:38:26.312830',967710488,NULL);
INSERT INTO "spree_inventory_units" VALUES(420,0,'sold',599112055,265374943,'2012-08-06 13:38:26.415299','2012-08-06 13:38:26.415299',967710488,NULL);
INSERT INTO "spree_inventory_units" VALUES(421,0,'sold',504220342,615724322,'2012-08-06 13:38:26.521266','2012-08-06 13:38:26.521266',583969526,NULL);
INSERT INTO "spree_inventory_units" VALUES(422,0,'sold',504220342,615724322,'2012-08-06 13:38:26.657785','2012-08-06 13:38:26.657785',583969526,NULL);
INSERT INTO "spree_inventory_units" VALUES(423,0,'sold',215054540,932702864,'2012-08-06 13:38:26.753184','2012-08-06 13:38:26.753184',32026953,NULL);
INSERT INTO "spree_inventory_units" VALUES(424,0,'sold',215054540,931498615,'2012-08-06 13:38:26.861022','2012-08-06 13:38:26.861022',33214900,NULL);
INSERT INTO "spree_inventory_units" VALUES(425,0,'sold',215054540,931498615,'2012-08-06 13:38:26.965885','2012-08-06 13:38:26.965885',33214900,NULL);
INSERT INTO "spree_inventory_units" VALUES(426,0,'sold',215054540,931498615,'2012-08-06 13:38:27.064424','2012-08-06 13:38:27.064424',33214900,NULL);
INSERT INTO "spree_inventory_units" VALUES(427,0,'backordered',1013589423,1069267032,'2012-08-06 16:24:16.124567','2012-08-06 16:24:16.124567',1053930495,NULL);
INSERT INTO "spree_inventory_units" VALUES(428,0,'backordered',1013589427,1069267032,'2012-08-06 16:24:16.131801','2012-08-06 16:24:16.131801',1053930495,NULL);
CREATE TABLE "spree_line_items" ("id" INTEGER PRIMARY KEY AUTOINCREMENT NOT NULL, "order_id" integer, "variant_id" integer, "quantity" integer NOT NULL, "price" decimal(8,2) NOT NULL, "created_at" datetime NOT NULL, "updated_at" datetime NOT NULL);
INSERT INTO "spree_line_items" VALUES(1070873764,0,1013589429,1,1000,'2012-07-13','2012-07-13');
INSERT INTO "spree_line_items" VALUES(1070873765,1,1013589428,1,1000,'2012-07-17','2012-07-17');
INSERT INTO "spree_line_items" VALUES(1070873766,2,1013589416,1,8000,'2012-07-22','2012-07-22');
INSERT INTO "spree_line_items" VALUES(1070873767,3,1013589422,1,4000,'2012-07-13','2012-07-13');
INSERT INTO "spree_line_items" VALUES(1070873768,3,1013589434,1,300,'2012-07-13','2012-07-13');
INSERT INTO "spree_line_items" VALUES(1070873769,4,1013589415,1,2200,'2012-07-17','2012-07-17');
INSERT INTO "spree_line_items" VALUES(1070873770,4,1013589430,1,800,'2012-07-17','2012-07-17');
INSERT INTO "spree_line_items" VALUES(1070873771,5,1013589428,1,1000,'2012-07-28','2012-07-28');
INSERT INTO "spree_line_items" VALUES(1070873772,6,1013589429,1,1000,'2012-06-28','2012-06-28');
INSERT INTO "spree_line_items" VALUES(1070873773,7,1013589428,1,1000,'2012-07-13','2012-07-13');
INSERT INTO "spree_line_items" VALUES(1070873774,8,1013589434,1,300,'2012-07-30','2012-07-30');
INSERT INTO "spree_line_items" VALUES(1070873775,9,1013589436,1,400,'2012-06-29','2012-06-29');
INSERT INTO "spree_line_items" VALUES(1070873776,10,1013589416,1,8000,'2012-07-29','2012-07-29');
INSERT INTO "spree_line_items" VALUES(1070873777,11,1013589416,1,8000,'2012-07-14','2012-07-14');
INSERT INTO "spree_line_items" VALUES(1070873778,12,1013589436,1,400,'2012-07-13','2012-07-13');
INSERT INTO "spree_line_items" VALUES(1070873779,13,1013589426,1,3000,'2012-07-29','2012-07-29');
INSERT INTO "spree_line_items" VALUES(1070873780,13,1013589429,1,1000,'2012-07-29','2012-07-29');
INSERT INTO "spree_line_items" VALUES(1070873781,14,1013589430,1,800,'2012-07-07','2012-07-07');
INSERT INTO "spree_line_items" VALUES(1070873782,14,1013589436,1,400,'2012-07-07','2012-07-07');
INSERT INTO "spree_line_items" VALUES(1070873783,15,1013589430,1,800,'2012-06-08','2012-06-08');
INSERT INTO "spree_line_items" VALUES(1070873784,15,1013589436,1,400,'2012-06-08','2012-06-08');
INSERT INTO "spree_line_items" VALUES(1070873785,16,1013589415,1,2200,'2012-07-11','2012-07-11');
INSERT INTO "spree_line_items" VALUES(1070873786,16,1013589430,1,800,'2012-07-11','2012-07-11');
INSERT INTO "spree_line_items" VALUES(1070873787,17,1013589436,1,400,'2012-07-21','2012-07-21');
INSERT INTO "spree_line_items" VALUES(1070873788,18,1013589434,1,300,'2012-06-05','2012-06-05');
INSERT INTO "spree_line_items" VALUES(1070873789,18,1013589424,1,200,'2012-06-05','2012-06-05');
INSERT INTO "spree_line_items" VALUES(1070873790,19,1013589417,1,3000,'2012-07-30','2012-07-30');
INSERT INTO "spree_line_items" VALUES(1070873791,19,1013589424,1,200,'2012-07-30','2012-07-30');
INSERT INTO "spree_line_items" VALUES(1070873792,20,1013589415,1,2200,'2012-07-29','2012-07-29');
INSERT INTO "spree_line_items" VALUES(1070873793,20,1013589430,1,800,'2012-07-29','2012-07-29');
INSERT INTO "spree_line_items" VALUES(1070873794,21,1013589417,1,3000,'2012-06-10','2012-06-10');
INSERT INTO "spree_line_items" VALUES(1070873795,21,1013589424,1,200,'2012-06-10','2012-06-10');
INSERT INTO "spree_line_items" VALUES(1070873796,22,1013589436,1,400,'2012-06-07','2012-06-07');
INSERT INTO "spree_line_items" VALUES(1070873797,23,1013589429,1,1000,'2012-07-27','2012-07-27');
INSERT INTO "spree_line_items" VALUES(1070873798,24,1013589417,1,3000,'2012-07-30','2012-07-30');
INSERT INTO "spree_line_items" VALUES(1070873799,24,1013589424,1,200,'2012-07-30','2012-07-30');
INSERT INTO "spree_line_items" VALUES(1070873800,25,1013589415,1,2200,'2012-06-08','2012-06-08');
INSERT INTO "spree_line_items" VALUES(1070873801,25,1013589430,1,800,'2012-06-08','2012-06-08');
INSERT INTO "spree_line_items" VALUES(1070873802,26,1013589434,1,300,'2012-07-29','2012-07-29');
INSERT INTO "spree_line_items" VALUES(1070873803,26,1013589424,1,200,'2012-07-29','2012-07-29');
INSERT INTO "spree_line_items" VALUES(1070873804,27,1013589436,1,400,'2012-07-12','2012-07-12');
INSERT INTO "spree_line_items" VALUES(1070873805,28,1013589429,1,1000,'2012-06-16','2012-06-16');
INSERT INTO "spree_line_items" VALUES(1070873806,29,1013589434,1,300,'2012-07-14','2012-07-14');
INSERT INTO "spree_line_items" VALUES(1070873807,29,1013589424,1,200,'2012-07-14','2012-07-14');
INSERT INTO "spree_line_items" VALUES(1070873808,30,1013589430,1,800,'2012-07-14','2012-07-14');
INSERT INTO "spree_line_items" VALUES(1070873809,30,1013589436,1,400,'2012-07-14','2012-07-14');
INSERT INTO "spree_line_items" VALUES(1070873810,31,1013589434,1,300,'2012-07-12','2012-07-12');
INSERT INTO "spree_line_items" VALUES(1070873811,31,1013589424,1,200,'2012-07-12','2012-07-12');
INSERT INTO "spree_line_items" VALUES(1070873812,32,1013589428,1,1000,'2012-07-27','2012-07-27');
INSERT INTO "spree_line_items" VALUES(1070873813,33,1013589415,1,2200,'2012-07-30','2012-07-30');
INSERT INTO "spree_line_items" VALUES(1070873814,33,1013589430,1,800,'2012-07-30','2012-07-30');
INSERT INTO "spree_line_items" VALUES(1070873815,34,1013589428,1,1000,'2012-07-14','2012-07-14');
INSERT INTO "spree_line_items" VALUES(1070873816,35,1013589415,1,2200,'2012-07-30','2012-07-30');
INSERT INTO "spree_line_items" VALUES(1070873817,35,1013589430,1,800,'2012-07-30','2012-07-30');
INSERT INTO "spree_line_items" VALUES(1070873818,36,1013589417,1,3000,'2012-07-14','2012-07-14');
INSERT INTO "spree_line_items" VALUES(1070873819,36,1013589434,1,300,'2012-07-14','2012-07-14');
INSERT INTO "spree_line_items" VALUES(1070873820,36,1013589426,1,3000,'2012-07-14','2012-07-14');
INSERT INTO "spree_line_items" VALUES(1070873821,37,1013589436,1,400,'2012-07-12','2012-07-12');
INSERT INTO "spree_line_items" VALUES(1070873822,38,1013589436,1,400,'2012-07-14','2012-07-14');
INSERT INTO "spree_line_items" VALUES(1070873823,39,1013589417,1,3000,'2012-07-14','2012-07-14');
INSERT INTO "spree_line_items" VALUES(1070873824,39,1013589424,1,200,'2012-07-14','2012-07-14');
INSERT INTO "spree_line_items" VALUES(1070873825,40,1013589428,1,1000,'2012-07-14','2012-07-14');
INSERT INTO "spree_line_items" VALUES(1070873826,41,1013589429,1,1000,'2012-07-05','2012-07-05');
INSERT INTO "spree_line_items" VALUES(1070873827,42,1013589434,1,300,'2012-07-13','2012-07-13');
INSERT INTO "spree_line_items" VALUES(1070873828,43,1013589434,1,300,'2012-07-13','2012-07-13');
INSERT INTO "spree_line_items" VALUES(1070873829,43,1013589424,1,200,'2012-07-13','2012-07-13');
INSERT INTO "spree_line_items" VALUES(1070873830,44,1013589434,1,300,'2012-07-30','2012-07-30');
INSERT INTO "spree_line_items" VALUES(1070873831,45,1013589434,1,300,'2012-07-29','2012-07-29');
INSERT INTO "spree_line_items" VALUES(1070873832,45,1013589424,1,200,'2012-07-29','2012-07-29');
INSERT INTO "spree_line_items" VALUES(1070873833,46,1013589436,1,400,'2012-07-13','2012-07-13');
INSERT INTO "spree_line_items" VALUES(1070873834,47,1013589434,1,300,'2012-07-12','2012-07-12');
INSERT INTO "spree_line_items" VALUES(1070873835,48,1013589434,1,300,'2012-07-12','2012-07-12');
INSERT INTO "spree_line_items" VALUES(1070873836,48,1013589424,1,200,'2012-07-12','2012-07-12');
INSERT INTO "spree_line_items" VALUES(1070873837,49,1013589434,1,300,'2012-07-11','2012-07-11');
INSERT INTO "spree_line_items" VALUES(1070873838,49,1013589424,1,200,'2012-07-11','2012-07-11');
INSERT INTO "spree_line_items" VALUES(1070873839,50,1013589436,1,400,'2012-07-14','2012-07-14');
INSERT INTO "spree_line_items" VALUES(1070873840,51,1013589434,1,300,'2012-07-12','2012-07-12');
INSERT INTO "spree_line_items" VALUES(1070873841,51,1013589424,1,200,'2012-07-12','2012-07-12');
INSERT INTO "spree_line_items" VALUES(1070873842,52,1013589430,1,800,'2012-07-12','2012-07-12');
INSERT INTO "spree_line_items" VALUES(1070873843,52,1013589436,1,400,'2012-07-12','2012-07-12');
INSERT INTO "spree_line_items" VALUES(1070873844,53,1013589429,1,1000,'2012-07-05','2012-07-05');
INSERT INTO "spree_line_items" VALUES(1070873845,54,1013589417,1,3000,'2012-07-28','2012-07-28');
INSERT INTO "spree_line_items" VALUES(1070873846,54,1013589424,1,200,'2012-07-28','2012-07-28');
INSERT INTO "spree_line_items" VALUES(1070873847,55,1013589417,1,3000,'2012-07-28','2012-07-28');
INSERT INTO "spree_line_items" VALUES(1070873848,55,1013589424,1,200,'2012-07-28','2012-07-28');
INSERT INTO "spree_line_items" VALUES(1070873849,56,1013589415,1,2200,'2012-07-14','2012-07-14');
INSERT INTO "spree_line_items" VALUES(1070873850,56,1013589430,1,800,'2012-07-14','2012-07-14');
INSERT INTO "spree_line_items" VALUES(1070873851,57,1013589426,1,3000,'2012-07-12','2012-07-12');
INSERT INTO "spree_line_items" VALUES(1070873852,57,1013589429,1,1000,'2012-07-12','2012-07-12');
INSERT INTO "spree_line_items" VALUES(1070873853,58,1013589430,1,800,'2012-07-13','2012-07-13');
INSERT INTO "spree_line_items" VALUES(1070873854,58,1013589436,1,400,'2012-07-13','2012-07-13');
INSERT INTO "spree_line_items" VALUES(1070873855,59,1013589430,1,800,'2012-07-14','2012-07-14');
INSERT INTO "spree_line_items" VALUES(1070873856,59,1013589436,1,400,'2012-07-14','2012-07-14');
INSERT INTO "spree_line_items" VALUES(1070873857,60,1013589429,1,1000,'2012-07-03','2012-07-03');
INSERT INTO "spree_line_items" VALUES(1070873858,61,1013589428,1,1000,'2012-07-12','2012-07-12');
INSERT INTO "spree_line_items" VALUES(1070873859,62,1013589417,1,3000,'2012-05-28','2012-05-28');
INSERT INTO "spree_line_items" VALUES(1070873860,62,1013589424,1,200,'2012-05-28','2012-05-28');
INSERT INTO "spree_line_items" VALUES(1070873861,63,1013589415,1,2200,'2012-06-06','2012-06-06');
INSERT INTO "spree_line_items" VALUES(1070873862,63,1013589430,1,800,'2012-06-06','2012-06-06');
INSERT INTO "spree_line_items" VALUES(1070873863,64,1013589417,1,3000,'2012-07-30','2012-07-30');
INSERT INTO "spree_line_items" VALUES(1070873864,64,1013589434,1,300,'2012-07-30','2012-07-30');
INSERT INTO "spree_line_items" VALUES(1070873865,64,1013589426,1,3000,'2012-07-30','2012-07-30');
INSERT INTO "spree_line_items" VALUES(1070873866,65,1013589422,1,4000,'2012-07-27','2012-07-27');
INSERT INTO "spree_line_items" VALUES(1070873867,65,1013589434,1,300,'2012-07-27','2012-07-27');
INSERT INTO "spree_line_items" VALUES(1070873868,66,1013589436,1,400,'2012-06-25','2012-06-25');
INSERT INTO "spree_line_items" VALUES(1070873869,67,1013589436,1,400,'2012-06-06','2012-06-06');
INSERT INTO "spree_line_items" VALUES(1070873870,68,1013589429,1,1000,'2012-07-13','2012-07-13');
INSERT INTO "spree_line_items" VALUES(1070873871,69,1013589430,1,800,'2012-07-13','2012-07-13');
INSERT INTO "spree_line_items" VALUES(1070873872,69,1013589436,1,400,'2012-07-13','2012-07-13');
INSERT INTO "spree_line_items" VALUES(1070873873,70,1013589434,1,300,'2012-06-15','2012-06-15');
INSERT INTO "spree_line_items" VALUES(1070873874,71,1013589434,1,300,'2012-06-05','2012-06-05');
INSERT INTO "spree_line_items" VALUES(1070873875,71,1013589424,1,200,'2012-06-05','2012-06-05');
INSERT INTO "spree_line_items" VALUES(1070873876,72,1013589434,1,300,'2012-07-04','2012-07-04');
INSERT INTO "spree_line_items" VALUES(1070873877,73,1013589436,1,400,'2012-07-11','2012-07-11');
INSERT INTO "spree_line_items" VALUES(1070873878,74,1013589434,1,300,'2012-07-12','2012-07-12');
INSERT INTO "spree_line_items" VALUES(1070873879,74,1013589424,1,200,'2012-07-12','2012-07-12');
INSERT INTO "spree_line_items" VALUES(1070873880,75,1013589436,1,400,'2012-07-14','2012-07-14');
INSERT INTO "spree_line_items" VALUES(1070873881,76,1013589426,1,3000,'2012-07-30','2012-07-30');
INSERT INTO "spree_line_items" VALUES(1070873882,76,1013589429,1,1000,'2012-07-30','2012-07-30');
INSERT INTO "spree_line_items" VALUES(1070873883,77,1013589426,1,3000,'2012-07-30','2012-07-30');
INSERT INTO "spree_line_items" VALUES(1070873884,77,1013589429,1,1000,'2012-07-30','2012-07-30');
INSERT INTO "spree_line_items" VALUES(1070873885,78,1013589436,1,400,'2012-06-09','2012-06-09');
INSERT INTO "spree_line_items" VALUES(1070873886,79,1013589434,1,300,'2012-06-18','2012-06-18');
INSERT INTO "spree_line_items" VALUES(1070873887,79,1013589424,1,200,'2012-06-18','2012-06-18');
INSERT INTO "spree_line_items" VALUES(1070873888,80,1013589428,1,1000,'2012-06-07','2012-06-07');
INSERT INTO "spree_line_items" VALUES(1070873889,81,1013589428,1,1000,'2012-05-31','2012-05-31');
INSERT INTO "spree_line_items" VALUES(1070873890,82,1013589429,1,1000,'2012-06-27','2012-06-27');
INSERT INTO "spree_line_items" VALUES(1070873891,83,1013589428,1,1000,'2012-06-07','2012-06-07');
INSERT INTO "spree_line_items" VALUES(1070873892,84,1013589434,1,300,'2012-07-13','2012-07-13');
INSERT INTO "spree_line_items" VALUES(1070873893,84,1013589424,1,200,'2012-07-13','2012-07-13');
INSERT INTO "spree_line_items" VALUES(1070873894,85,1013589434,1,300,'2012-07-20','2012-07-20');
INSERT INTO "spree_line_items" VALUES(1070873895,86,1013589434,1,300,'2012-07-13','2012-07-13');
INSERT INTO "spree_line_items" VALUES(1070873896,86,1013589424,1,200,'2012-07-13','2012-07-13');
INSERT INTO "spree_line_items" VALUES(1070873897,87,1013589436,1,400,'2012-07-14','2012-07-14');
INSERT INTO "spree_line_items" VALUES(1070873898,88,1013589430,1,800,'2012-07-12','2012-07-12');
INSERT INTO "spree_line_items" VALUES(1070873899,88,1013589436,1,400,'2012-07-12','2012-07-12');
INSERT INTO "spree_line_items" VALUES(1070873900,89,1013589429,1,1000,'2012-07-06','2012-07-06');
INSERT INTO "spree_line_items" VALUES(1070873901,90,1013589428,1,1000,'2012-07-10','2012-07-10');
INSERT INTO "spree_line_items" VALUES(1070873902,91,1013589428,1,1000,'2012-07-22','2012-07-22');
INSERT INTO "spree_line_items" VALUES(1070873903,92,1013589415,1,2200,'2012-06-02','2012-06-02');
INSERT INTO "spree_line_items" VALUES(1070873904,92,1013589430,1,800,'2012-06-02','2012-06-02');
INSERT INTO "spree_line_items" VALUES(1070873905,93,1013589426,1,3000,'2012-06-06','2012-06-06');
INSERT INTO "spree_line_items" VALUES(1070873906,93,1013589429,1,1000,'2012-06-06','2012-06-06');
INSERT INTO "spree_line_items" VALUES(1070873907,94,1013589426,1,3000,'2012-06-08','2012-06-08');
INSERT INTO "spree_line_items" VALUES(1070873908,94,1013589429,1,1000,'2012-06-08','2012-06-08');
INSERT INTO "spree_line_items" VALUES(1070873909,95,1013589426,1,3000,'2012-06-13','2012-06-13');
INSERT INTO "spree_line_items" VALUES(1070873910,95,1013589429,1,1000,'2012-06-13','2012-06-13');
INSERT INTO "spree_line_items" VALUES(1070873911,96,1013589422,1,4000,'2012-06-08','2012-06-08');
INSERT INTO "spree_line_items" VALUES(1070873912,96,1013589434,1,300,'2012-06-08','2012-06-08');
INSERT INTO "spree_line_items" VALUES(1070873913,97,1013589417,1,3000,'2012-06-16','2012-06-16');
INSERT INTO "spree_line_items" VALUES(1070873914,97,1013589434,1,300,'2012-06-16','2012-06-16');
INSERT INTO "spree_line_items" VALUES(1070873915,97,1013589426,1,3000,'2012-06-16','2012-06-16');
INSERT INTO "spree_line_items" VALUES(1070873916,98,1013589422,1,4000,'2012-05-28','2012-05-28');
INSERT INTO "spree_line_items" VALUES(1070873917,98,1013589434,1,300,'2012-05-28','2012-05-28');
INSERT INTO "spree_line_items" VALUES(1070873918,99,1013589422,1,4000,'2012-06-06','2012-06-06');
INSERT INTO "spree_line_items" VALUES(1070873919,99,1013589434,1,300,'2012-06-06','2012-06-06');
INSERT INTO "spree_line_items" VALUES(1070873920,100,1013589434,1,300,'2012-06-08','2012-06-08');
INSERT INTO "spree_line_items" VALUES(1070873921,100,1013589424,1,200,'2012-06-08','2012-06-08');
INSERT INTO "spree_line_items" VALUES(1070873922,101,1013589436,1,400,'2012-06-08','2012-06-08');
INSERT INTO "spree_line_items" VALUES(1070873923,102,1013589434,1,300,'2012-06-06','2012-06-06');
INSERT INTO "spree_line_items" VALUES(1070873924,103,1013589434,1,300,'2012-06-07','2012-06-07');
INSERT INTO "spree_line_items" VALUES(1070873925,104,1013589434,1,300,'2012-06-10','2012-06-10');
INSERT INTO "spree_line_items" VALUES(1070873926,104,1013589424,1,200,'2012-06-10','2012-06-10');
INSERT INTO "spree_line_items" VALUES(1070873927,105,1013589434,1,300,'2012-06-07','2012-06-07');
INSERT INTO "spree_line_items" VALUES(1070873928,106,1013589434,1,300,'2012-06-14','2012-06-14');
INSERT INTO "spree_line_items" VALUES(1070873929,107,1013589436,1,400,'2012-05-29','2012-05-29');
INSERT INTO "spree_line_items" VALUES(1070873930,108,1013589430,1,800,'2012-06-05','2012-06-05');
INSERT INTO "spree_line_items" VALUES(1070873931,108,1013589436,1,400,'2012-06-05','2012-06-05');
INSERT INTO "spree_line_items" VALUES(1070873932,109,1013589430,1,800,'2012-06-16','2012-06-16');
INSERT INTO "spree_line_items" VALUES(1070873933,109,1013589436,1,400,'2012-06-16','2012-06-16');
INSERT INTO "spree_line_items" VALUES(1070873934,110,1013589429,1,1000,'2012-06-01','2012-06-01');
INSERT INTO "spree_line_items" VALUES(1070873935,111,1013589428,1,1000,'2012-06-22','2012-06-22');
INSERT INTO "spree_line_items" VALUES(1070873936,112,1013589436,1,400,'2012-07-29','2012-07-29');
INSERT INTO "spree_line_items" VALUES(1070873937,113,1013589434,1,300,'2012-07-27','2012-07-27');
INSERT INTO "spree_line_items" VALUES(1070873938,114,1013589434,1,300,'2012-07-30','2012-07-30');
INSERT INTO "spree_line_items" VALUES(1070873939,115,1013589434,1,300,'2012-07-28','2012-07-28');
INSERT INTO "spree_line_items" VALUES(1070873940,115,1013589424,1,200,'2012-07-28','2012-07-28');
INSERT INTO "spree_line_items" VALUES(1070873941,116,1013589434,1,300,'2012-07-11','2012-07-11');
INSERT INTO "spree_line_items" VALUES(1070873942,117,1013589434,1,300,'2012-07-13','2012-07-13');
INSERT INTO "spree_line_items" VALUES(1070873943,117,1013589424,1,200,'2012-07-13','2012-07-13');
INSERT INTO "spree_line_items" VALUES(1070873944,118,1013589434,1,300,'2012-07-11','2012-07-11');
INSERT INTO "spree_line_items" VALUES(1070873945,119,1013589434,1,300,'2012-07-13','2012-07-13');
INSERT INTO "spree_line_items" VALUES(1070873946,119,1013589424,1,200,'2012-07-13','2012-07-13');
INSERT INTO "spree_line_items" VALUES(1070873947,120,1013589434,1,300,'2012-07-11','2012-07-11');
INSERT INTO "spree_line_items" VALUES(1070873948,121,1013589434,1,300,'2012-07-11','2012-07-11');
INSERT INTO "spree_line_items" VALUES(1070873949,121,1013589424,1,200,'2012-07-11','2012-07-11');
INSERT INTO "spree_line_items" VALUES(1070873950,122,1013589434,1,300,'2012-07-15','2012-07-15');
INSERT INTO "spree_line_items" VALUES(1070873951,123,1013589434,1,300,'2012-07-13','2012-07-13');
INSERT INTO "spree_line_items" VALUES(1070873952,124,1013589434,1,300,'2012-07-21','2012-07-21');
INSERT INTO "spree_line_items" VALUES(1070873953,125,1013589436,1,400,'2012-07-23','2012-07-23');
INSERT INTO "spree_line_items" VALUES(1070873954,126,1013589434,1,300,'2012-07-04','2012-07-04');
INSERT INTO "spree_line_items" VALUES(1070873955,127,1013589434,1,300,'2012-07-14','2012-07-14');
INSERT INTO "spree_line_items" VALUES(1070873956,128,1013589434,1,300,'2012-07-26','2012-07-26');
INSERT INTO "spree_line_items" VALUES(1070873957,129,1013589434,1,300,'2012-07-25','2012-07-25');
INSERT INTO "spree_line_items" VALUES(1070873958,129,1013589424,1,200,'2012-07-25','2012-07-25');
INSERT INTO "spree_line_items" VALUES(1070873959,130,1013589434,1,300,'2012-07-27','2012-07-27');
INSERT INTO "spree_line_items" VALUES(1070873960,131,1013589436,1,400,'2012-07-29','2012-07-29');
INSERT INTO "spree_line_items" VALUES(1070873961,132,1013589436,1,400,'2012-07-30','2012-07-30');
INSERT INTO "spree_line_items" VALUES(1070873962,133,1013589434,1,300,'2012-07-28','2012-07-28');
INSERT INTO "spree_line_items" VALUES(1070873963,134,1013589434,1,300,'2012-07-29','2012-07-29');
INSERT INTO "spree_line_items" VALUES(1070873964,134,1013589424,1,200,'2012-07-29','2012-07-29');
INSERT INTO "spree_line_items" VALUES(1070873965,135,1013589434,1,300,'2012-07-14','2012-07-14');
INSERT INTO "spree_line_items" VALUES(1070873966,135,1013589424,1,200,'2012-07-14','2012-07-14');
INSERT INTO "spree_line_items" VALUES(1070873967,136,1013589434,1,300,'2012-07-13','2012-07-13');
INSERT INTO "spree_line_items" VALUES(1070873968,136,1013589424,1,200,'2012-07-13','2012-07-13');
INSERT INTO "spree_line_items" VALUES(1070873969,137,1013589434,1,300,'2012-07-16','2012-07-16');
INSERT INTO "spree_line_items" VALUES(1070873970,138,1013589434,1,300,'2012-07-04','2012-07-04');
INSERT INTO "spree_line_items" VALUES(1070873971,138,1013589424,1,200,'2012-07-04','2012-07-04');
INSERT INTO "spree_line_items" VALUES(1070873972,139,1013589436,1,400,'2012-07-17','2012-07-17');
INSERT INTO "spree_line_items" VALUES(1070873973,140,1013589434,1,300,'2012-07-13','2012-07-13');
INSERT INTO "spree_line_items" VALUES(1070873974,141,1013589434,1,300,'2012-07-11','2012-07-11');
INSERT INTO "spree_line_items" VALUES(1070873975,142,1013589434,1,300,'2012-07-12','2012-07-12');
INSERT INTO "spree_line_items" VALUES(1070873976,143,1013589434,1,300,'2012-07-13','2012-07-13');
INSERT INTO "spree_line_items" VALUES(1070873977,144,1013589436,1,400,'2012-07-22','2012-07-22');
INSERT INTO "spree_line_items" VALUES(1070873978,145,1013589436,1,400,'2012-07-14','2012-07-14');
INSERT INTO "spree_line_items" VALUES(1070873979,146,1013589434,1,300,'2012-07-14','2012-07-14');
INSERT INTO "spree_line_items" VALUES(1070873980,146,1013589424,1,200,'2012-07-14','2012-07-14');
INSERT INTO "spree_line_items" VALUES(1070873981,147,1013589436,1,400,'2012-07-13','2012-07-13');
INSERT INTO "spree_line_items" VALUES(1070873982,148,1013589434,1,300,'2012-07-14','2012-07-14');
INSERT INTO "spree_line_items" VALUES(1070873983,148,1013589424,1,200,'2012-07-14','2012-07-14');
INSERT INTO "spree_line_items" VALUES(1070873984,149,1013589434,1,300,'2012-07-11','2012-07-11');
INSERT INTO "spree_line_items" VALUES(1070873985,150,1013589415,1,2200,'2012-07-28','2012-07-28');
INSERT INTO "spree_line_items" VALUES(1070873986,150,1013589430,1,800,'2012-07-28','2012-07-28');
INSERT INTO "spree_line_items" VALUES(1070873987,151,1013589426,1,3000,'2012-07-29','2012-07-29');
INSERT INTO "spree_line_items" VALUES(1070873988,151,1013589429,1,1000,'2012-07-29','2012-07-29');
INSERT INTO "spree_line_items" VALUES(1070873989,152,1013589415,1,2200,'2012-07-29','2012-07-29');
INSERT INTO "spree_line_items" VALUES(1070873990,152,1013589430,1,800,'2012-07-29','2012-07-29');
INSERT INTO "spree_line_items" VALUES(1070873991,153,1013589426,1,3000,'2012-07-29','2012-07-29');
INSERT INTO "spree_line_items" VALUES(1070873992,153,1013589429,1,1000,'2012-07-29','2012-07-29');
INSERT INTO "spree_line_items" VALUES(1070873993,154,1013589415,1,2200,'2012-07-30','2012-07-30');
INSERT INTO "spree_line_items" VALUES(1070873994,154,1013589430,1,800,'2012-07-30','2012-07-30');
INSERT INTO "spree_line_items" VALUES(1070873995,155,1013589415,1,2200,'2012-07-31','2012-07-31');
INSERT INTO "spree_line_items" VALUES(1070873996,155,1013589430,1,800,'2012-07-31','2012-07-31');
INSERT INTO "spree_line_items" VALUES(1070873997,156,1013589417,1,3000,'2012-07-27','2012-07-27');
INSERT INTO "spree_line_items" VALUES(1070873998,156,1013589424,1,200,'2012-07-27','2012-07-27');
INSERT INTO "spree_line_items" VALUES(1070873999,157,1013589430,1,800,'2012-06-08','2012-06-08');
INSERT INTO "spree_line_items" VALUES(1070874000,157,1013589436,1,400,'2012-06-08','2012-06-08');
INSERT INTO "spree_line_items" VALUES(1070874001,158,1013589429,1,1000,'2012-05-25','2012-05-25');
INSERT INTO "spree_line_items" VALUES(1070874002,159,1013589430,1,800,'2012-06-14','2012-06-14');
INSERT INTO "spree_line_items" VALUES(1070874003,159,1013589436,1,400,'2012-06-14','2012-06-14');
INSERT INTO "spree_line_items" VALUES(1070874004,160,1013589430,1,800,'2012-06-06','2012-06-06');
INSERT INTO "spree_line_items" VALUES(1070874005,160,1013589436,1,400,'2012-06-06','2012-06-06');
INSERT INTO "spree_line_items" VALUES(1070874006,161,1013589429,1,1000,'2012-06-08','2012-06-08');
INSERT INTO "spree_line_items" VALUES(1070874007,162,1013589429,1,1000,'2012-05-22','2012-05-22');
INSERT INTO "spree_line_items" VALUES(1070874008,163,1013589430,1,800,'2012-05-21','2012-05-21');
INSERT INTO "spree_line_items" VALUES(1070874009,163,1013589436,1,400,'2012-05-21','2012-05-21');
INSERT INTO "spree_line_items" VALUES(1070874010,164,1013589428,1,1000,'2012-05-27','2012-05-27');
INSERT INTO "spree_line_items" VALUES(1070874011,165,1013589429,1,1000,'2012-06-13','2012-06-13');
INSERT INTO "spree_line_items" VALUES(1070874012,166,1013589436,1,400,'2012-07-12','2012-07-12');
INSERT INTO "spree_line_items" VALUES(1070874013,167,1013589436,1,400,'2012-07-14','2012-07-14');
INSERT INTO "spree_line_items" VALUES(1070874014,168,1013589434,1,300,'2012-07-14','2012-07-14');
INSERT INTO "spree_line_items" VALUES(1070874015,168,1013589424,1,200,'2012-07-14','2012-07-14');
INSERT INTO "spree_line_items" VALUES(1070874016,169,1013589434,1,300,'2012-07-13','2012-07-13');
INSERT INTO "spree_line_items" VALUES(1070874017,170,1013589436,1,400,'2012-07-14','2012-07-14');
INSERT INTO "spree_line_items" VALUES(1070874018,171,1013589434,1,300,'2012-07-09','2012-07-09');
INSERT INTO "spree_line_items" VALUES(1070874019,171,1013589424,1,200,'2012-07-09','2012-07-09');
INSERT INTO "spree_line_items" VALUES(1070874020,172,1013589434,1,300,'2012-07-11','2012-07-11');
INSERT INTO "spree_line_items" VALUES(1070874021,173,1013589434,1,300,'2012-07-12','2012-07-12');
INSERT INTO "spree_line_items" VALUES(1070874022,173,1013589424,1,200,'2012-07-12','2012-07-12');
INSERT INTO "spree_line_items" VALUES(1070874023,174,1013589429,1,1000,'2012-07-30','2012-07-30');
INSERT INTO "spree_line_items" VALUES(1070874024,175,1013589429,1,1000,'2012-07-28','2012-07-28');
INSERT INTO "spree_line_items" VALUES(1070874025,176,1013589428,1,1000,'2012-07-28','2012-07-28');
INSERT INTO "spree_line_items" VALUES(1070874026,177,1013589429,1,1000,'2012-07-30','2012-07-30');
INSERT INTO "spree_line_items" VALUES(1070874027,178,1013589429,1,1000,'2012-07-30','2012-07-30');
INSERT INTO "spree_line_items" VALUES(1070874028,179,1013589429,1,1000,'2012-07-29','2012-07-29');
INSERT INTO "spree_line_items" VALUES(1070874029,180,1013589428,1,1000,'2012-07-28','2012-07-28');
INSERT INTO "spree_line_items" VALUES(1070874030,181,1013589429,1,1000,'2012-07-27','2012-07-27');
INSERT INTO "spree_line_items" VALUES(1070874031,182,1013589429,1,1000,'2012-07-29','2012-07-29');
INSERT INTO "spree_line_items" VALUES(1070874032,183,1013589430,1,800,'2012-07-28','2012-07-28');
INSERT INTO "spree_line_items" VALUES(1070874033,183,1013589436,1,400,'2012-07-28','2012-07-28');
INSERT INTO "spree_line_items" VALUES(1070874034,184,1013589429,1,1000,'2012-07-28','2012-07-28');
INSERT INTO "spree_line_items" VALUES(1070874035,185,1013589429,1,1000,'2012-07-30','2012-07-30');
INSERT INTO "spree_line_items" VALUES(1070874036,186,1013589429,1,1000,'2012-07-27','2012-07-27');
INSERT INTO "spree_line_items" VALUES(1070874037,187,1013589429,1,1000,'2012-07-29','2012-07-29');
INSERT INTO "spree_line_items" VALUES(1070874038,188,1013589429,1,1000,'2012-07-27','2012-07-27');
INSERT INTO "spree_line_items" VALUES(1070874039,189,1013589430,1,800,'2012-07-28','2012-07-28');
INSERT INTO "spree_line_items" VALUES(1070874040,189,1013589436,1,400,'2012-07-28','2012-07-28');
INSERT INTO "spree_line_items" VALUES(1070874041,190,1013589429,1,1000,'2012-07-30','2012-07-30');
INSERT INTO "spree_line_items" VALUES(1070874042,191,1013589429,1,1000,'2012-07-27','2012-07-27');
INSERT INTO "spree_line_items" VALUES(1070874043,192,1013589430,1,800,'2012-07-27','2012-07-27');
INSERT INTO "spree_line_items" VALUES(1070874044,192,1013589436,1,400,'2012-07-27','2012-07-27');
INSERT INTO "spree_line_items" VALUES(1070874045,193,1013589430,1,800,'2012-07-29','2012-07-29');
INSERT INTO "spree_line_items" VALUES(1070874046,193,1013589436,1,400,'2012-07-29','2012-07-29');
INSERT INTO "spree_line_items" VALUES(1070874047,194,1013589428,1,1000,'2012-07-29','2012-07-29');
INSERT INTO "spree_line_items" VALUES(1070874048,195,1013589429,1,1000,'2012-07-27','2012-07-27');
INSERT INTO "spree_line_items" VALUES(1070874049,196,1013589430,1,800,'2012-07-28','2012-07-28');
INSERT INTO "spree_line_items" VALUES(1070874050,196,1013589436,1,400,'2012-07-28','2012-07-28');
INSERT INTO "spree_line_items" VALUES(1070874051,197,1013589428,1,1000,'2012-07-27','2012-07-27');
INSERT INTO "spree_line_items" VALUES(1070874052,198,1013589429,1,1000,'2012-07-28','2012-07-28');
INSERT INTO "spree_line_items" VALUES(1070874053,199,1013589428,1,1000,'2012-07-29','2012-07-29');
INSERT INTO "spree_line_items" VALUES(1070874054,200,1013589428,1,1000,'2012-07-30','2012-07-30');
INSERT INTO "spree_line_items" VALUES(1070874055,201,1013589430,1,800,'2012-07-28','2012-07-28');
INSERT INTO "spree_line_items" VALUES(1070874056,201,1013589436,1,400,'2012-07-28','2012-07-28');
INSERT INTO "spree_line_items" VALUES(1070874057,202,1013589434,1,300,'2012-07-14','2012-07-14');
INSERT INTO "spree_line_items" VALUES(1070874058,203,1013589434,1,300,'2012-07-12','2012-07-12');
INSERT INTO "spree_line_items" VALUES(1070874059,204,1013589434,1,300,'2012-07-11','2012-07-11');
INSERT INTO "spree_line_items" VALUES(1070874060,205,1013589436,1,400,'2012-07-13','2012-07-13');
INSERT INTO "spree_line_items" VALUES(1070874061,206,1013589434,1,300,'2012-07-12','2012-07-12');
INSERT INTO "spree_line_items" VALUES(1070874062,207,1013589434,1,300,'2012-07-14','2012-07-14');
INSERT INTO "spree_line_items" VALUES(1070874063,207,1013589424,1,200,'2012-07-14','2012-07-14');
INSERT INTO "spree_line_items" VALUES(1070874064,208,1013589434,1,300,'2012-07-12','2012-07-12');
INSERT INTO "spree_line_items" VALUES(1070874065,208,1013589424,1,200,'2012-07-12','2012-07-12');
INSERT INTO "spree_line_items" VALUES(1070874066,209,1013589429,1,1000,'2012-07-28','2012-07-28');
INSERT INTO "spree_line_items" VALUES(1070874067,210,1013589430,1,800,'2012-07-30','2012-07-30');
INSERT INTO "spree_line_items" VALUES(1070874068,210,1013589436,1,400,'2012-07-30','2012-07-30');
INSERT INTO "spree_line_items" VALUES(1070874069,211,1013589429,1,1000,'2012-07-28','2012-07-28');
INSERT INTO "spree_line_items" VALUES(1070874070,212,1013589428,1,1000,'2012-07-28','2012-07-28');
INSERT INTO "spree_line_items" VALUES(1070874071,213,1013589428,1,1000,'2012-07-27','2012-07-27');
INSERT INTO "spree_line_items" VALUES(1070874072,214,1013589430,1,800,'2012-07-29','2012-07-29');
INSERT INTO "spree_line_items" VALUES(1070874073,214,1013589436,1,400,'2012-07-29','2012-07-29');
INSERT INTO "spree_line_items" VALUES(1070874074,215,1013589429,1,1000,'2012-07-27','2012-07-27');
INSERT INTO "spree_line_items" VALUES(1070874075,216,1013589430,1,800,'2012-07-13','2012-07-13');
INSERT INTO "spree_line_items" VALUES(1070874076,216,1013589436,1,400,'2012-07-13','2012-07-13');
INSERT INTO "spree_line_items" VALUES(1070874077,217,1013589430,1,800,'2012-07-09','2012-07-09');
INSERT INTO "spree_line_items" VALUES(1070874078,217,1013589436,1,400,'2012-07-09','2012-07-09');
INSERT INTO "spree_line_items" VALUES(1070874079,218,1013589428,1,1000,'2012-07-13','2012-07-13');
INSERT INTO "spree_line_items" VALUES(1070874080,219,1013589430,1,800,'2012-07-11','2012-07-11');
INSERT INTO "spree_line_items" VALUES(1070874081,219,1013589436,1,400,'2012-07-11','2012-07-11');
INSERT INTO "spree_line_items" VALUES(1070874082,220,1013589428,1,1000,'2012-07-13','2012-07-13');
INSERT INTO "spree_line_items" VALUES(1070874083,221,1013589430,1,800,'2012-07-07','2012-07-07');
INSERT INTO "spree_line_items" VALUES(1070874084,221,1013589436,1,400,'2012-07-07','2012-07-07');
INSERT INTO "spree_line_items" VALUES(1070874085,222,1013589429,1,1000,'2012-07-06','2012-07-06');
INSERT INTO "spree_line_items" VALUES(1070874086,223,1013589430,1,800,'2012-07-13','2012-07-13');
INSERT INTO "spree_line_items" VALUES(1070874087,223,1013589436,1,400,'2012-07-13','2012-07-13');
INSERT INTO "spree_line_items" VALUES(1070874088,224,1013589422,1,4000,'2012-07-17','2012-07-17');
INSERT INTO "spree_line_items" VALUES(1070874089,224,1013589434,1,300,'2012-07-17','2012-07-17');
INSERT INTO "spree_line_items" VALUES(1070874090,225,1013589416,1,8000,'2012-07-13','2012-07-13');
INSERT INTO "spree_line_items" VALUES(1070874091,226,1013589416,1,8000,'2012-07-13','2012-07-13');
INSERT INTO "spree_line_items" VALUES(1070874092,227,1013589422,1,4000,'2012-07-12','2012-07-12');
INSERT INTO "spree_line_items" VALUES(1070874093,227,1013589434,1,300,'2012-07-12','2012-07-12');
INSERT INTO "spree_line_items" VALUES(1070874094,228,1013589417,1,3000,'2012-07-14','2012-07-14');
INSERT INTO "spree_line_items" VALUES(1070874095,228,1013589434,1,300,'2012-07-14','2012-07-14');
INSERT INTO "spree_line_items" VALUES(1070874096,228,1013589426,1,3000,'2012-07-14','2012-07-14');
INSERT INTO "spree_line_items" VALUES(1070874097,229,1013589417,1,3000,'2012-07-14','2012-07-14');
INSERT INTO "spree_line_items" VALUES(1070874098,229,1013589434,1,300,'2012-07-14','2012-07-14');
INSERT INTO "spree_line_items" VALUES(1070874099,229,1013589426,1,3000,'2012-07-14','2012-07-14');
INSERT INTO "spree_line_items" VALUES(1070874100,230,1013589426,1,3000,'2012-07-13','2012-07-13');
INSERT INTO "spree_line_items" VALUES(1070874101,230,1013589429,1,1000,'2012-07-13','2012-07-13');
INSERT INTO "spree_line_items" VALUES(1070874102,231,1013589426,1,3000,'2012-07-14','2012-07-14');
INSERT INTO "spree_line_items" VALUES(1070874103,231,1013589429,1,1000,'2012-07-14','2012-07-14');
INSERT INTO "spree_line_items" VALUES(1070874104,232,1013589417,1,3000,'2012-07-10','2012-07-10');
INSERT INTO "spree_line_items" VALUES(1070874105,232,1013589424,1,200,'2012-07-10','2012-07-10');
INSERT INTO "spree_line_items" VALUES(1070874106,233,1013589426,1,3000,'2012-07-11','2012-07-11');
INSERT INTO "spree_line_items" VALUES(1070874107,233,1013589429,1,1000,'2012-07-11','2012-07-11');
INSERT INTO "spree_line_items" VALUES(1070874108,234,1013589415,1,2200,'2012-07-12','2012-07-12');
INSERT INTO "spree_line_items" VALUES(1070874109,234,1013589430,1,800,'2012-07-12','2012-07-12');
INSERT INTO "spree_line_items" VALUES(1070874110,235,1013589426,1,3000,'2012-07-14','2012-07-14');
INSERT INTO "spree_line_items" VALUES(1070874111,235,1013589429,1,1000,'2012-07-14','2012-07-14');
INSERT INTO "spree_line_items" VALUES(1070874112,236,1013589426,1,3000,'2012-07-11','2012-07-11');
INSERT INTO "spree_line_items" VALUES(1070874113,236,1013589429,1,1000,'2012-07-11','2012-07-11');
INSERT INTO "spree_line_items" VALUES(1070874114,237,1013589415,1,2200,'2012-07-11','2012-07-11');
INSERT INTO "spree_line_items" VALUES(1070874115,237,1013589430,1,800,'2012-07-11','2012-07-11');
INSERT INTO "spree_line_items" VALUES(1070874116,238,1013589415,1,2200,'2012-07-12','2012-07-12');
INSERT INTO "spree_line_items" VALUES(1070874117,238,1013589430,1,800,'2012-07-12','2012-07-12');
INSERT INTO "spree_line_items" VALUES(1070874118,239,1013589434,1,300,'2012-07-04','2012-07-04');
INSERT INTO "spree_line_items" VALUES(1070874119,240,1013589434,1,300,'2012-07-12','2012-07-12');
INSERT INTO "spree_line_items" VALUES(1070874120,240,1013589424,1,200,'2012-07-12','2012-07-12');
INSERT INTO "spree_line_items" VALUES(1070874121,241,1013589434,1,300,'2012-07-12','2012-07-12');
INSERT INTO "spree_line_items" VALUES(1070874122,242,1013589434,1,300,'2012-07-19','2012-07-19');
INSERT INTO "spree_line_items" VALUES(1070874123,243,1013589434,1,300,'2012-07-11','2012-07-11');
INSERT INTO "spree_line_items" VALUES(1070874124,244,1013589436,1,400,'2012-07-11','2012-07-11');
INSERT INTO "spree_line_items" VALUES(1070874125,245,1013589434,1,300,'2012-07-12','2012-07-12');
INSERT INTO "spree_line_items" VALUES(1070874126,245,1013589424,1,200,'2012-07-12','2012-07-12');
INSERT INTO "spree_line_items" VALUES(1070874127,246,1013589434,1,300,'2012-07-13','2012-07-13');
INSERT INTO "spree_line_items" VALUES(1070874128,246,1013589424,1,200,'2012-07-13','2012-07-13');
INSERT INTO "spree_line_items" VALUES(1070874129,247,1013589417,1,3000,'2012-07-29','2012-07-29');
INSERT INTO "spree_line_items" VALUES(1070874130,247,1013589434,1,300,'2012-07-29','2012-07-29');
INSERT INTO "spree_line_items" VALUES(1070874131,247,1013589426,1,3000,'2012-07-29','2012-07-29');
INSERT INTO "spree_line_items" VALUES(1070874132,248,1013589422,1,4000,'2012-07-30','2012-07-30');
INSERT INTO "spree_line_items" VALUES(1070874133,248,1013589434,1,300,'2012-07-30','2012-07-30');
INSERT INTO "spree_line_items" VALUES(1070874134,249,1013589417,1,3000,'2012-07-28','2012-07-28');
INSERT INTO "spree_line_items" VALUES(1070874135,249,1013589434,1,300,'2012-07-28','2012-07-28');
INSERT INTO "spree_line_items" VALUES(1070874136,249,1013589426,1,3000,'2012-07-28','2012-07-28');
INSERT INTO "spree_line_items" VALUES(1070874137,250,1013589416,1,8000,'2012-07-28','2012-07-28');
INSERT INTO "spree_line_items" VALUES(1070874138,251,1013589417,1,3000,'2012-07-30','2012-07-30');
INSERT INTO "spree_line_items" VALUES(1070874139,251,1013589434,1,300,'2012-07-30','2012-07-30');
INSERT INTO "spree_line_items" VALUES(1070874140,251,1013589426,1,3000,'2012-07-30','2012-07-30');
INSERT INTO "spree_line_items" VALUES(1070874141,252,1013589416,1,8000,'2012-07-28','2012-07-28');
INSERT INTO "spree_line_items" VALUES(1070874142,253,1013589430,1,800,'2012-07-11','2012-07-11');
INSERT INTO "spree_line_items" VALUES(1070874143,253,1013589436,1,400,'2012-07-11','2012-07-11');
INSERT INTO "spree_line_items" VALUES(1070874144,254,1013589428,1,1000,'2012-07-12','2012-07-12');
INSERT INTO "spree_line_items" VALUES(1070874145,255,1013589429,1,1000,'2012-07-11','2012-07-11');
INSERT INTO "spree_line_items" VALUES(1070874146,256,1013589428,1,1000,'2012-07-12','2012-07-12');
INSERT INTO "spree_line_items" VALUES(1070874147,257,1013589430,1,800,'2012-07-13','2012-07-13');
INSERT INTO "spree_line_items" VALUES(1070874148,257,1013589436,1,400,'2012-07-13','2012-07-13');
INSERT INTO "spree_line_items" VALUES(1070874149,258,1013589428,1,1000,'2012-07-14','2012-07-14');
INSERT INTO "spree_line_items" VALUES(1070874150,259,1013589430,1,800,'2012-07-22','2012-07-22');
INSERT INTO "spree_line_items" VALUES(1070874151,259,1013589436,1,400,'2012-07-22','2012-07-22');
INSERT INTO "spree_line_items" VALUES(1070874152,260,1013589429,1,1000,'2012-07-11','2012-07-11');
INSERT INTO "spree_line_items" VALUES(1070874153,261,1013589430,1,800,'2012-07-27','2012-07-27');
INSERT INTO "spree_line_items" VALUES(1070874154,261,1013589436,1,400,'2012-07-27','2012-07-27');
INSERT INTO "spree_line_items" VALUES(1070874155,262,1013589429,1,1000,'2012-07-28','2012-07-28');
INSERT INTO "spree_line_items" VALUES(1070874156,263,1013589430,1,800,'2012-07-30','2012-07-30');
INSERT INTO "spree_line_items" VALUES(1070874157,263,1013589436,1,400,'2012-07-30','2012-07-30');
INSERT INTO "spree_line_items" VALUES(1070874158,264,1013589429,1,1000,'2012-07-28','2012-07-28');
INSERT INTO "spree_line_items" VALUES(1070874159,265,1013589430,1,800,'2012-07-27','2012-07-27');
INSERT INTO "spree_line_items" VALUES(1070874160,265,1013589436,1,400,'2012-07-27','2012-07-27');
INSERT INTO "spree_line_items" VALUES(1070874161,266,1013589430,1,800,'2012-07-29','2012-07-29');
INSERT INTO "spree_line_items" VALUES(1070874162,266,1013589436,1,400,'2012-07-29','2012-07-29');
INSERT INTO "spree_line_items" VALUES(1070874163,267,1013589430,1,800,'2012-07-28','2012-07-28');
INSERT INTO "spree_line_items" VALUES(1070874164,267,1013589436,1,400,'2012-07-28','2012-07-28');
INSERT INTO "spree_line_items" VALUES(1070874165,268,1013589428,1,1000,'2012-07-29','2012-07-29');
INSERT INTO "spree_line_items" VALUES(1070874166,269,1013589429,1,1000,'2012-07-29','2012-07-29');
CREATE TABLE "spree_option_types" ("id" INTEGER PRIMARY KEY AUTOINCREMENT NOT NULL, "name" varchar(100), "presentation" varchar(100), "created_at" datetime NOT NULL, "updated_at" datetime NOT NULL, "position" integer DEFAULT 0 NOT NULL);
INSERT INTO "spree_option_types" VALUES(643188970,'tshirt-color','Color','2012-08-06 13:37:39','2012-08-06 13:37:39',2);
INSERT INTO "spree_option_types" VALUES(935339117,'tshirt-size','Size','2012-08-06 13:37:39','2012-08-06 13:37:39',1);
CREATE TABLE "spree_option_types_prototypes" ("prototype_id" integer, "option_type_id" integer);
INSERT INTO "spree_option_types_prototypes" VALUES(571598468,935339117);
INSERT INTO "spree_option_types_prototypes" VALUES(571598468,643188970);
INSERT INTO "spree_option_types_prototypes" VALUES(571598469,643188970);
CREATE TABLE "spree_option_values" ("id" INTEGER PRIMARY KEY AUTOINCREMENT NOT NULL, "position" integer, "name" varchar(255), "presentation" varchar(255), "option_type_id" integer, "created_at" datetime NOT NULL, "updated_at" datetime NOT NULL);
INSERT INTO "spree_option_values" VALUES(278588964,2,'Green','Green',643188970,'2012-08-06 13:37:39','2012-08-06 13:37:39');
INSERT INTO "spree_option_values" VALUES(369541888,3,'Large','L',935339117,'2012-08-06 13:37:39','2012-08-06 13:37:39');
INSERT INTO "spree_option_values" VALUES(453955339,1,'Small','S',935339117,'2012-08-06 13:37:39','2012-08-06 13:37:39');
INSERT INTO "spree_option_values" VALUES(506907318,3,'Blue','Blue',643188970,'2012-08-06 13:37:39','2012-08-06 13:37:39');
INSERT INTO "spree_option_values" VALUES(553775723,2,'Medium','M',935339117,'2012-08-06 13:37:39','2012-08-06 13:37:39');
INSERT INTO "spree_option_values" VALUES(574344309,4,'Extra Large','XL',935339117,'2012-08-06 13:37:39','2012-08-06 13:37:39');
INSERT INTO "spree_option_values" VALUES(979459986,1,'Red','Red',643188970,'2012-08-06 13:37:39','2012-08-06 13:37:39');
INSERT INTO "spree_option_values" VALUES(979459987,4,'Multi Color','Multi Color',643188970,'2012-08-06 16:15:26.558382','2012-08-06 16:15:26.558382');
CREATE TABLE "spree_option_values_variants" ("variant_id" integer, "option_value_id" integer);
INSERT INTO "spree_option_values_variants" VALUES(325821322,453955339);
INSERT INTO "spree_option_values_variants" VALUES(325821322,979459986);
INSERT INTO "spree_option_values_variants" VALUES(1013589412,453955339);
INSERT INTO "spree_option_values_variants" VALUES(1013589412,506907318);
INSERT INTO "spree_option_values_variants" VALUES(529709246,453955339);
INSERT INTO "spree_option_values_variants" VALUES(529709246,278588964);
INSERT INTO "spree_option_values_variants" VALUES(947339321,553775723);
INSERT INTO "spree_option_values_variants" VALUES(947339321,979459986);
INSERT INTO "spree_option_values_variants" VALUES(664770399,553775723);
INSERT INTO "spree_option_values_variants" VALUES(664770399,506907318);
INSERT INTO "spree_option_values_variants" VALUES(97292824,553775723);
INSERT INTO "spree_option_values_variants" VALUES(97292824,278588964);
INSERT INTO "spree_option_values_variants" VALUES(568516732,369541888);
INSERT INTO "spree_option_values_variants" VALUES(568516732,979459986);
INSERT INTO "spree_option_values_variants" VALUES(405540681,369541888);
INSERT INTO "spree_option_values_variants" VALUES(405540681,506907318);
INSERT INTO "spree_option_values_variants" VALUES(265742438,369541888);
INSERT INTO "spree_option_values_variants" VALUES(265742438,278588964);
INSERT INTO "spree_option_values_variants" VALUES(205047256,574344309);
INSERT INTO "spree_option_values_variants" VALUES(205047256,979459986);
INSERT INTO "spree_option_values_variants" VALUES(11550984,453955339);
INSERT INTO "spree_option_values_variants" VALUES(451832754,553775723);
INSERT INTO "spree_option_values_variants" VALUES(284430812,369541888);
INSERT INTO "spree_option_values_variants" VALUES(1013589418,453955339);
INSERT INTO "spree_option_values_variants" VALUES(1013589419,553775723);
INSERT INTO "spree_option_values_variants" VALUES(1013589420,369541888);
INSERT INTO "spree_option_values_variants" VALUES(1013589421,574344309);
INSERT INTO "spree_option_values_variants" VALUES(1013589423,369541888);
INSERT INTO "spree_option_values_variants" VALUES(1013589425,979459987);
INSERT INTO "spree_option_values_variants" VALUES(1013589427,979459986);
INSERT INTO "spree_option_values_variants" VALUES(1013589431,453955339);
INSERT INTO "spree_option_values_variants" VALUES(1013589432,553775723);
INSERT INTO "spree_option_values_variants" VALUES(1013589433,369541888);
INSERT INTO "spree_option_values_variants" VALUES(1013589437,453955339);
INSERT INTO "spree_option_values_variants" VALUES(1013589437,979459986);
INSERT INTO "spree_option_values_variants" VALUES(1013589438,453955339);
INSERT INTO "spree_option_values_variants" VALUES(1013589439,553775723);
INSERT INTO "spree_option_values_variants" VALUES(1013589440,369541888);
INSERT INTO "spree_option_values_variants" VALUES(1013589443,453955339);
INSERT INTO "spree_option_values_variants" VALUES(1013589444,553775723);
INSERT INTO "spree_option_values_variants" VALUES(1013589445,369541888);
CREATE TABLE "spree_product_option_types" ("id" INTEGER PRIMARY KEY AUTOINCREMENT NOT NULL, "position" integer, "product_id" integer, "option_type_id" integer, "created_at" datetime NOT NULL, "updated_at" datetime NOT NULL);
INSERT INTO "spree_product_option_types" VALUES(33286406,4,528469905,643188970,'2012-08-06 13:37:39','2012-08-06 13:37:39');
INSERT INTO "spree_product_option_types" VALUES(120260595,3,528469905,935339117,'2012-08-06 13:37:39','2012-08-06 13:37:39');
INSERT INTO "spree_product_option_types" VALUES(409080753,2,1025786064,643188970,'2012-08-06 13:37:39','2012-08-06 13:37:39');
INSERT INTO "spree_product_option_types" VALUES(770483855,1,1025786064,935339117,'2012-08-06 13:37:39','2012-08-06 13:37:39');
INSERT INTO "spree_product_option_types" VALUES(770483856,1,1060500597,935339117,'2012-08-06 15:58:53.786290','2012-08-06 15:58:53.786290');
INSERT INTO "spree_product_option_types" VALUES(770483857,1,1060500598,935339117,'2012-08-06 16:01:30.922741','2012-08-06 16:01:30.922741');
INSERT INTO "spree_product_option_types" VALUES(770483858,1,1060500599,643188970,'2012-08-06 16:15:54.255844','2012-08-06 16:15:54.255844');
INSERT INTO "spree_product_option_types" VALUES(770483859,1,1060500600,643188970,'2012-08-06 16:21:21.647739','2012-08-06 16:21:21.647739');
INSERT INTO "spree_product_option_types" VALUES(770483860,1,1060500604,643188970,'2012-08-10 13:07:37.476965','2012-08-10 13:07:37.476965');
INSERT INTO "spree_product_option_types" VALUES(770483861,1,1060500606,935339117,'2012-08-16 12:13:57.091082','2012-08-16 12:13:57.091082');
INSERT INTO "spree_product_option_types" VALUES(770483863,1,1060500608,935339117,'2012-08-16 12:25:44.376792','2012-08-16 12:25:44.376792');
CREATE TABLE "spree_product_properties" ("id" INTEGER PRIMARY KEY AUTOINCREMENT NOT NULL, "value" varchar(255), "product_id" integer, "property_id" integer, "created_at" datetime NOT NULL, "updated_at" datetime NOT NULL);
INSERT INTO "spree_product_properties" VALUES(20058462,'100% Cotton',528469905,209471856,'2012-08-06 13:37:40','2012-08-06 13:37:40');
INSERT INTO "spree_product_properties" VALUES(23187048,'Jr Spaghetti T',398400663,905834902,'2012-08-06 13:37:40','2012-08-06 13:37:40');
INSERT INTO "spree_product_properties" VALUES(35541550,'100% Vellum',187438981,209471856,'2012-08-06 13:37:40','2012-08-06 13:37:40');
INSERT INTO "spree_product_properties" VALUES(49364048,'Men''s',528469905,730553315,'2012-08-06 13:37:40','2012-08-06 13:37:40');
INSERT INTO "spree_product_properties" VALUES(53010788,'6.75" tall, 3.75" dia. base, 3" dia. rim',302032070,704092869,'2012-08-06 13:37:40','2012-08-06 13:37:40');
INSERT INTO "spree_product_properties" VALUES(86292430,'form',398400663,793908548,'2012-08-06 13:37:40','2012-08-06 13:37:40');
INSERT INTO "spree_product_properties" VALUES(94685118,'TL9002',187438981,39476074,'2012-08-06 13:37:40','2012-08-06 13:37:40');
INSERT INTO "spree_product_properties" VALUES(107151082,'15" x 18" x 6"',176895127,591802549,'2012-08-06 13:37:40','2012-08-06 13:37:40');
INSERT INTO "spree_product_properties" VALUES(172457766,'Women''s',1060500592,730553315,'2012-08-06 13:37:40','2012-08-06 13:37:40');
INSERT INTO "spree_product_properties" VALUES(183653538,'Baseball Jersey',1025786064,905834902,'2012-08-06 13:37:40','2012-08-06 13:37:40');
INSERT INTO "spree_product_properties" VALUES(198421197,'Jerseys',1060500592,560029305,'2012-08-06 13:37:40','2012-08-06 13:37:40');
INSERT INTO "spree_product_properties" VALUES(213548534,'TL174',398400663,39476074,'2012-08-06 13:37:40','2012-08-06 13:37:40');
INSERT INTO "spree_product_properties" VALUES(219455744,'Stein',302032070,317319559,'2012-08-06 13:37:40','2012-08-06 13:37:40');
INSERT INTO "spree_product_properties" VALUES(221505552,'Messenger',107377505,408437751,'2012-08-06 13:37:40','2012-08-06 13:37:40');
INSERT INTO "spree_product_properties" VALUES(222368812,'Wannabe Sports',528469905,161337574,'2012-08-06 13:37:40','2012-08-06 13:37:40');
INSERT INTO "spree_product_properties" VALUES(234140569,'short',500501192,305002717,'2012-08-06 13:37:40','2012-08-06 13:37:40');
INSERT INTO "spree_product_properties" VALUES(243202933,'600 Denier Polyester',723959550,901906169,'2012-08-06 13:37:40','2012-08-06 13:37:40');
INSERT INTO "spree_product_properties" VALUES(301381635,'Jerseys',500501192,560029305,'2012-08-06 13:37:40','2012-08-06 13:37:40');
INSERT INTO "spree_product_properties" VALUES(316341113,'Wilson',1025786064,560029305,'2012-08-06 13:37:40','2012-08-06 13:37:40');
INSERT INTO "spree_product_properties" VALUES(323890842,'Men''s',1025786064,730553315,'2012-08-06 13:37:40','2012-08-06 13:37:40');
INSERT INTO "spree_product_properties" VALUES(335217946,'Jr Spaghetti T',1060500592,905834902,'2012-08-06 13:37:40','2012-08-06 13:37:40');
INSERT INTO "spree_product_properties" VALUES(337506628,'Mug',596960057,317319559,'2012-08-06 13:37:40','2012-08-06 13:37:40');
INSERT INTO "spree_product_properties" VALUES(339392948,'Tote',176895127,408437751,'2012-08-06 13:37:40','2012-08-06 13:37:40');
INSERT INTO "spree_product_properties" VALUES(340280728,'Resilance',398400663,161337574,'2012-08-06 13:37:40','2012-08-06 13:37:40');
INSERT INTO "spree_product_properties" VALUES(364063818,'JK1002',528469905,39476074,'2012-08-06 13:37:40','2012-08-06 13:37:40');
INSERT INTO "spree_product_properties" VALUES(393718481,'Canvas',459084718,901906169,'2012-08-06 13:37:40','2012-08-06 13:37:40');
INSERT INTO "spree_product_properties" VALUES(406536418,'90% Cotton, 10% Nylon',398400663,209471856,'2012-08-06 13:37:40','2012-08-06 13:37:40');
INSERT INTO "spree_product_properties" VALUES(409509844,'Baseball Jersey',528469905,905834902,'2012-08-06 13:37:40','2012-08-06 13:37:40');
INSERT INTO "spree_product_properties" VALUES(438415584,'4.5" tall, 3.25" dia.',596960057,704092869,'2012-08-06 13:37:40','2012-08-06 13:37:40');
INSERT INTO "spree_product_properties" VALUES(469265912,'Women''s',398400663,730553315,'2012-08-06 13:37:40','2012-08-06 13:37:40');
INSERT INTO "spree_product_properties" VALUES(472770166,'loose',528469905,793908548,'2012-08-06 13:37:40','2012-08-06 13:37:40');
INSERT INTO "spree_product_properties" VALUES(474718531,'short',187438981,305002717,'2012-08-06 13:37:40','2012-08-06 13:37:40');
INSERT INTO "spree_product_properties" VALUES(492240860,'Conditioned',187438981,161337574,'2012-08-06 13:37:40','2012-08-06 13:37:40');
INSERT INTO "spree_product_properties" VALUES(520201478,'loose',187438981,793908548,'2012-08-06 13:37:40','2012-08-06 13:37:40');
INSERT INTO "spree_product_properties" VALUES(527150930,'14 1/2" x 12" x 5"',107377505,591802549,'2012-08-06 13:37:40','2012-08-06 13:37:40');
INSERT INTO "spree_product_properties" VALUES(592409859,'Conditioned',500501192,161337574,'2012-08-06 13:37:40','2012-08-06 13:37:40');
INSERT INTO "spree_product_properties" VALUES(603640506,'long',528469905,305002717,'2012-08-06 13:37:40','2012-08-06 13:37:40');
INSERT INTO "spree_product_properties" VALUES(620508557,'Ringer T',187438981,905834902,'2012-08-06 13:37:40','2012-08-06 13:37:40');
INSERT INTO "spree_product_properties" VALUES(646472421,'4.5" tall, 3.25" dia.',248786582,704092869,'2012-08-06 13:37:40','2012-08-06 13:37:40');
INSERT INTO "spree_product_properties" VALUES(649013781,'15" x 18" x 6"',459084718,591802549,'2012-08-06 13:37:40','2012-08-06 13:37:40');
INSERT INTO "spree_product_properties" VALUES(653363348,'Jerseys',398400663,560029305,'2012-08-06 13:37:40','2012-08-06 13:37:40');
INSERT INTO "spree_product_properties" VALUES(671520151,'form',1060500592,793908548,'2012-08-06 13:37:40','2012-08-06 13:37:40');
INSERT INTO "spree_product_properties" VALUES(710004557,'Resilance',1060500592,161337574,'2012-08-06 13:37:40','2012-08-06 13:37:40');
INSERT INTO "spree_product_properties" VALUES(726438360,'none',1060500592,305002717,'2012-08-06 13:37:40','2012-08-06 13:37:40');
INSERT INTO "spree_product_properties" VALUES(732604053,'JK1002',1025786064,39476074,'2012-08-06 13:37:40','2012-08-06 13:37:40');
INSERT INTO "spree_product_properties" VALUES(739259141,'100% Cotton',1025786064,209471856,'2012-08-06 13:37:40','2012-08-06 13:37:40');
INSERT INTO "spree_product_properties" VALUES(754933093,'Men''s',500501192,730553315,'2012-08-06 13:37:40','2012-08-06 13:37:40');
INSERT INTO "spree_product_properties" VALUES(769225731,'Stein',1035865702,317319559,'2012-08-06 13:37:40','2012-08-06 13:37:40');
INSERT INTO "spree_product_properties" VALUES(771636467,'Messenger',723959550,408437751,'2012-08-06 13:37:40','2012-08-06 13:37:40');
INSERT INTO "spree_product_properties" VALUES(792490103,'100% Vellum',500501192,209471856,'2012-08-06 13:37:40','2012-08-06 13:37:40');
INSERT INTO "spree_product_properties" VALUES(823116847,'loose',1025786064,793908548,'2012-08-06 13:37:40','2012-08-06 13:37:40');
INSERT INTO "spree_product_properties" VALUES(841189213,'loose',500501192,793908548,'2012-08-06 13:37:40','2012-08-06 13:37:40');
INSERT INTO "spree_product_properties" VALUES(843432044,'long',1025786064,305002717,'2012-08-06 13:37:40','2012-08-06 13:37:40');
INSERT INTO "spree_product_properties" VALUES(849606441,'TL174',1060500592,39476074,'2012-08-06 13:37:40','2012-08-06 13:37:40');
INSERT INTO "spree_product_properties" VALUES(861445881,'Wannabe Sports',1025786064,161337574,'2012-08-06 13:37:40','2012-08-06 13:37:40');
INSERT INTO "spree_product_properties" VALUES(886056379,'Mug',248786582,317319559,'2012-08-06 13:37:40','2012-08-06 13:37:40');
INSERT INTO "spree_product_properties" VALUES(888630603,'Tote',459084718,408437751,'2012-08-06 13:37:40','2012-08-06 13:37:40');
INSERT INTO "spree_product_properties" VALUES(890856121,'90% Cotton, 10% Nylon',1060500592,209471856,'2012-08-06 13:37:40','2012-08-06 13:37:40');
INSERT INTO "spree_product_properties" VALUES(912719615,'Ringer T',500501192,905834902,'2012-08-06 13:37:40','2012-08-06 13:37:40');
INSERT INTO "spree_product_properties" VALUES(989037314,'none',398400663,305002717,'2012-08-06 13:37:40','2012-08-06 13:37:40');
INSERT INTO "spree_product_properties" VALUES(1002261863,'TL9002',500501192,39476074,'2012-08-06 13:37:40','2012-08-06 13:37:40');
INSERT INTO "spree_product_properties" VALUES(1020566108,'Jerseys',187438981,560029305,'2012-08-06 13:37:40','2012-08-06 13:37:40');
INSERT INTO "spree_product_properties" VALUES(1027624887,'Men''s',187438981,730553315,'2012-08-06 13:37:40','2012-08-06 13:37:40');
INSERT INTO "spree_product_properties" VALUES(1065431905,'6.75" tall, 3.75" dia. base, 3" dia. rim',1035865702,704092869,'2012-08-06 13:37:40','2012-08-06 13:37:40');
INSERT INTO "spree_product_properties" VALUES(1067875249,'14 1/2" x 12" x 5"',723959550,591802549,'2012-08-06 13:37:40','2012-08-06 13:37:40');
INSERT INTO "spree_product_properties" VALUES(1073273136,'Wilson',528469905,560029305,'2012-08-06 13:37:40','2012-08-06 13:37:40');
INSERT INTO "spree_product_properties" VALUES(1073273137,NULL,1060500593,560029305,'2012-08-06 14:35:43.158108','2012-08-06 14:35:43.158108');
INSERT INTO "spree_product_properties" VALUES(1073273138,NULL,1060500593,161337574,'2012-08-06 14:35:43.159926','2012-08-06 14:35:43.159926');
INSERT INTO "spree_product_properties" VALUES(1073273139,NULL,1060500593,39476074,'2012-08-06 14:35:43.161047','2012-08-06 14:35:43.161047');
INSERT INTO "spree_product_properties" VALUES(1073273140,NULL,1060500593,905834902,'2012-08-06 14:35:43.162138','2012-08-06 14:35:43.162138');
INSERT INTO "spree_product_properties" VALUES(1073273141,NULL,1060500593,305002717,'2012-08-06 14:35:43.163229','2012-08-06 14:35:43.163229');
INSERT INTO "spree_product_properties" VALUES(1073273142,NULL,1060500593,209471856,'2012-08-06 14:35:43.164306','2012-08-06 14:35:43.164306');
INSERT INTO "spree_product_properties" VALUES(1073273143,NULL,1060500593,793908548,'2012-08-06 14:35:43.165355','2012-08-06 14:35:43.165355');
INSERT INTO "spree_product_properties" VALUES(1073273144,NULL,1060500593,730553315,'2012-08-06 14:35:43.166447','2012-08-06 14:35:43.166447');
INSERT INTO "spree_product_properties" VALUES(1073273145,'Zen',1060500594,161337574,'2012-08-06 15:03:29.157240','2012-08-06 15:05:28.889567');
INSERT INTO "spree_product_properties" VALUES(1073273146,'M28',1060500594,39476074,'2012-08-06 15:03:29.158445','2012-08-06 15:05:28.890766');
INSERT INTO "spree_product_properties" VALUES(1073273147,'Sandisk',1060500595,161337574,'2012-08-06 15:13:08.725988','2012-08-06 15:13:08.725988');
INSERT INTO "spree_product_properties" VALUES(1073273148,'32GB',1060500595,905834903,'2012-08-06 15:13:08.727097','2012-08-06 15:13:08.727097');
INSERT INTO "spree_product_properties" VALUES(1073273149,'Samsung',1060500596,161337574,'2012-08-06 15:13:52.783706','2012-08-06 15:16:01.428087');
INSERT INTO "spree_product_properties" VALUES(1073273150,'S3',1060500596,39476074,'2012-08-06 15:13:52.784595','2012-08-06 15:21:03.436215');
INSERT INTO "spree_product_properties" VALUES(1073273151,'16 gb',1060500596,905834903,'2012-08-06 15:21:03.437231','2012-08-06 15:21:03.437231');
INSERT INTO "spree_product_properties" VALUES(1073273152,'Fab India',1060500597,161337574,'2012-08-06 15:58:53.780060','2012-08-10 11:32:04.984905');
INSERT INTO "spree_product_properties" VALUES(1073273153,'Linen',1060500597,209471856,'2012-08-06 15:58:53.781271','2012-08-10 11:32:15.871714');
INSERT INTO "spree_product_properties" VALUES(1073273154,'Fab India',1060500598,161337574,'2012-08-06 16:01:30.917525','2012-08-10 11:34:21.150329');
INSERT INTO "spree_product_properties" VALUES(1073273155,'Silk',1060500598,209471856,'2012-08-06 16:01:30.918730','2012-08-10 11:35:51.054241');
INSERT INTO "spree_product_properties" VALUES(1073273156,'Fab India',1060500599,161337574,'2012-08-06 16:15:54.250508','2012-08-10 11:38:45.173291');
INSERT INTO "spree_product_properties" VALUES(1073273157,'female',1060500599,730553315,'2012-08-06 16:15:54.251742','2012-08-06 16:16:53.702197');
INSERT INTO "spree_product_properties" VALUES(1073273158,'joan rivers',1060500600,161337574,'2012-08-06 16:21:21.642322','2012-08-06 16:22:03.024982');
INSERT INTO "spree_product_properties" VALUES(1073273159,'female',1060500600,730553315,'2012-08-06 16:21:21.643586','2012-08-06 16:22:03.026017');
INSERT INTO "spree_product_properties" VALUES(1073273160,'set of 100',1060500602,905834903,'2012-08-06 17:01:33.987627','2012-08-06 17:02:13.946948');
INSERT INTO "spree_product_properties" VALUES(1073273161,'Fab India',1060500604,161337574,'2012-08-10 13:07:37.477980','2012-08-10 13:07:37.477980');
INSERT INTO "spree_product_properties" VALUES(1073273162,'female',1060500604,730553315,'2012-08-10 13:07:37.478920','2012-08-10 13:07:37.478920');
CREATE TABLE "spree_products" ("id" INTEGER PRIMARY KEY AUTOINCREMENT NOT NULL, "name" varchar(255) DEFAULT '' NOT NULL, "description" text, "available_on" datetime, "deleted_at" datetime, "permalink" varchar(255), "meta_description" varchar(255), "meta_keywords" varchar(255), "tax_category_id" integer, "shipping_category_id" integer, "created_at" datetime NOT NULL, "updated_at" datetime NOT NULL, "count_on_hand" integer DEFAULT 0 NOT NULL);
INSERT INTO "spree_products" VALUES(107377505,'Spree Bag','Lorem ipsum dolor sit amet, consectetuer adipiscing elit. Nulla nonummy aliquet mi. Proin lacus. Ut placerat. Proin consequat, justo sit amet tempus consequat, elit est adipiscing odio, ut egestas pede eros in diam. Proin varius, lacus vitae suscipit varius, ipsum eros convallis nisi, sit amet sodales lectus pede non est. Duis augue. Suspendisse hendrerit pharetra metus. Pellentesque habitant morbi tristique senectus et netus et malesuada fames ac turpis egestas. Curabitur nec pede. Quisque volutpat, neque ac porttitor sodales, sem lacus rutrum nulla, ullamcorper placerat ante tortor ac odio. Suspendisse vel libero. Nullam volutpat magna vel ligula. Suspendisse sit amet metus. Nunc quis massa. Nulla facilisi. In enim. In venenatis nisi id eros. Lorem ipsum dolor sit amet, consectetuer adipiscing elit. Nunc sit amet felis sed lectus tincidunt egestas. Mauris nibh.','2012-05-01 00:00:00.000000','2012-08-07 11:37:43.513109','spree-bag',NULL,NULL,25484906,NULL,'2012-08-06 13:37:40','2012-08-06 13:37:40',10);
INSERT INTO "spree_products" VALUES(176895127,'Spree Tote','Lorem ipsum dolor sit amet, consectetuer adipiscing elit. Nulla nonummy aliquet mi. Proin lacus. Ut placerat. Proin consequat, justo sit amet tempus consequat, elit est adipiscing odio, ut egestas pede eros in diam. Proin varius, lacus vitae suscipit varius, ipsum eros convallis nisi, sit amet sodales lectus pede non est. Duis augue. Suspendisse hendrerit pharetra metus. Pellentesque habitant morbi tristique senectus et netus et malesuada fames ac turpis egestas. Curabitur nec pede. Quisque volutpat, neque ac porttitor sodales, sem lacus rutrum nulla, ullamcorper placerat ante tortor ac odio. Suspendisse vel libero. Nullam volutpat magna vel ligula. Suspendisse sit amet metus. Nunc quis massa. Nulla facilisi. In enim. In venenatis nisi id eros. Lorem ipsum dolor sit amet, consectetuer adipiscing elit. Nunc sit amet felis sed lectus tincidunt egestas. Mauris nibh.','2012-05-01 00:00:00.000000','2012-08-07 11:37:57.943627','spree-tote',NULL,NULL,25484906,NULL,'2012-08-06 13:37:40','2012-08-06 13:37:40',10);
INSERT INTO "spree_products" VALUES(187438981,'Ruby on Rails Ringer T-Shirt','Lorem ipsum dolor sit amet, consectetuer adipiscing elit. Nulla nonummy aliquet mi. Proin lacus. Ut placerat. Proin consequat, justo sit amet tempus consequat, elit est adipiscing odio, ut egestas pede eros in diam. Proin varius, lacus vitae suscipit varius, ipsum eros convallis nisi, sit amet sodales lectus pede non est. Duis augue. Suspendisse hendrerit pharetra metus. Pellentesque habitant morbi tristique senectus et netus et malesuada fames ac turpis egestas. Curabitur nec pede. Quisque volutpat, neque ac porttitor sodales, sem lacus rutrum nulla, ullamcorper placerat ante tortor ac odio. Suspendisse vel libero. Nullam volutpat magna vel ligula. Suspendisse sit amet metus. Nunc quis massa. Nulla facilisi. In enim. In venenatis nisi id eros. Lorem ipsum dolor sit amet, consectetuer adipiscing elit. Nunc sit amet felis sed lectus tincidunt egestas. Mauris nibh.','2012-05-01 00:00:00.000000','2012-08-07 11:38:18.339819','ruby-on-rails-ringer-t-shirt',NULL,NULL,25484906,NULL,'2012-08-06 13:37:40','2012-08-06 13:37:40',10);
INSERT INTO "spree_products" VALUES(248786582,'Ruby on Rails Mug','Lorem ipsum dolor sit amet, consectetuer adipiscing elit. Nulla nonummy aliquet mi. Proin lacus. Ut placerat. Proin consequat, justo sit amet tempus consequat, elit est adipiscing odio, ut egestas pede eros in diam. Proin varius, lacus vitae suscipit varius, ipsum eros convallis nisi, sit amet sodales lectus pede non est. Duis augue. Suspendisse hendrerit pharetra metus. Pellentesque habitant morbi tristique senectus et netus et malesuada fames ac turpis egestas. Curabitur nec pede. Quisque volutpat, neque ac porttitor sodales, sem lacus rutrum nulla, ullamcorper placerat ante tortor ac odio. Suspendisse vel libero. Nullam volutpat magna vel ligula. Suspendisse sit amet metus. Nunc quis massa. Nulla facilisi. In enim. In venenatis nisi id eros. Lorem ipsum dolor sit amet, consectetuer adipiscing elit. Nunc sit amet felis sed lectus tincidunt egestas. Mauris nibh.','2012-05-01 00:00:00.000000','2012-08-07 11:38:16.064710','ruby-on-rails-mug',NULL,NULL,NULL,NULL,'2012-08-06 13:37:40','2012-08-06 13:37:40',10);
INSERT INTO "spree_products" VALUES(302032070,'Spree Stein','Lorem ipsum dolor sit amet, consectetuer adipiscing elit. Nulla nonummy aliquet mi. Proin lacus. Ut placerat. Proin consequat, justo sit amet tempus consequat, elit est adipiscing odio, ut egestas pede eros in diam. Proin varius, lacus vitae suscipit varius, ipsum eros convallis nisi, sit amet sodales lectus pede non est. Duis augue. Suspendisse hendrerit pharetra metus. Pellentesque habitant morbi tristique senectus et netus et malesuada fames ac turpis egestas. Curabitur nec pede. Quisque volutpat, neque ac porttitor sodales, sem lacus rutrum nulla, ullamcorper placerat ante tortor ac odio. Suspendisse vel libero. Nullam volutpat magna vel ligula. Suspendisse sit amet metus. Nunc quis massa. Nulla facilisi. In enim. In venenatis nisi id eros. Lorem ipsum dolor sit amet, consectetuer adipiscing elit. Nunc sit amet felis sed lectus tincidunt egestas. Mauris nibh.','2012-05-01 00:00:00.000000','2012-08-07 11:37:55.606328','spree-stein',NULL,NULL,NULL,NULL,'2012-08-06 13:37:40','2012-08-06 13:37:40',10);
INSERT INTO "spree_products" VALUES(398400663,'Spree Jr. Spaghetti','Lorem ipsum dolor sit amet, consectetuer adipiscing elit. Nulla nonummy aliquet mi. Proin lacus. Ut placerat. Proin consequat, justo sit amet tempus consequat, elit est adipiscing odio, ut egestas pede eros in diam. Proin varius, lacus vitae suscipit varius, ipsum eros convallis nisi, sit amet sodales lectus pede non est. Duis augue. Suspendisse hendrerit pharetra metus. Pellentesque habitant morbi tristique senectus et netus et malesuada fames ac turpis egestas. Curabitur nec pede. Quisque volutpat, neque ac porttitor sodales, sem lacus rutrum nulla, ullamcorper placerat ante tortor ac odio. Suspendisse vel libero. Nullam volutpat magna vel ligula. Suspendisse sit amet metus. Nunc quis massa. Nulla facilisi. In enim. In venenatis nisi id eros. Lorem ipsum dolor sit amet, consectetuer adipiscing elit. Nunc sit amet felis sed lectus tincidunt egestas. Mauris nibh.','2012-05-01 00:00:00.000000','2012-08-07 11:37:48.777535','spree-jr-spaghetti',NULL,NULL,25484906,NULL,'2012-08-06 13:37:40','2012-08-06 13:37:40',10);
INSERT INTO "spree_products" VALUES(459084718,'Ruby on Rails Tote','Lorem ipsum dolor sit amet, consectetuer adipiscing elit. Nulla nonummy aliquet mi. Proin lacus. Ut placerat. Proin consequat, justo sit amet tempus consequat, elit est adipiscing odio, ut egestas pede eros in diam. Proin varius, lacus vitae suscipit varius, ipsum eros convallis nisi, sit amet sodales lectus pede non est. Duis augue. Suspendisse hendrerit pharetra metus. Pellentesque habitant morbi tristique senectus et netus et malesuada fames ac turpis egestas. Curabitur nec pede. Quisque volutpat, neque ac porttitor sodales, sem lacus rutrum nulla, ullamcorper placerat ante tortor ac odio. Suspendisse vel libero. Nullam volutpat magna vel ligula. Suspendisse sit amet metus. Nunc quis massa. Nulla facilisi. In enim. In venenatis nisi id eros. Lorem ipsum dolor sit amet, consectetuer adipiscing elit. Nunc sit amet felis sed lectus tincidunt egestas. Mauris nibh.','2012-05-01 00:00:00.000000','2012-08-07 11:38:23.172383','ruby-on-rails-tote',NULL,NULL,25484906,NULL,'2012-08-06 13:37:40','2012-08-06 13:37:40',10);
INSERT INTO "spree_products" VALUES(500501192,'Spree Ringer T-Shirt','Lorem ipsum dolor sit amet, consectetuer adipiscing elit. Nulla nonummy aliquet mi. Proin lacus. Ut placerat. Proin consequat, justo sit amet tempus consequat, elit est adipiscing odio, ut egestas pede eros in diam. Proin varius, lacus vitae suscipit varius, ipsum eros convallis nisi, sit amet sodales lectus pede non est. Duis augue. Suspendisse hendrerit pharetra metus. Pellentesque habitant morbi tristique senectus et netus et malesuada fames ac turpis egestas. Curabitur nec pede. Quisque volutpat, neque ac porttitor sodales, sem lacus rutrum nulla, ullamcorper placerat ante tortor ac odio. Suspendisse vel libero. Nullam volutpat magna vel ligula. Suspendisse sit amet metus. Nunc quis massa. Nulla facilisi. In enim. In venenatis nisi id eros. Lorem ipsum dolor sit amet, consectetuer adipiscing elit. Nunc sit amet felis sed lectus tincidunt egestas. Mauris nibh.','2012-05-01 00:00:00.000000','2012-08-07 11:37:52.455611','spree-ringer-t-shirt',NULL,NULL,25484906,NULL,'2012-08-06 13:37:40','2012-08-06 13:37:40',10);
INSERT INTO "spree_products" VALUES(528469905,'Spree Baseball Jersey','Lorem ipsum dolor sit amet, consectetuer adipiscing elit. Nulla nonummy aliquet mi. Proin lacus. Ut placerat. Proin consequat, justo sit amet tempus consequat, elit est adipiscing odio, ut egestas pede eros in diam. Proin varius, lacus vitae suscipit varius, ipsum eros convallis nisi, sit amet sodales lectus pede non est. Duis augue. Suspendisse hendrerit pharetra metus. Pellentesque habitant morbi tristique senectus et netus et malesuada fames ac turpis egestas. Curabitur nec pede. Quisque volutpat, neque ac porttitor sodales, sem lacus rutrum nulla, ullamcorper placerat ante tortor ac odio. Suspendisse vel libero. Nullam volutpat magna vel ligula. Suspendisse sit amet metus. Nunc quis massa. Nulla facilisi. In enim. In venenatis nisi id eros. Lorem ipsum dolor sit amet, consectetuer adipiscing elit. Nunc sit amet felis sed lectus tincidunt egestas. Mauris nibh.','2012-05-01 00:00:00.000000','2012-08-07 11:37:46.604344','spree-baseball-jersey',NULL,NULL,25484906,NULL,'2012-08-06 13:37:40','2012-08-06 13:37:40',30);
INSERT INTO "spree_products" VALUES(569012001,'Ruby Baseball Jersey','Lorem ipsum dolor sit amet, consectetuer adipiscing elit. Nulla nonummy aliquet mi. Proin lacus. Ut placerat. Proin consequat, justo sit amet tempus consequat, elit est adipiscing odio, ut egestas pede eros in diam. Proin varius, lacus vitae suscipit varius, ipsum eros convallis nisi, sit amet sodales lectus pede non est. Duis augue. Suspendisse hendrerit pharetra metus. Pellentesque habitant morbi tristique senectus et netus et malesuada fames ac turpis egestas. Curabitur nec pede. Quisque volutpat, neque ac porttitor sodales, sem lacus rutrum nulla, ullamcorper placerat ante tortor ac odio. Suspendisse vel libero. Nullam volutpat magna vel ligula. Suspendisse sit amet metus. Nunc quis massa. Nulla facilisi. In enim. In venenatis nisi id eros. Lorem ipsum dolor sit amet, consectetuer adipiscing elit. Nunc sit amet felis sed lectus tincidunt egestas. Mauris nibh.','2012-05-01 00:00:00.000000','2012-08-07 11:37:29.762282','ruby-baseball-jersey',NULL,NULL,25484906,NULL,'2012-08-06 13:37:40','2012-08-06 13:37:40',10);
INSERT INTO "spree_products" VALUES(596960057,'Spree Mug','Lorem ipsum dolor sit amet, consectetuer adipiscing elit. Nulla nonummy aliquet mi. Proin lacus. Ut placerat. Proin consequat, justo sit amet tempus consequat, elit est adipiscing odio, ut egestas pede eros in diam. Proin varius, lacus vitae suscipit varius, ipsum eros convallis nisi, sit amet sodales lectus pede non est. Duis augue. Suspendisse hendrerit pharetra metus. Pellentesque habitant morbi tristique senectus et netus et malesuada fames ac turpis egestas. Curabitur nec pede. Quisque volutpat, neque ac porttitor sodales, sem lacus rutrum nulla, ullamcorper placerat ante tortor ac odio. Suspendisse vel libero. Nullam volutpat magna vel ligula. Suspendisse sit amet metus. Nunc quis massa. Nulla facilisi. In enim. In venenatis nisi id eros. Lorem ipsum dolor sit amet, consectetuer adipiscing elit. Nunc sit amet felis sed lectus tincidunt egestas. Mauris nibh.','2012-05-01 00:00:00.000000','2012-08-07 11:37:50.536617','spree-mug',NULL,NULL,NULL,NULL,'2012-08-06 13:37:40','2012-08-06 13:37:40',10);
INSERT INTO "spree_products" VALUES(706676762,'Apache Baseball Jersey','Lorem ipsum dolor sit amet, consectetuer adipiscing elit. Nulla nonummy aliquet mi. Proin lacus. Ut placerat. Proin consequat, justo sit amet tempus consequat, elit est adipiscing odio, ut egestas pede eros in diam. Proin varius, lacus vitae suscipit varius, ipsum eros convallis nisi, sit amet sodales lectus pede non est. Duis augue. Suspendisse hendrerit pharetra metus. Pellentesque habitant morbi tristique senectus et netus et malesuada fames ac turpis egestas. Curabitur nec pede. Quisque volutpat, neque ac porttitor sodales, sem lacus rutrum nulla, ullamcorper placerat ante tortor ac odio. Suspendisse vel libero. Nullam volutpat magna vel ligula. Suspendisse sit amet metus. Nunc quis massa. Nulla facilisi. In enim. In venenatis nisi id eros. Lorem ipsum dolor sit amet, consectetuer adipiscing elit. Nunc sit amet felis sed lectus tincidunt egestas. Mauris nibh.','2012-05-01 00:00:00.000000','2012-08-07 11:37:24.850295','apache-baseball-jersey',NULL,NULL,25484906,NULL,'2012-08-06 13:37:40','2012-08-06 13:37:40',10);
INSERT INTO "spree_products" VALUES(723959550,'Ruby on Rails Bag','Lorem ipsum dolor sit amet, consectetuer adipiscing elit. Nulla nonummy aliquet mi. Proin lacus. Ut placerat. Proin consequat, justo sit amet tempus consequat, elit est adipiscing odio, ut egestas pede eros in diam. Proin varius, lacus vitae suscipit varius, ipsum eros convallis nisi, sit amet sodales lectus pede non est. Duis augue. Suspendisse hendrerit pharetra metus. Pellentesque habitant morbi tristique senectus et netus et malesuada fames ac turpis egestas. Curabitur nec pede. Quisque volutpat, neque ac porttitor sodales, sem lacus rutrum nulla, ullamcorper placerat ante tortor ac odio. Suspendisse vel libero. Nullam volutpat magna vel ligula. Suspendisse sit amet metus. Nunc quis massa. Nulla facilisi. In enim. In venenatis nisi id eros. Lorem ipsum dolor sit amet, consectetuer adipiscing elit. Nunc sit amet felis sed lectus tincidunt egestas. Mauris nibh.','2012-05-01 00:00:00.000000','2012-08-07 11:37:31.948663','ruby-on-rails-bag',NULL,NULL,25484906,NULL,'2012-08-06 13:37:40','2012-08-06 13:37:40',10);
INSERT INTO "spree_products" VALUES(1025786064,'Ruby on Rails Baseball Jersey','Lorem ipsum dolor sit amet, consectetuer adipiscing elit. Nulla nonummy aliquet mi. Proin lacus. Ut placerat. Proin consequat, justo sit amet tempus consequat, elit est adipiscing odio, ut egestas pede eros in diam. Proin varius, lacus vitae suscipit varius, ipsum eros convallis nisi, sit amet sodales lectus pede non est. Duis augue. Suspendisse hendrerit pharetra metus. Pellentesque habitant morbi tristique senectus et netus et malesuada fames ac turpis egestas. Curabitur nec pede. Quisque volutpat, neque ac porttitor sodales, sem lacus rutrum nulla, ullamcorper placerat ante tortor ac odio. Suspendisse vel libero. Nullam volutpat magna vel ligula. Suspendisse sit amet metus. Nunc quis massa. Nulla facilisi. In enim. In venenatis nisi id eros. Lorem ipsum dolor sit amet, consectetuer adipiscing elit. Nunc sit amet felis sed lectus tincidunt egestas. Mauris nibh.','2012-05-01 00:00:00.000000','2012-08-07 11:37:34.977960','ruby-on-rails-baseball-jersey',NULL,NULL,25484906,NULL,'2012-08-06 13:37:40','2012-08-06 13:37:40',88);
INSERT INTO "spree_products" VALUES(1035865702,'Ruby on Rails Stein','Lorem ipsum dolor sit amet, consectetuer adipiscing elit. Nulla nonummy aliquet mi. Proin lacus. Ut placerat. Proin consequat, justo sit amet tempus consequat, elit est adipiscing odio, ut egestas pede eros in diam. Proin varius, lacus vitae suscipit varius, ipsum eros convallis nisi, sit amet sodales lectus pede non est. Duis augue. Suspendisse hendrerit pharetra metus. Pellentesque habitant morbi tristique senectus et netus et malesuada fames ac turpis egestas. Curabitur nec pede. Quisque volutpat, neque ac porttitor sodales, sem lacus rutrum nulla, ullamcorper placerat ante tortor ac odio. Suspendisse vel libero. Nullam volutpat magna vel ligula. Suspendisse sit amet metus. Nunc quis massa. Nulla facilisi. In enim. In venenatis nisi id eros. Lorem ipsum dolor sit amet, consectetuer adipiscing elit. Nunc sit amet felis sed lectus tincidunt egestas. Mauris nibh.','2012-05-01 00:00:00.000000','2012-08-07 11:38:20.386736','ruby-on-rails-stein',NULL,NULL,NULL,NULL,'2012-08-06 13:37:40','2012-08-06 13:37:40',10);
INSERT INTO "spree_products" VALUES(1060500592,'Ruby on Rails Jr. Spaghetti','Lorem ipsum dolor sit amet, consectetuer adipiscing elit. Nulla nonummy aliquet mi. Proin lacus. Ut placerat. Proin consequat, justo sit amet tempus consequat, elit est adipiscing odio, ut egestas pede eros in diam. Proin varius, lacus vitae suscipit varius, ipsum eros convallis nisi, sit amet sodales lectus pede non est. Duis augue. Suspendisse hendrerit pharetra metus. Pellentesque habitant morbi tristique senectus et netus et malesuada fames ac turpis egestas. Curabitur nec pede. Quisque volutpat, neque ac porttitor sodales, sem lacus rutrum nulla, ullamcorper placerat ante tortor ac odio. Suspendisse vel libero. Nullam volutpat magna vel ligula. Suspendisse sit amet metus. Nunc quis massa. Nulla facilisi. In enim. In venenatis nisi id eros. Lorem ipsum dolor sit amet, consectetuer adipiscing elit. Nunc sit amet felis sed lectus tincidunt egestas. Mauris nibh.','2012-05-01 00:00:00.000000','2012-08-07 11:37:37.144019','ruby-on-rails-jr-spaghetti',NULL,NULL,25484906,NULL,'2012-08-06 13:37:40','2012-08-06 13:37:40',10);
INSERT INTO "spree_products" VALUES(1060500593,'Test Product',NULL,'2012-05-01 00:00:00.000000','2012-08-07 11:37:59.894130','test-product',NULL,NULL,NULL,NULL,'2012-08-06 14:35:43.145044','2012-08-06 14:35:43.188836',0);
INSERT INTO "spree_products" VALUES(1060500594,'Zen Full Touch Dual Sim Phone - M28','','2012-05-01 00:00:00.000000',NULL,'zen-full-touch-dual-sim-phone-m28','','',NULL,NULL,'2012-08-06 15:03:29.150569','2012-08-10 11:59:54.269845',0);
INSERT INTO "spree_products" VALUES(1060500595,'Sandisk 32 GB Micro SD Ultra Card (Class 10)','','2012-05-01 00:00:00.000000',NULL,'sandisk-32-gb-micro-sd-ultra-card-class-10','','',NULL,NULL,'2012-08-06 15:10:10.319079','2012-08-10 11:57:49.947718',0);
INSERT INTO "spree_products" VALUES(1060500596,'Samsung Galaxy S3 i9300 Mobile Phone - 16GB','','2012-05-01 00:00:00.000000',NULL,'samsung-galaxy-s3-i9300-mobile-phone-16gb','','',NULL,NULL,'2012-08-06 15:13:52.782093','2012-08-10 14:45:40.362416',0);
INSERT INTO "spree_products" VALUES(1060500597,'Fab India Linen Kurta','','2012-05-01 00:00:00.000000',NULL,'Fab India Linen Kurta','','',NULL,NULL,'2012-08-06 15:58:53.773279','2012-08-10 11:59:32.808636',0);
INSERT INTO "spree_products" VALUES(1060500598,'Fab India Red Kurta','','2012-05-01 00:00:00.000000',NULL,'Fab India Red Kurta','','',NULL,NULL,'2012-08-06 16:01:30.910606','2012-08-10 12:00:51.026421',0);
INSERT INTO "spree_products" VALUES(1060500599,'Multicoloured Bracelet','','2012-05-01 00:00:00.000000',NULL,'Multicoloured Bracelet','','',NULL,NULL,'2012-08-06 16:15:54.243737','2012-08-10 11:57:06.822077',0);
INSERT INTO "spree_products" VALUES(1060500600,'Croco Pattern Leather Strap Watch','','2012-05-01 00:00:00.000000',NULL,'Croco Pattern Leather Strap Watch','','',NULL,NULL,'2012-08-06 16:21:21.635414','2012-08-10 12:02:07.515453',-1);
INSERT INTO "spree_products" VALUES(1060500601,'Kebabs & Tikkis - Tarla Dalal','','2012-05-01 00:00:00.000000',NULL,'kebabs-and-tikkis-tarla-dalal','','',NULL,NULL,'2012-08-06 16:58:38.734808','2012-08-10 12:01:46.648896',0);
INSERT INTO "spree_products" VALUES(1060500602,'Kitchen Linen Set','','2012-05-01 00:00:00.000000',NULL,'Kitchen Linen Set','','',NULL,NULL,'2012-08-06 17:01:33.980708','2012-08-10 12:01:18.332172',0);
INSERT INTO "spree_products" VALUES(1060500603,'Steve Jobs: The Exclusive Biography','','2012-05-01 00:00:00.000000',NULL,'steve-jobs-the-exclusive-biography','','',NULL,NULL,'2012-08-06 17:04:06.036772','2012-08-10 12:01:30.518873',0);
INSERT INTO "spree_products" VALUES(1060500604,'Ring','','2012-05-01 00:00:00.000000',NULL,'Ring','','',NULL,NULL,'2012-08-10 13:07:37.473962','2012-08-10 14:45:19.474990',0);
INSERT INTO "spree_products" VALUES(1060500605,'Cap','','2012-05-01 00:00:00.000000',NULL,'cap','','',NULL,NULL,'2012-08-16 12:08:34.594589','2012-08-16 12:29:28.982637',0);
INSERT INTO "spree_products" VALUES(1060500606,'T shirt',NULL,'2012-05-01 00:00:00.000000','2012-08-16 12:24:44.948610','t-shirt',NULL,NULL,NULL,NULL,'2012-08-16 12:13:33.996157','2012-08-16 12:16:02.663979',0);
INSERT INTO "spree_products" VALUES(1060500607,'T shirt','','2012-05-01 00:00:00.000000','2012-08-16 12:25:05.012366','t-shirt-2','','',NULL,NULL,'2012-08-16 12:19:46.068027','2012-08-16 12:21:35.216039',4);
INSERT INTO "spree_products" VALUES(1060500608,'T shirt','','2012-05-01 00:00:00.000000',NULL,'t shirt','','',NULL,NULL,'2012-08-16 12:20:52.790581','2012-08-16 12:29:57.790515',6);
INSERT INTO "spree_products" VALUES(1060500609,'NIKE DRI-FIT FEATHERLIGHT RUNNING CAP UNISEX Cool and Lightweight-Perfect for Your Run! (Navy Blue)',NULL,'2012-05-01 00:00:00.000000',NULL,'nike-dri-fit-featherlight-running-cap-unisex-cool-and-lightweight-perfect-for-your-run-navy-blue',NULL,NULL,NULL,NULL,'2012-08-20 15:19:25.642395','2012-08-20 15:19:25.648411',0);
INSERT INTO "spree_products" VALUES(1060500610,'NIKE MEN BLACK T-SHIRT',NULL,'2012-05-01 00:00:00.000000',NULL,'nike-men-black-t-shirt',NULL,NULL,NULL,NULL,'2012-08-20 15:22:51.292409','2012-08-20 15:22:51.298453',0);
INSERT INTO "spree_products" VALUES(1060500611,'NIKE UNISEX STRIPED PURPLE CAP',NULL,'2012-05-01 00:00:00.000000',NULL,'nike-unisex-striped-purple-cap',NULL,NULL,NULL,NULL,'2012-08-20 15:24:33.081571','2012-08-20 15:24:33.087513',0);
INSERT INTO "spree_products" VALUES(1060500612,'REEBOK WOMEN CLUB PINTUCK SHIRT',NULL,'2012-05-01 00:00:00.000000',NULL,'reebok-women-club-pintuck-shirt',NULL,NULL,NULL,NULL,'2012-08-20 15:27:00.026924','2012-08-20 15:27:00.032843',0);
CREATE TABLE "spree_products_taxons" ("product_id" integer, "taxon_id" integer);
INSERT INTO "spree_products_taxons" VALUES(1060500594,558398360);
INSERT INTO "spree_products_taxons" VALUES(1060500595,558398360);
INSERT INTO "spree_products_taxons" VALUES(1060500596,558398360);
INSERT INTO "spree_products_taxons" VALUES(1060500596,558398361);
INSERT INTO "spree_products_taxons" VALUES(1060500594,558398362);
INSERT INTO "spree_products_taxons" VALUES(1060500595,558398363);
INSERT INTO "spree_products_taxons" VALUES(1060500597,1001);
INSERT INTO "spree_products_taxons" VALUES(1060500597,558398364);
INSERT INTO "spree_products_taxons" VALUES(1060500598,1001);
INSERT INTO "spree_products_taxons" VALUES(1060500599,558398365);
INSERT INTO "spree_products_taxons" VALUES(1060500600,558398365);
INSERT INTO "spree_products_taxons" VALUES(1060500601,558398366);
INSERT INTO "spree_products_taxons" VALUES(1060500602,558398367);
INSERT INTO "spree_products_taxons" VALUES(1060500603,558398366);
INSERT INTO "spree_products_taxons" VALUES(1060500598,558398364);
INSERT INTO "spree_products_taxons" VALUES(1060500599,558398364);
INSERT INTO "spree_products_taxons" VALUES(1060500600,558398370);
INSERT INTO "spree_products_taxons" VALUES(1060500602,558398371);
INSERT INTO "spree_products_taxons" VALUES(1060500604,558398365);
INSERT INTO "spree_products_taxons" VALUES(1060500604,558398364);
INSERT INTO "spree_products_taxons" VALUES(1060500605,558398373);
INSERT INTO "spree_products_taxons" VALUES(1060500606,1001);
INSERT INTO "spree_products_taxons" VALUES(1060500606,558398373);
INSERT INTO "spree_products_taxons" VALUES(1060500607,1001);
INSERT INTO "spree_products_taxons" VALUES(1060500607,558398373);
INSERT INTO "spree_products_taxons" VALUES(1060500608,1001);
INSERT INTO "spree_products_taxons" VALUES(1060500608,558398373);
INSERT INTO "spree_products_taxons" VALUES(1060500609,558398376);
INSERT INTO "spree_products_taxons" VALUES(1060500605,558398377);
INSERT INTO "spree_products_taxons" VALUES(1060500610,558398376);
INSERT INTO "spree_products_taxons" VALUES(1060500610,1001);
INSERT INTO "spree_products_taxons" VALUES(1060500611,558398377);
INSERT INTO "spree_products_taxons" VALUES(1060500611,558398376);
INSERT INTO "spree_products_taxons" VALUES(1060500609,558398377);
INSERT INTO "spree_products_taxons" VALUES(1060500612,558398373);
INSERT INTO "spree_products_taxons" VALUES(1060500612,1001);
CREATE TABLE "spree_properties" ("id" INTEGER PRIMARY KEY AUTOINCREMENT NOT NULL, "name" varchar(255), "presentation" varchar(255) NOT NULL, "created_at" datetime NOT NULL, "updated_at" datetime NOT NULL);
INSERT INTO "spree_properties" VALUES(39476074,'model','Model','2012-08-06 13:37:40','2012-08-06 13:37:40');
INSERT INTO "spree_properties" VALUES(161337574,'brand','Brand','2012-08-06 13:37:40','2012-08-06 13:37:40');
INSERT INTO "spree_properties" VALUES(209471856,'shirt_fabric','Fabric','2012-08-06 13:37:40','2012-08-06 13:37:40');
INSERT INTO "spree_properties" VALUES(305002717,'shirt_sleeve_length','Sleeve','2012-08-06 13:37:40','2012-08-06 13:37:40');
INSERT INTO "spree_properties" VALUES(317319559,'mug_type','Type','2012-08-06 13:37:40','2012-08-06 13:37:40');
INSERT INTO "spree_properties" VALUES(408437751,'bag_type','Type','2012-08-06 13:37:40','2012-08-06 13:37:40');
INSERT INTO "spree_properties" VALUES(560029305,'manufacturer','Manufacturer','2012-08-06 13:37:40','2012-08-06 13:37:40');
INSERT INTO "spree_properties" VALUES(591802549,'bag_size','Size','2012-08-06 13:37:40','2012-08-06 13:37:40');
INSERT INTO "spree_properties" VALUES(704092869,'mug_size','Size','2012-08-06 13:37:40','2012-08-06 13:37:40');
INSERT INTO "spree_properties" VALUES(730553315,'gender','Gender','2012-08-06 13:37:40','2012-08-06 13:37:40');
INSERT INTO "spree_properties" VALUES(793908548,'shirt_fit','fit','2012-08-06 13:37:40','2012-08-06 13:37:40');
INSERT INTO "spree_properties" VALUES(901906169,'bag_material','Material','2012-08-06 13:37:40','2012-08-06 13:37:40');
INSERT INTO "spree_properties" VALUES(905834902,'shirt_type','Type','2012-08-06 13:37:40','2012-08-06 13:37:40');
INSERT INTO "spree_properties" VALUES(905834903,'capacity','Capacity','2012-08-06 15:11:57.428280','2012-08-06 15:11:57.428280');
CREATE TABLE "spree_properties_prototypes" ("prototype_id" integer, "property_id" integer);
INSERT INTO "spree_properties_prototypes" VALUES(571598464,408437751);
INSERT INTO "spree_properties_prototypes" VALUES(571598464,1925472);
INSERT INTO "spree_properties_prototypes" VALUES(571598464,901906169);
INSERT INTO "spree_properties_prototypes" VALUES(559807879,704092869);
INSERT INTO "spree_properties_prototypes" VALUES(559807879,317319559);
INSERT INTO "spree_properties_prototypes" VALUES(571598466,161337574);
INSERT INTO "spree_properties_prototypes" VALUES(571598466,39476074);
INSERT INTO "spree_properties_prototypes" VALUES(571598467,161337574);
INSERT INTO "spree_properties_prototypes" VALUES(571598467,905834903);
INSERT INTO "spree_properties_prototypes" VALUES(571598468,161337574);
INSERT INTO "spree_properties_prototypes" VALUES(571598468,209471856);
INSERT INTO "spree_properties_prototypes" VALUES(571598469,161337574);
INSERT INTO "spree_properties_prototypes" VALUES(571598469,730553315);
INSERT INTO "spree_properties_prototypes" VALUES(571598471,905834903);
CREATE TABLE "spree_prototypes" ("id" INTEGER PRIMARY KEY AUTOINCREMENT NOT NULL, "name" varchar(255), "created_at" datetime NOT NULL, "updated_at" datetime NOT NULL);
INSERT INTO "spree_prototypes" VALUES(559807879,'Mug','2012-08-06 13:37:40','2012-08-06 13:37:40');
INSERT INTO "spree_prototypes" VALUES(571598464,'Bag','2012-08-06 13:37:40','2012-08-06 13:37:40');
INSERT INTO "spree_prototypes" VALUES(571598466,'cell phone','2012-08-06 15:02:09.117507','2012-08-06 15:02:09.117507');
INSERT INTO "spree_prototypes" VALUES(571598467,'memory card','2012-08-06 15:12:34.748084','2012-08-06 15:12:34.748084');
INSERT INTO "spree_prototypes" VALUES(571598468,'Traditional','2012-08-06 15:55:09.892994','2012-08-06 15:55:09.892994');
INSERT INTO "spree_prototypes" VALUES(571598469,'Watches & Jewelry ','2012-08-06 16:05:14.359346','2012-08-06 16:05:14.359346');
INSERT INTO "spree_prototypes" VALUES(571598470,'books','2012-08-06 16:57:37.482269','2012-08-06 16:57:37.482269');
INSERT INTO "spree_prototypes" VALUES(571598471,'Kitchen','2012-08-06 17:00:57.677703','2012-08-06 17:00:57.677703');
CREATE TABLE "spree_roles" ("id" INTEGER PRIMARY KEY AUTOINCREMENT NOT NULL, "name" varchar(255));
INSERT INTO "spree_roles" VALUES(770229923,'user');
INSERT INTO "spree_roles" VALUES(930089099,'admin');
CREATE TABLE "spree_roles_users" ("role_id" integer, "user_id" integer);
INSERT INTO "spree_roles_users" VALUES(930089099,1);
INSERT INTO "spree_roles_users" VALUES(930089099,1);
CREATE TABLE "spree_shipments" ("id" INTEGER PRIMARY KEY AUTOINCREMENT NOT NULL, "tracking" varchar(255), "number" varchar(255), "cost" decimal(8,2), "shipped_at" datetime, "order_id" integer, "shipping_method_id" integer, "address_id" integer, "created_at" datetime NOT NULL, "updated_at" datetime NOT NULL, "state" varchar(255));
INSERT INTO "spree_shipments" VALUES(7516093,NULL,'H103552023151',NULL,NULL,906884218,574015644,347276494,'2012-08-06 13:37:40','2012-08-06 13:37:40','pending');
INSERT INTO "spree_shipments" VALUES(32026953,NULL,'H0210071478110',NULL,NULL,932702864,574015644,355015228,'2012-08-06 13:37:40','2012-08-06 13:37:40','pending');
INSERT INTO "spree_shipments" VALUES(33214900,NULL,'H136101113827',NULL,NULL,931498615,574015644,356219587,'2012-08-06 13:37:40','2012-08-06 13:37:40','pending');
INSERT INTO "spree_shipments" VALUES(35341291,NULL,'H02980439724',NULL,NULL,73849921,574015644,501684253,'2012-08-06 13:37:40','2012-08-06 13:37:40','pending');
INSERT INTO "spree_shipments" VALUES(54656917,NULL,'H1826981081210',NULL,NULL,893297750,574015644,394286306,'2012-08-06 13:37:40','2012-08-06 13:37:40','pending');
INSERT INTO "spree_shipments" VALUES(55811946,NULL,'H46341461925',NULL,NULL,892126383,574015644,395457563,'2012-08-06 13:37:40','2012-08-06 13:37:40','pending');
INSERT INTO "spree_shipments" VALUES(61228994,NULL,'H1003710850234',NULL,NULL,903421051,574015644,392686799,'2012-08-06 13:37:40','2012-08-06 13:37:40','pending');
INSERT INTO "spree_shipments" VALUES(62138181,NULL,'H01359498542',NULL,NULL,902528130,574015644,393579574,'2012-08-06 13:37:40','2012-08-06 13:37:40','pending');
INSERT INTO "spree_shipments" VALUES(70007694,NULL,'H62401026034',NULL,NULL,844324943,574015644,284004603,'2012-08-06 13:37:40','2012-08-06 13:37:40','pending');
INSERT INTO "spree_shipments" VALUES(71195505,NULL,'H11726212277',NULL,NULL,843120822,574015644,285208578,'2012-08-06 13:37:40','2012-08-06 13:37:40','pending');
INSERT INTO "spree_shipments" VALUES(80446377,NULL,'H105369145056',NULL,NULL,850712674,574015644,269101270,'2012-08-06 13:37:40','2012-08-06 13:37:40','pending');
INSERT INTO "spree_shipments" VALUES(81388382,NULL,'H89673735277',NULL,NULL,849787035,574015644,270026799,'2012-08-06 13:37:40','2012-08-06 13:37:40','pending');
INSERT INTO "spree_shipments" VALUES(109409616,NULL,'H960840102140',NULL,NULL,821702295,574015644,306503203,'2012-08-06 13:37:40','2012-08-06 13:37:40','pending');
INSERT INTO "spree_shipments" VALUES(110564781,NULL,'H107415453570',NULL,NULL,820530800,574015644,307674844,'2012-08-06 13:37:40','2012-08-06 13:37:40','pending');
INSERT INTO "spree_shipments" VALUES(163898264,NULL,'H565099669100',NULL,NULL,1069267029,574015644,486885605,'2012-08-06 13:37:40','2012-08-06 13:37:40','pending');
INSERT INTO "spree_shipments" VALUES(165053295,NULL,'H1039001019336',NULL,NULL,1068095656,574015644,488056864,'2012-08-06 13:37:40','2012-08-06 13:37:40','pending');
INSERT INTO "spree_shipments" VALUES(167930736,NULL,'H16545643304',NULL,NULL,1014837421,574015644,516145181,'2012-08-06 13:37:40','2012-08-06 13:37:40','pending');
INSERT INTO "spree_shipments" VALUES(193598819,NULL,'H38892520181',NULL,NULL,1039486630,574015644,525057558,'2012-08-06 13:37:40','2012-08-06 13:37:40','pending');
INSERT INTO "spree_shipments" VALUES(195891138,NULL,'H8106288678410',NULL,NULL,231772182,574015644,340874296,'2012-08-06 13:37:40','2012-08-06 13:37:40','pending');
INSERT INTO "spree_shipments" VALUES(216519034,NULL,'H98981564391',NULL,NULL,983075517,574015644,405174797,'2012-08-06 13:37:40','2012-08-06 13:37:40','pending');
INSERT INTO "spree_shipments" VALUES(228226979,NULL,'H51518290920',NULL,NULL,1004874852,574015644,425450708,'2012-08-06 13:37:40','2012-08-06 13:37:40','pending');
INSERT INTO "spree_shipments" VALUES(245966735,NULL,'H992794381046',NULL,NULL,953580620,574015644,443059452,'2012-08-06 13:37:40','2012-08-06 13:37:40','pending');
INSERT INTO "spree_shipments" VALUES(247154552,NULL,'H182745110497',NULL,NULL,952376497,574015644,444263433,'2012-08-06 13:37:40','2012-08-06 13:37:40','pending');
INSERT INTO "spree_shipments" VALUES(255015291,NULL,'H72942824345',NULL,NULL,961307330,574015644,468881930,'2012-08-06 13:37:40','2012-08-06 13:37:40','pending');
INSERT INTO "spree_shipments" VALUES(281915952,NULL,'H70725918799',NULL,NULL,649259497,574015644,67901793,'2012-08-06 13:37:40','2012-08-06 13:37:40','pending');
INSERT INTO "spree_shipments" VALUES(283103959,NULL,'H7163107910210',NULL,NULL,648055060,574015644,69106084,'2012-08-06 13:37:40','2012-08-06 13:37:40','pending');
INSERT INTO "spree_shipments" VALUES(310592731,NULL,'H558410645239',NULL,NULL,620502818,574015644,105050026,'2012-08-06 13:37:40','2012-08-06 13:37:40','pending');
INSERT INTO "spree_shipments" VALUES(312761982,NULL,'H101881781988',NULL,NULL,349815214,574015644,223872400,'2012-08-06 13:37:40','2012-08-06 13:37:40','pending');
INSERT INTO "spree_shipments" VALUES(320428591,NULL,'H2861027867101',NULL,NULL,627442156,574015644,131658076,'2012-08-06 13:37:40','2012-08-06 13:37:40','pending');
INSERT INTO "spree_shipments" VALUES(344016612,NULL,'H30532903896',NULL,NULL,587078949,574015644,4255125,'2012-08-06 13:37:40','2012-08-06 13:37:40','pending');
INSERT INTO "spree_shipments" VALUES(365533797,NULL,'H7221077796109',NULL,NULL,330565047,574015644,171295127,'2012-08-06 13:37:40','2012-08-06 13:37:40','pending');
INSERT INTO "spree_shipments" VALUES(367952066,NULL,'H99383408441',NULL,NULL,596761353,574015644,19868593,'2012-08-06 13:37:40','2012-08-06 13:37:40','pending');
INSERT INTO "spree_shipments" VALUES(371722298,NULL,'H24018381853',NULL,NULL,542594049,574015644,48866121,'2012-08-06 13:37:40','2012-08-06 13:37:40','pending');
INSERT INTO "spree_shipments" VALUES(396391991,NULL,'H5107106640126',NULL,NULL,568274416,574015644,56745288,'2012-08-06 13:37:40','2012-08-06 13:37:40','pending');
INSERT INTO "spree_shipments" VALUES(397547216,NULL,'H90410610104822',NULL,NULL,567102733,574015644,57916861,'2012-08-06 13:37:40','2012-08-06 13:37:40','pending');
INSERT INTO "spree_shipments" VALUES(417456373,NULL,'H245811025863',NULL,NULL,782154552,574015644,203443076,'2012-08-06 13:37:40','2012-08-06 13:37:40','pending');
INSERT INTO "spree_shipments" VALUES(418611208,NULL,'H04427915501',NULL,NULL,780983247,574015644,204614523,'2012-08-06 13:37:40','2012-08-06 13:37:40','pending');
INSERT INTO "spree_shipments" VALUES(426352382,NULL,'H427592871073',NULL,NULL,790021435,574015644,229127567,'2012-08-06 13:37:40','2012-08-06 13:37:40','pending');
INSERT INTO "spree_shipments" VALUES(440970793,NULL,'H443781101135',NULL,NULL,741864942,574015644,243860826,'2012-08-06 13:37:40','2012-08-06 13:37:40','pending');
INSERT INTO "spree_shipments" VALUES(442158806,NULL,'H830101802177',NULL,NULL,740660503,574015644,245065123,'2012-08-06 13:37:40','2012-08-06 13:37:40','pending');
INSERT INTO "spree_shipments" VALUES(447682054,NULL,'H1071041901231',NULL,NULL,751848899,574015644,242138487,'2012-08-06 13:37:40','2012-08-06 13:37:40','pending');
INSERT INTO "spree_shipments" VALUES(448624385,NULL,'H910357764567',NULL,NULL,750923066,574015644,243064206,'2012-08-06 13:37:40','2012-08-06 13:37:40','pending');
INSERT INTO "spree_shipments" VALUES(475581673,NULL,'H0410050331040',NULL,NULL,707237680,574015644,144271260,'2012-08-06 13:37:40','2012-08-06 13:37:40','pending');
INSERT INTO "spree_shipments" VALUES(488991282,NULL,'H1047877665410',NULL,NULL,727331319,574015644,165986627,'2012-08-06 13:37:40','2012-08-06 13:37:40','pending');
INSERT INTO "spree_shipments" VALUES(490146509,NULL,'H21824691992',NULL,NULL,726159630,574015644,167158202,'2012-08-06 13:37:40','2012-08-06 13:37:40','pending');
INSERT INTO "spree_shipments" VALUES(499307037,NULL,'H366106929592',NULL,NULL,733841882,574015644,151222638,'2012-08-06 13:37:40','2012-08-06 13:37:40','pending');
INSERT INTO "spree_shipments" VALUES(500216554,NULL,'H52499174456',NULL,NULL,732948771,574015644,152115607,'2012-08-06 13:37:40','2012-08-06 13:37:40','pending');
INSERT INTO "spree_shipments" VALUES(529278188,NULL,'H70641061044210',NULL,NULL,703823663,574015644,189632411,'2012-08-06 13:37:40','2012-08-06 13:37:40','pending');
INSERT INTO "spree_shipments" VALUES(530465809,NULL,'H9085044101063',NULL,NULL,702619608,574015644,190836580,'2012-08-06 13:37:40','2012-08-06 13:37:40','pending');
INSERT INTO "spree_shipments" VALUES(547833508,NULL,'H8751021011674',NULL,NULL,383262055,574015644,879160787,'2012-08-06 13:37:40','2012-08-06 13:37:40','pending');
INSERT INTO "spree_shipments" VALUES(548742745,NULL,'H7691010731466',NULL,NULL,382369184,574015644,880053548,'2012-08-06 13:37:40','2012-08-06 13:37:40','pending');
INSERT INTO "spree_shipments" VALUES(556742829,NULL,'H60944471137',NULL,NULL,391144298,574015644,904827870,'2012-08-06 13:37:40','2012-08-06 13:37:40','pending');
INSERT INTO "spree_shipments" VALUES(583969526,NULL,'H490091170910',NULL,NULL,615724322,574015644,1026748676,'2012-08-06 13:37:40','2012-08-06 13:37:40','pending');
INSERT INTO "spree_shipments" VALUES(585740373,NULL,'H842741038475',NULL,NULL,345435026,574015644,908598054,'2012-08-06 13:37:40','2012-08-06 13:37:40','pending');
INSERT INTO "spree_shipments" VALUES(596014713,NULL,'H0210777010837',NULL,NULL,368651700,574015644,927456520,'2012-08-06 13:37:40','2012-08-06 13:37:40','pending');
INSERT INTO "spree_shipments" VALUES(605973176,NULL,'H850010204843',NULL,NULL,308359551,574015644,819970507,'2012-08-06 13:37:40','2012-08-06 13:37:40','pending');
INSERT INTO "spree_shipments" VALUES(629437518,NULL,'H434871063533',NULL,NULL,335228811,574015644,826662719,'2012-08-06 13:37:40','2012-08-06 13:37:40','pending');
INSERT INTO "spree_shipments" VALUES(631467759,NULL,'H541050315225',NULL,NULL,601813305,574015644,979318045,'2012-08-06 13:37:40','2012-08-06 13:37:40','pending');
INSERT INTO "spree_shipments" VALUES(667583165,NULL,'H210717416313',NULL,NULL,297130368,574015644,856369612,'2012-08-06 13:37:40','2012-08-06 13:37:40','pending');
INSERT INTO "spree_shipments" VALUES(668525120,NULL,'H210243867777',NULL,NULL,296204679,574015644,857295155,'2012-08-06 13:37:40','2012-08-06 13:37:40','pending');
INSERT INTO "spree_shipments" VALUES(680203391,NULL,'H98951340121',NULL,NULL,519327672,574015644,1011531536,'2012-08-06 13:37:40','2012-08-06 13:37:40','pending');
INSERT INTO "spree_shipments" VALUES(681145480,NULL,'H99571830487',NULL,NULL,518401861,574015644,1012457461,'2012-08-06 13:37:40','2012-08-06 13:37:40','pending');
INSERT INTO "spree_shipments" VALUES(706894503,NULL,'H53613732182',NULL,NULL,475857254,574015644,1055125974,'2012-08-06 13:37:40','2012-08-06 13:37:40','pending');
INSERT INTO "spree_shipments" VALUES(707803742,NULL,'H34309919457',NULL,NULL,474964377,574015644,1056018737,'2012-08-06 13:37:40','2012-08-06 13:37:40','pending');
INSERT INTO "spree_shipments" VALUES(717611658,NULL,'H410799900557',NULL,NULL,481999185,574015644,1040468473,'2012-08-06 13:37:40','2012-08-06 13:37:40','pending');
INSERT INTO "spree_shipments" VALUES(718766707,NULL,'H101011101935710',NULL,NULL,480827830,574015644,1041639686,'2012-08-06 13:37:40','2012-08-06 13:37:40','pending');
INSERT INTO "spree_shipments" VALUES(727710848,NULL,'H78612298688',NULL,NULL,488679357,574015644,1067341581,'2012-08-06 13:37:40','2012-08-06 13:37:40','pending');
INSERT INTO "spree_shipments" VALUES(760192702,NULL,'H08634929538',NULL,NULL,456181117,574015644,965621197,'2012-08-06 13:37:40','2012-08-06 13:37:40','pending');
INSERT INTO "spree_shipments" VALUES(761134663,NULL,'H61514128306',NULL,NULL,455255426,574015644,966546746,'2012-08-06 13:37:40','2012-08-06 13:37:40','pending');
INSERT INTO "spree_shipments" VALUES(765994643,NULL,'H687809651010',NULL,NULL,467107162,574015644,963218914,'2012-08-06 13:37:40','2012-08-06 13:37:40','pending');
INSERT INTO "spree_shipments" VALUES(767182442,NULL,'H97716843469',NULL,NULL,465903021,574015644,964422941,'2012-08-06 13:37:40','2012-08-06 13:37:40','pending');
INSERT INTO "spree_shipments" VALUES(779005547,NULL,'H6952510066102',NULL,NULL,403830194,574015644,984548634,'2012-08-06 13:37:40','2012-08-06 13:37:40','pending');
INSERT INTO "spree_shipments" VALUES(803655784,NULL,'H75424204964',NULL,NULL,429493153,574015644,992443161,'2012-08-06 13:37:40','2012-08-06 13:37:40','pending');
INSERT INTO "spree_shipments" VALUES(804565151,NULL,'H410549549775',NULL,NULL,428600156,574015644,993336300,'2012-08-06 13:37:40','2012-08-06 13:37:40','pending');
INSERT INTO "spree_shipments" VALUES(830621127,NULL,'H15624957845',NULL,NULL,134028804,574015644,625209012,'2012-08-06 13:37:40','2012-08-06 13:37:40','pending');
INSERT INTO "spree_shipments" VALUES(831530304,NULL,'H21329032834',NULL,NULL,133136121,574015644,626101841,'2012-08-06 13:37:40','2012-08-06 13:37:40','pending');
INSERT INTO "spree_shipments" VALUES(858458911,NULL,'H1616151055110',NULL,NULL,89411802,574015644,669687922,'2012-08-06 13:37:40','2012-08-06 13:37:40','pending');
INSERT INTO "spree_shipments" VALUES(859401190,NULL,'H2637102100482',NULL,NULL,88485925,574015644,670613653,'2012-08-06 13:37:40','2012-08-06 13:37:40','pending');
INSERT INTO "spree_shipments" VALUES(869053234,NULL,'H293171077191',NULL,NULL,95676661,574015644,655169605,'2012-08-06 13:37:40','2012-08-06 13:37:40','pending');
INSERT INTO "spree_shipments" VALUES(870241227,NULL,'H610511945121',NULL,NULL,94472210,574015644,656373946,'2012-08-06 13:37:40','2012-08-06 13:37:40','pending');
INSERT INTO "spree_shipments" VALUES(877055750,NULL,'H106267955510',NULL,NULL,37328065,574015644,545743993,'2012-08-06 13:37:40','2012-08-06 13:37:40','pending');
INSERT INTO "spree_shipments" VALUES(877965311,NULL,'H79409359839',NULL,NULL,36435006,574015644,546636942,'2012-08-06 13:37:40','2012-08-06 13:37:40','pending');
INSERT INTO "spree_shipments" VALUES(882997035,NULL,'H102530987386',NULL,NULL,48114926,574015644,543218782,'2012-08-06 13:37:40','2012-08-06 13:37:40','pending');
INSERT INTO "spree_shipments" VALUES(884152274,NULL,'H33187880318',NULL,NULL,46943257,574015644,544390305,'2012-08-06 13:37:40','2012-08-06 13:37:40','pending');
INSERT INTO "spree_shipments" VALUES(891057020,NULL,'H5410861687100',NULL,NULL,862055596,574015644,719333514,'2012-08-06 13:37:40','2012-08-06 13:37:40','pending');
INSERT INTO "spree_shipments" VALUES(921666016,NULL,'H9308771010736',NULL,NULL,9493021,574015644,573450925,'2012-08-06 13:37:40','2012-08-06 13:37:40','pending');
INSERT INTO "spree_shipments" VALUES(922607911,NULL,'H871010402218',NULL,NULL,8567520,574015644,574376536,'2012-08-06 13:37:40','2012-08-06 13:37:40','pending');
INSERT INTO "spree_shipments" VALUES(930455338,NULL,'H4101044652751',NULL,NULL,17482993,574015644,599012441,'2012-08-06 13:37:40','2012-08-06 13:37:40','pending');
INSERT INTO "spree_shipments" VALUES(942934510,NULL,'H74782948822',NULL,NULL,239817259,574015644,754295455,'2012-08-06 13:37:40','2012-08-06 13:37:40','pending');
INSERT INTO "spree_shipments" VALUES(967710488,NULL,'H24480922494',NULL,NULL,265374943,574015644,762297451,'2012-08-06 13:37:40','2012-08-06 13:37:40','pending');
INSERT INTO "spree_shipments" VALUES(968652773,NULL,'H5597170105910',NULL,NULL,264449064,574015644,763223188,'2012-08-06 13:37:40','2012-08-06 13:37:40','pending');
INSERT INTO "spree_shipments" VALUES(983385912,NULL,'H1028841065480',NULL,NULL,216145139,574015644,777841735,'2012-08-06 13:37:40','2012-08-06 13:37:40','pending');
INSERT INTO "spree_shipments" VALUES(1002961742,NULL,'H41717809728',NULL,NULL,1035625630,574015644,607887544,'2012-08-06 13:37:40','2012-08-06 13:37:40','pending');
INSERT INTO "spree_shipments" VALUES(1004593649,NULL,'H1021107333698',NULL,NULL,228571690,574015644,790710942,'2012-08-06 13:37:40','2012-08-06 13:37:40','pending');
INSERT INTO "spree_shipments" VALUES(1015883258,NULL,'H109644984097',NULL,NULL,183664179,574015644,676105863,'2012-08-06 13:37:40','2012-08-06 13:37:40','pending');
INSERT INTO "spree_shipments" VALUES(1017790295,NULL,'H37348046972',NULL,NULL,987209861,574015644,592864417,'2012-08-06 13:37:40','2012-08-06 13:37:40','pending');
INSERT INTO "spree_shipments" VALUES(1020487291,NULL,'H81283067577',NULL,NULL,539762571,574015644,42776516,'2012-08-06 13:37:40','2012-08-06 13:37:40','pending');
INSERT INTO "spree_shipments" VALUES(1023761401,NULL,'H564100007233',NULL,NULL,192544832,574015644,700772492,'2012-08-06 13:37:40','2012-08-06 13:37:40','pending');
INSERT INTO "spree_shipments" VALUES(1053020929,NULL,'H318224513110',NULL,NULL,146573512,574015644,704804980,'2012-08-06 13:37:40','2012-08-06 13:37:40','pending');
INSERT INTO "spree_shipments" VALUES(1053930492,NULL,'H3410210109105510',NULL,NULL,145680447,574015644,705697931,'2012-08-06 13:37:40','2012-08-06 13:37:40','pending');
INSERT INTO "spree_shipments" VALUES(1053930493,'','H78057461483',NULL,NULL,1069267030,13537749,1072978398,'2012-08-06 15:22:25.396354','2012-08-06 15:22:32.448300','pending');
INSERT INTO "spree_shipments" VALUES(1053930494,'','H58002852005',NULL,NULL,1069267031,13537749,1072978400,'2012-08-06 15:26:41.384256','2012-08-06 15:26:46.753647','pending');
INSERT INTO "spree_shipments" VALUES(1053930495,NULL,'H38135118588',NULL,NULL,1069267032,574015644,1072978402,'2012-08-06 16:23:55.756288','2012-08-06 16:23:55.756288','pending');
CREATE TABLE "spree_shipping_categories" ("id" INTEGER PRIMARY KEY AUTOINCREMENT NOT NULL, "name" varchar(255), "created_at" datetime NOT NULL, "updated_at" datetime NOT NULL);
INSERT INTO "spree_shipping_categories" VALUES(727197546,'Default Shipping','2012-08-06 13:37:40','2012-08-06 13:37:40');
CREATE TABLE "spree_shipping_methods" ("id" INTEGER PRIMARY KEY AUTOINCREMENT NOT NULL, "name" varchar(255), "zone_id" integer, "created_at" datetime NOT NULL, "updated_at" datetime NOT NULL, "display_on" varchar(255) DEFAULT NULL, "shipping_category_id" integer, "match_none" boolean, "match_all" boolean, "match_one" boolean, "deleted_at" datetime);
INSERT INTO "spree_shipping_methods" VALUES(13537749,'UPS One Day',2,'2012-08-06 13:37:41','2012-08-06 13:37:41',NULL,NULL,NULL,NULL,NULL,NULL);
INSERT INTO "spree_shipping_methods" VALUES(192811543,'UPS Two Day',2,'2012-08-06 13:37:41','2012-08-06 13:37:41',NULL,NULL,NULL,NULL,NULL,NULL);
INSERT INTO "spree_shipping_methods" VALUES(574015644,'UPS Ground',2,'2012-08-06 13:37:41','2012-08-06 13:37:41',NULL,NULL,NULL,NULL,NULL,NULL);
CREATE TABLE "spree_states" ("id" INTEGER PRIMARY KEY AUTOINCREMENT NOT NULL, "name" varchar(255), "abbr" varchar(255), "country_id" integer);
INSERT INTO "spree_states" VALUES(6764998,'District of Columbia','DC',214);
INSERT INTO "spree_states" VALUES(17199670,'Utah','UT',214);
INSERT INTO "spree_states" VALUES(37199952,'Louisiana','LA',214);
INSERT INTO "spree_states" VALUES(41111624,'Virginia','VA',214);
INSERT INTO "spree_states" VALUES(51943165,'North Dakota','ND',214);
INSERT INTO "spree_states" VALUES(66390489,'Wyoming','WY',214);
INSERT INTO "spree_states" VALUES(69729944,'New Mexico','NM',214);
INSERT INTO "spree_states" VALUES(69870734,'Connecticut','CT',214);
INSERT INTO "spree_states" VALUES(91367981,'West Virginia','WV',214);
INSERT INTO "spree_states" VALUES(103680699,'Wisconsin','WI',214);
INSERT INTO "spree_states" VALUES(177087202,'North Carolina','NC',214);
INSERT INTO "spree_states" VALUES(179539703,'Nevada','NV',214);
INSERT INTO "spree_states" VALUES(199950338,'Hawaii','HI',214);
INSERT INTO "spree_states" VALUES(248548169,'Oklahoma','OK',214);
INSERT INTO "spree_states" VALUES(267271847,'Florida','FL',214);
INSERT INTO "spree_states" VALUES(276110813,'California','CA',214);
INSERT INTO "spree_states" VALUES(298914262,'Oregon','OR',214);
INSERT INTO "spree_states" VALUES(308473843,'Kentucky','KY',214);
INSERT INTO "spree_states" VALUES(385551075,'Massachusetts','MA',214);
INSERT INTO "spree_states" VALUES(403740659,'Alaska','AK',214);
INSERT INTO "spree_states" VALUES(414569975,'Washington','WA',214);
INSERT INTO "spree_states" VALUES(426832442,'New Hampshire','NH',214);
INSERT INTO "spree_states" VALUES(471470972,'Arkansas','AR',214);
INSERT INTO "spree_states" VALUES(471711976,'Pennsylvania','PA',214);
INSERT INTO "spree_states" VALUES(474001862,'Rhode Island','RI',214);
INSERT INTO "spree_states" VALUES(480368357,'Maryland','MD',214);
INSERT INTO "spree_states" VALUES(485193526,'Ohio','OH',214);
INSERT INTO "spree_states" VALUES(525212995,'Texas','TX',214);
INSERT INTO "spree_states" VALUES(532363768,'Mississippi','MS',214);
INSERT INTO "spree_states" VALUES(536031023,'Colorado','CO',214);
INSERT INTO "spree_states" VALUES(597434151,'South Carolina','SC',214);
INSERT INTO "spree_states" VALUES(615306087,'South Dakota','SD',214);
INSERT INTO "spree_states" VALUES(625629523,'Illinois','IL',214);
INSERT INTO "spree_states" VALUES(653576146,'Missouri','MO',214);
INSERT INTO "spree_states" VALUES(673350891,'Nebraska','NE',214);
INSERT INTO "spree_states" VALUES(721598219,'Delaware','DE',214);
INSERT INTO "spree_states" VALUES(726305632,'Tennessee','TN',214);
INSERT INTO "spree_states" VALUES(750950030,'New Jersey','NJ',214);
INSERT INTO "spree_states" VALUES(769938586,'Indiana','IN',214);
INSERT INTO "spree_states" VALUES(825306985,'Iowa','IA',214);
INSERT INTO "spree_states" VALUES(876916760,'Georgia','GA',214);
INSERT INTO "spree_states" VALUES(889445952,'New York','NY',214);
INSERT INTO "spree_states" VALUES(931624400,'Michigan','MI',214);
INSERT INTO "spree_states" VALUES(948208802,'Arizona','AZ',214);
INSERT INTO "spree_states" VALUES(969722173,'Kansas','KS',214);
INSERT INTO "spree_states" VALUES(982433740,'Idaho','ID',214);
INSERT INTO "spree_states" VALUES(989115415,'Vermont','VT',214);
INSERT INTO "spree_states" VALUES(999156632,'Montana','MT',214);
INSERT INTO "spree_states" VALUES(1032288924,'Minnesota','MN',214);
INSERT INTO "spree_states" VALUES(1055056709,'Maine','ME',214);
INSERT INTO "spree_states" VALUES(1061493585,'Alabama','AL',214);
CREATE TABLE "spree_tax_categories" ("id" INTEGER PRIMARY KEY AUTOINCREMENT NOT NULL, "name" varchar(255), "description" varchar(255), "created_at" datetime NOT NULL, "updated_at" datetime NOT NULL, "is_default" boolean DEFAULT 'f', "deleted_at" datetime);
INSERT INTO "spree_tax_categories" VALUES(25484906,'Clothing',NULL,'2012-08-06 13:37:41','2012-08-06 13:37:41','f',NULL);
INSERT INTO "spree_tax_categories" VALUES(698318840,'Food',NULL,'2012-08-06 13:37:41','2012-08-06 13:37:41','f',NULL);
CREATE TABLE "spree_taxonomies" ("id" INTEGER PRIMARY KEY AUTOINCREMENT NOT NULL, "name" varchar(255) NOT NULL, "created_at" datetime NOT NULL, "updated_at" datetime NOT NULL);
INSERT INTO "spree_taxonomies" VALUES(475199832,'Brand','2012-08-06 13:37:41','2012-08-06 13:37:41');
INSERT INTO "spree_taxonomies" VALUES(854451430,'Categories','2012-08-06 13:37:41','2012-08-06 13:37:41');
CREATE TABLE "spree_taxons" ("id" INTEGER PRIMARY KEY AUTOINCREMENT NOT NULL, "parent_id" integer, "position" integer DEFAULT 0, "name" varchar(255) NOT NULL, "permalink" varchar(255), "taxonomy_id" integer, "created_at" datetime NOT NULL, "updated_at" datetime NOT NULL, "lft" integer, "rgt" integer, "icon_file_name" varchar(255), "icon_content_type" varchar(255), "icon_file_size" integer, "icon_updated_at" datetime, "description" text);
INSERT INTO "spree_taxons" VALUES(1000,NULL,0,'Categories','categories',854451430,'2012-08-06 13:37:41','2012-08-06 13:37:41',1,14,NULL,NULL,NULL,NULL,NULL);
INSERT INTO "spree_taxons" VALUES(1001,1000,0,'Clothing and Accessories','categories/clothing',854451430,'2012-08-06 13:37:41','2012-08-16 12:19:06.761660',2,3,NULL,NULL,NULL,NULL,NULL);
INSERT INTO "spree_taxons" VALUES(20000,NULL,0,'Brand','brands',475199832,'2012-08-06 13:37:41','2012-08-06 13:37:41',15,32,NULL,NULL,NULL,NULL,NULL);
INSERT INTO "spree_taxons" VALUES(558398360,1000,4,'Cell Phone and Accessories','categories/mobiles-and-accessories',854451430,'2012-08-06 14:35:03.948008','2012-08-10 11:12:41.469286',4,5,NULL,NULL,NULL,NULL,NULL);
INSERT INTO "spree_taxons" VALUES(558398361,20000,4,'Samsung','brands/samsung',475199832,'2012-08-06 15:55:38.818088','2012-08-06 15:55:38.818088',16,17,NULL,NULL,NULL,NULL,NULL);
INSERT INTO "spree_taxons" VALUES(558398362,20000,5,'Zen','brands/zen',475199832,'2012-08-06 15:55:45.117700','2012-08-06 15:55:45.117700',18,19,NULL,NULL,NULL,NULL,NULL);
INSERT INTO "spree_taxons" VALUES(558398363,20000,6,'Sandisk','brands/sandisk',475199832,'2012-08-06 15:56:45.106955','2012-08-06 15:56:45.106955',20,21,NULL,NULL,NULL,NULL,NULL);
INSERT INTO "spree_taxons" VALUES(558398364,20000,7,'Fab India','brands/fab india',475199832,'2012-08-06 15:57:01.319106','2012-08-10 11:30:54.283452',22,23,NULL,NULL,NULL,NULL,'');
INSERT INTO "spree_taxons" VALUES(558398365,1000,4,'Watches and Jewellery ','categories/watches-and-jewelry',854451430,'2012-08-06 16:04:47.922705','2012-08-10 12:30:35.349263',6,7,NULL,NULL,NULL,NULL,NULL);
INSERT INTO "spree_taxons" VALUES(558398366,1000,5,'Books','categories/books',854451430,'2012-08-06 16:59:22.727219','2012-08-06 16:59:22.727219',8,9,NULL,NULL,NULL,NULL,NULL);
INSERT INTO "spree_taxons" VALUES(558398367,1000,6,'Kitchen','categories/kitchen',854451430,'2012-08-06 17:02:27.859747','2012-08-06 17:02:27.859747',10,11,NULL,NULL,NULL,NULL,NULL);
INSERT INTO "spree_taxons" VALUES(558398370,20000,4,'Joan Rivers','brands/joan-rivers',475199832,'2012-08-10 11:42:41.100615','2012-08-10 11:42:49.008529',24,25,NULL,NULL,NULL,NULL,'');
INSERT INTO "spree_taxons" VALUES(558398371,20000,5,'Home Stop','brands/home-stop',475199832,'2012-08-10 11:54:23.173903','2012-08-10 11:54:23.173903',26,27,NULL,NULL,NULL,NULL,NULL);
INSERT INTO "spree_taxons" VALUES(558398373,20000,6,'Reebok','brands/reebok',475199832,'2012-08-16 12:10:48.539045','2012-08-16 12:27:59.743821',28,29,NULL,NULL,NULL,NULL,'');
INSERT INTO "spree_taxons" VALUES(558398376,20000,7,'Nike','brands/nike',475199832,'2012-08-20 15:20:36.481085','2012-08-20 15:20:36.481085',30,31,NULL,NULL,NULL,NULL,NULL);
INSERT INTO "spree_taxons" VALUES(558398377,1000,5,'Caps','categories/caps',854451430,'2012-08-20 15:21:33.875226','2012-08-20 15:21:33.875226',12,13,NULL,NULL,NULL,NULL,NULL);
CREATE TABLE "spree_variants" ("id" INTEGER PRIMARY KEY AUTOINCREMENT NOT NULL, "sku" varchar(255) DEFAULT '' NOT NULL, "price" decimal(8,2) NOT NULL, "weight" decimal(8,2), "height" decimal(8,2), "width" decimal(8,2), "depth" decimal(8,2), "deleted_at" datetime, "is_master" boolean DEFAULT 'f', "product_id" integer, "count_on_hand" integer DEFAULT 0 NOT NULL, "cost_price" decimal(8,2) DEFAULT NULL, "position" integer);
INSERT INTO "spree_variants" VALUES(11550984,'SPR-00002',19.99,NULL,NULL,NULL,NULL,'2012-08-07 11:37:46.701134','f',528469905,10,17,NULL);
INSERT INTO "spree_variants" VALUES(52862384,'ROR-00014',13.99,NULL,NULL,NULL,NULL,'2012-08-07 11:38:16.154189','t',248786582,10,11,NULL);
INSERT INTO "spree_variants" VALUES(78660486,'SPR-00013',19.99,NULL,NULL,NULL,NULL,'2012-08-07 11:37:48.884480','t',398400663,10,17,NULL);
INSERT INTO "spree_variants" VALUES(97292824,'ROR-00006',19.99,NULL,NULL,NULL,NULL,'2012-08-07 11:37:35.066403','f',1025786064,14,17,NULL);
INSERT INTO "spree_variants" VALUES(157039898,'APC-00001',19.99,NULL,NULL,NULL,NULL,'2012-08-07 11:37:24.940160','t',706676762,10,17,NULL);
INSERT INTO "spree_variants" VALUES(205047256,'ROR-00010',21.99,NULL,NULL,NULL,NULL,'2012-08-07 11:37:35.066403','f',1025786064,10,20,NULL);
INSERT INTO "spree_variants" VALUES(215054540,'ROR-00011',15.99,NULL,NULL,NULL,NULL,'2012-08-07 11:38:23.263502','t',459084718,10,13,NULL);
INSERT INTO "spree_variants" VALUES(219452125,'ROR-001',19.99,NULL,NULL,NULL,NULL,'2012-08-07 11:37:35.066403','t',1025786064,10,17,NULL);
INSERT INTO "spree_variants" VALUES(265742438,'ROR-00009',19.99,NULL,NULL,NULL,NULL,'2012-08-07 11:37:35.066403','f',1025786064,10,17,NULL);
INSERT INTO "spree_variants" VALUES(284430812,'SPR-00008',19.99,NULL,NULL,NULL,NULL,'2012-08-07 11:37:46.701134','f',528469905,10,17,NULL);
INSERT INTO "spree_variants" VALUES(325821322,'ROR-00001',19.99,NULL,NULL,NULL,NULL,'2012-08-07 11:37:35.066403','f',1025786064,10,17,NULL);
INSERT INTO "spree_variants" VALUES(336514991,'RUB-00001',19.99,NULL,NULL,NULL,NULL,'2012-08-07 11:37:29.857143','t',569012001,10,17,NULL);
INSERT INTO "spree_variants" VALUES(405540681,'ROR-00008',19.99,NULL,NULL,NULL,NULL,'2012-08-07 11:37:35.066403','f',1025786064,10,17,NULL);
INSERT INTO "spree_variants" VALUES(429921481,'ROR-00015',17.99,NULL,NULL,NULL,NULL,'2012-08-07 11:38:18.438114','t',187438981,10,17,NULL);
INSERT INTO "spree_variants" VALUES(438855057,'SPR-00011',15.99,NULL,NULL,NULL,NULL,'2012-08-07 11:37:58.067140','t',176895127,10,13,NULL);
INSERT INTO "spree_variants" VALUES(451832754,'SPR-00005',19.99,NULL,NULL,NULL,NULL,'2012-08-07 11:37:46.701134','f',528469905,10,17,NULL);
INSERT INTO "spree_variants" VALUES(489273655,'ROR-00013',19.99,NULL,NULL,NULL,NULL,'2012-08-07 11:37:37.233046','t',1060500592,10,17,NULL);
INSERT INTO "spree_variants" VALUES(504220342,'ROR-00012',22.99,NULL,NULL,NULL,NULL,'2012-08-07 11:37:32.049464','t',723959550,10,21,NULL);
INSERT INTO "spree_variants" VALUES(529709246,'ROR-00003',19.99,NULL,NULL,NULL,NULL,'2012-08-07 11:37:35.066403','f',1025786064,10,17,NULL);
INSERT INTO "spree_variants" VALUES(568516732,'ROR-00007',19.99,NULL,NULL,NULL,NULL,'2012-08-07 11:37:35.066403','f',1025786064,1,17,NULL);
INSERT INTO "spree_variants" VALUES(599112055,'ROR-00016',16.99,NULL,NULL,NULL,NULL,'2012-08-07 11:38:20.480123','t',1035865702,10,15,NULL);
INSERT INTO "spree_variants" VALUES(664770399,'ROR-00005',19.99,NULL,NULL,NULL,NULL,'2012-08-07 11:37:35.066403','f',1025786064,10,17,NULL);
INSERT INTO "spree_variants" VALUES(726086391,'SPR-00001',19.99,NULL,NULL,NULL,NULL,'2012-08-07 11:37:46.701134','t',528469905,10,17,NULL);
INSERT INTO "spree_variants" VALUES(748173072,'SPR-00014',13.99,NULL,NULL,NULL,NULL,'2012-08-07 11:37:50.634717','t',596960057,10,11,NULL);
INSERT INTO "spree_variants" VALUES(833839126,'SPR-00012',22.99,NULL,NULL,NULL,NULL,'2012-08-07 11:37:43.592306','t',107377505,10,21,NULL);
INSERT INTO "spree_variants" VALUES(947339321,'ROR-00004',19.99,NULL,NULL,NULL,NULL,'2012-08-07 11:37:35.066403','f',1025786064,3,17,NULL);
INSERT INTO "spree_variants" VALUES(954827632,'SPR-00015',17.99,NULL,NULL,NULL,NULL,'2012-08-07 11:37:52.543174','t',500501192,10,17,NULL);
INSERT INTO "spree_variants" VALUES(1001480408,'SPR-00016',16.99,NULL,NULL,NULL,NULL,'2012-08-07 11:37:55.693646','t',302032070,10,15,NULL);
INSERT INTO "spree_variants" VALUES(1013589412,'ROR-00002',19.99,NULL,NULL,NULL,NULL,'2012-08-07 11:37:35.066403','f',1025786064,10,17,NULL);
INSERT INTO "spree_variants" VALUES(1013589413,'TEST-0001',20,NULL,NULL,NULL,NULL,'2012-08-07 11:37:59.985581','t',1060500593,0,NULL,NULL);
INSERT INTO "spree_variants" VALUES(1013589414,'',2500,NULL,NULL,NULL,NULL,NULL,'t',1060500594,0,NULL,NULL);
INSERT INTO "spree_variants" VALUES(1013589415,'',2200,NULL,NULL,NULL,NULL,NULL,'t',1060500595,0,NULL,NULL);
INSERT INTO "spree_variants" VALUES(1013589416,'',8000,NULL,NULL,NULL,NULL,NULL,'t',1060500596,0,7000,NULL);
INSERT INTO "spree_variants" VALUES(1013589417,'1009b',3000,NULL,NULL,NULL,NULL,NULL,'t',1060500597,0,NULL,NULL);
INSERT INTO "spree_variants" VALUES(1013589418,'',999,NULL,NULL,NULL,NULL,NULL,'f',1060500597,0,NULL,NULL);
INSERT INTO "spree_variants" VALUES(1013589419,'',999,NULL,NULL,NULL,NULL,NULL,'f',1060500597,0,NULL,NULL);
INSERT INTO "spree_variants" VALUES(1013589420,'',999,NULL,NULL,NULL,NULL,NULL,'f',1060500597,0,NULL,NULL);
INSERT INTO "spree_variants" VALUES(1013589421,'',999,NULL,NULL,NULL,NULL,NULL,'f',1060500597,0,NULL,NULL);
INSERT INTO "spree_variants" VALUES(1013589422,'',4000,NULL,NULL,NULL,NULL,NULL,'t',1060500598,0,3500,NULL);
INSERT INTO "spree_variants" VALUES(1013589423,'',6999,NULL,NULL,NULL,NULL,'2012-08-10 11:36:20.459619','f',1060500598,-1,NULL,NULL);
INSERT INTO "spree_variants" VALUES(1013589424,'',200,NULL,NULL,NULL,NULL,NULL,'t',1060500599,0,150,NULL);
INSERT INTO "spree_variants" VALUES(1013589425,'',152,NULL,NULL,NULL,NULL,NULL,'f',1060500599,0,NULL,NULL);
INSERT INTO "spree_variants" VALUES(1013589426,'',3000,NULL,NULL,NULL,NULL,NULL,'t',1060500600,0,NULL,NULL);
INSERT INTO "spree_variants" VALUES(1013589427,'',2670,NULL,NULL,NULL,NULL,NULL,'f',1060500600,-1,NULL,NULL);
INSERT INTO "spree_variants" VALUES(1013589428,'',1000,NULL,NULL,NULL,NULL,NULL,'t',1060500601,0,NULL,NULL);
INSERT INTO "spree_variants" VALUES(1013589429,'',1000,NULL,NULL,NULL,NULL,NULL,'t',1060500602,0,NULL,NULL);
INSERT INTO "spree_variants" VALUES(1013589430,'',800,NULL,NULL,NULL,NULL,NULL,'t',1060500603,0,NULL,NULL);
INSERT INTO "spree_variants" VALUES(1013589431,'',6999,NULL,NULL,NULL,NULL,NULL,'f',1060500598,0,9999,NULL);
INSERT INTO "spree_variants" VALUES(1013589432,'',6999,NULL,NULL,NULL,NULL,NULL,'f',1060500598,0,9999,NULL);
INSERT INTO "spree_variants" VALUES(1013589433,'',6999,NULL,NULL,NULL,NULL,NULL,'f',1060500598,0,9999,NULL);
INSERT INTO "spree_variants" VALUES(1013589434,'',300,NULL,NULL,NULL,NULL,NULL,'t',1060500604,0,150,NULL);
INSERT INTO "spree_variants" VALUES(1013589435,'',300,NULL,NULL,NULL,NULL,NULL,'t',1060500605,0,250,NULL);
INSERT INTO "spree_variants" VALUES(1013589436,'',400,NULL,NULL,NULL,NULL,'2012-08-16 12:24:45.062753','t',1060500606,0,NULL,NULL);
INSERT INTO "spree_variants" VALUES(1013589437,'',400,NULL,NULL,NULL,NULL,'2012-08-16 12:15:44.614554','f',1060500606,0,NULL,NULL);
INSERT INTO "spree_variants" VALUES(1013589438,'',400,NULL,NULL,NULL,NULL,'2012-08-16 12:24:45.062753','f',1060500606,0,NULL,NULL);
INSERT INTO "spree_variants" VALUES(1013589439,'',400,NULL,NULL,NULL,NULL,'2012-08-16 12:24:45.062753','f',1060500606,0,NULL,NULL);
INSERT INTO "spree_variants" VALUES(1013589440,'',400,NULL,NULL,NULL,NULL,'2012-08-16 12:24:45.062753','f',1060500606,0,NULL,NULL);
INSERT INTO "spree_variants" VALUES(1013589441,'',400,NULL,NULL,NULL,NULL,'2012-08-16 12:25:05.148423','t',1060500607,4,350,NULL);
INSERT INTO "spree_variants" VALUES(1013589442,'',400,NULL,NULL,NULL,NULL,NULL,'t',1060500608,2,350,NULL);
INSERT INTO "spree_variants" VALUES(1013589443,'',400,NULL,NULL,NULL,NULL,NULL,'f',1060500608,1,350,NULL);
INSERT INTO "spree_variants" VALUES(1013589444,'',400,NULL,NULL,NULL,NULL,NULL,'f',1060500608,2,350,NULL);
INSERT INTO "spree_variants" VALUES(1013589445,'',400,NULL,NULL,NULL,NULL,NULL,'f',1060500608,3,350,NULL);
INSERT INTO "spree_variants" VALUES(1013589446,'',350,NULL,NULL,NULL,NULL,NULL,'t',1060500609,0,NULL,NULL);
INSERT INTO "spree_variants" VALUES(1013589447,'',1695,NULL,NULL,NULL,NULL,NULL,'t',1060500610,0,NULL,NULL);
INSERT INTO "spree_variants" VALUES(1013589448,'',597,NULL,NULL,NULL,NULL,NULL,'t',1060500611,0,NULL,NULL);
INSERT INTO "spree_variants" VALUES(1013589449,'',900,NULL,NULL,NULL,NULL,NULL,'t',1060500612,0,NULL,NULL);
CREATE TABLE "spree_zone_members" ("id" INTEGER PRIMARY KEY AUTOINCREMENT NOT NULL, "zoneable_id" integer, "zoneable_type" varchar(255), "zone_id" integer, "created_at" datetime NOT NULL, "updated_at" datetime NOT NULL);
INSERT INTO "spree_zone_members" VALUES(4914820,13,'Spree::Country',1,'2009-06-04 13:22:26.000000','2009-06-04 13:22:26.000000');
INSERT INTO "spree_zone_members" VALUES(5807739,96,'Spree::Country',1,'2009-06-04 13:22:26.000000','2009-06-04 13:22:26.000000');
INSERT INTO "spree_zone_members" VALUES(35022990,188,'Spree::Country',1,'2009-06-04 13:22:26.000000','2009-06-04 13:22:26.000000');
INSERT INTO "spree_zone_members" VALUES(91991191,163,'Spree::Country',1,'2009-06-04 13:22:26.000000','2009-06-04 13:22:26.000000');
INSERT INTO "spree_zone_members" VALUES(120011419,52,'Spree::Country',1,'2009-06-04 13:22:26.000000','2009-06-04 13:22:26.000000');
INSERT INTO "spree_zone_members" VALUES(120937060,117,'Spree::Country',1,'2009-06-04 13:22:26.000000','2009-06-04 13:22:26.000000');
INSERT INTO "spree_zone_members" VALUES(195044517,214,'Spree::Country',2,'2009-06-04 17:22:41.000000','2009-06-04 17:22:41.000000');
INSERT INTO "spree_zone_members" VALUES(244414130,68,'Spree::Country',1,'2009-06-04 13:22:26.000000','2009-06-04 13:22:26.000000');
INSERT INTO "spree_zone_members" VALUES(394938353,162,'Spree::Country',1,'2009-06-04 13:22:26.000000','2009-06-04 13:22:26.000000');
INSERT INTO "spree_zone_members" VALUES(423866172,20,'Spree::Country',1,'2009-06-04 13:22:26.000000','2009-06-04 13:22:26.000000');
INSERT INTO "spree_zone_members" VALUES(424792003,90,'Spree::Country',1,'2009-06-04 13:22:26.000000','2009-06-04 13:22:26.000000');
INSERT INTO "spree_zone_members" VALUES(477297967,184,'Spree::Country',1,'2009-06-04 13:22:26.000000','2009-06-04 13:22:26.000000');
INSERT INTO "spree_zone_members" VALUES(506358563,53,'Spree::Country',1,'2009-06-04 13:22:26.000000','2009-06-04 13:22:26.000000');
INSERT INTO "spree_zone_members" VALUES(507251676,116,'Spree::Country',1,'2009-06-04 13:22:26.000000','2009-06-04 13:22:26.000000');
INSERT INTO "spree_zone_members" VALUES(546142054,142,'Spree::Country',1,'2009-06-04 13:22:26.000000','2009-06-04 13:22:26.000000');
INSERT INTO "spree_zone_members" VALUES(690576312,62,'Spree::Country',1,'2009-06-04 13:22:26.000000','2009-06-04 13:22:26.000000');
INSERT INTO "spree_zone_members" VALUES(691747661,110,'Spree::Country',1,'2009-06-04 13:22:26.000000','2009-06-04 13:22:26.000000');
INSERT INTO "spree_zone_members" VALUES(729140670,183,'Spree::Country',1,'2009-06-04 13:22:26.000000','2009-06-04 13:22:26.000000');
INSERT INTO "spree_zone_members" VALUES(739772837,213,'Spree::Country',1,'2009-06-04 13:22:26.000000','2009-06-04 13:22:26.000000');
INSERT INTO "spree_zone_members" VALUES(776249265,30,'Spree::Country',1,'2009-06-04 13:22:26.000000','2009-06-04 13:22:26.000000');
INSERT INTO "spree_zone_members" VALUES(777453396,74,'Spree::Country',1,'2009-06-04 13:22:26.000000','2009-06-04 13:22:26.000000');
INSERT INTO "spree_zone_members" VALUES(807406092,51,'Spree::Country',1,'2009-06-04 13:22:26.000000','2009-06-04 13:22:26.000000');
INSERT INTO "spree_zone_members" VALUES(808610553,125,'Spree::Country',1,'2009-06-04 13:22:26.000000','2009-06-04 13:22:26.000000');
INSERT INTO "spree_zone_members" VALUES(847027202,167,'Spree::Country',1,'2009-06-04 13:22:26.000000','2009-06-04 13:22:26.000000');
INSERT INTO "spree_zone_members" VALUES(890329113,194,'Spree::Country',1,'2009-06-04 13:22:26.000000','2009-06-04 13:22:26.000000');
INSERT INTO "spree_zone_members" VALUES(929017584,98,'Spree::Country',1,'2009-06-04 13:22:26.000000','2009-06-04 13:22:26.000000');
INSERT INTO "spree_zone_members" VALUES(966149671,67,'Spree::Country',1,'2009-06-04 13:22:26.000000','2009-06-04 13:22:26.000000');
INSERT INTO "spree_zone_members" VALUES(1017582644,35,'Spree::Country',2,'2009-06-04 17:22:41.000000','2009-06-04 17:22:41.000000');
CREATE TABLE "spree_zones" ("id" INTEGER PRIMARY KEY AUTOINCREMENT NOT NULL, "name" varchar(255), "description" varchar(255), "created_at" datetime NOT NULL, "updated_at" datetime NOT NULL, "default_tax" boolean DEFAULT 'f', "zone_members_count" integer DEFAULT 0);
INSERT INTO "spree_zones" VALUES(1,'EU_VAT','Countries that make up the EU VAT zone.','2009-06-04 17:22:26.000000','2009-06-04 17:22:26.000000','f',0);
INSERT INTO "spree_zones" VALUES(2,'North America','USA + Canada','2009-06-04 17:22:41.000000','2009-06-04 17:22:41.000000','f',0);
CREATE TABLE "spree_gateways" ("id" INTEGER PRIMARY KEY AUTOINCREMENT NOT NULL, "type" varchar(255), "name" varchar(255), "description" text, "active" boolean DEFAULT 't', "environment" varchar(255) DEFAULT 'development', "server" varchar(255) DEFAULT 'test', "test_mode" boolean DEFAULT 't', "created_at" datetime NOT NULL, "updated_at" datetime NOT NULL);
CREATE TABLE "spree_state_changes" ("id" INTEGER PRIMARY KEY AUTOINCREMENT NOT NULL, "name" varchar(255), "previous_state" varchar(255), "stateful_id" integer, "user_id" integer, "created_at" datetime NOT NULL, "updated_at" datetime NOT NULL, "stateful_type" varchar(255), "next_state" varchar(255));
INSERT INTO "spree_state_changes" VALUES(1,'order','cart',1069267032,1,'2012-08-06 16:24:16.452749','2012-08-06 16:24:16.452749','Spree::Order','complete');
CREATE TABLE "spree_return_authorizations" ("id" INTEGER PRIMARY KEY AUTOINCREMENT NOT NULL, "number" varchar(255), "state" varchar(255), "amount" decimal(8,2) DEFAULT 0.0 NOT NULL, "order_id" integer, "reason" text, "created_at" datetime NOT NULL, "updated_at" datetime NOT NULL);
CREATE TABLE "spree_trackers" ("id" INTEGER PRIMARY KEY AUTOINCREMENT NOT NULL, "environment" varchar(255), "analytics_id" varchar(255), "active" boolean DEFAULT 't', "created_at" datetime NOT NULL, "updated_at" datetime NOT NULL);
CREATE TABLE "spree_payment_methods" ("id" INTEGER PRIMARY KEY AUTOINCREMENT NOT NULL, "type" varchar(255), "name" varchar(255), "description" text, "active" boolean DEFAULT 't', "environment" varchar(255) DEFAULT 'development', "created_at" datetime NOT NULL, "updated_at" datetime NOT NULL, "deleted_at" datetime, "display_on" varchar(255));
INSERT INTO "spree_payment_methods" VALUES(193416319,'Spree::Gateway::Bogus','Credit Card','Bogus payment gateway for development.','t','development','2012-08-06 13:37:39','2012-08-06 13:37:39',NULL,NULL);
INSERT INTO "spree_payment_methods" VALUES(535962117,'Spree::Gateway::Bogus','Credit Card','Bogus payment gateway for test.','t','test','2012-08-06 13:37:39','2012-08-06 13:37:39',NULL,NULL);
INSERT INTO "spree_payment_methods" VALUES(732545999,'Spree::PaymentMethod::Check','Check','Pay by check.','t','development','2012-08-06 13:37:39','2012-08-06 13:37:39',NULL,NULL);
INSERT INTO "spree_payment_methods" VALUES(842616223,'Spree::Gateway::Bogus','Credit Card','Bogus payment gateway for production.','t','production','2012-08-06 13:37:39','2012-08-06 13:37:39',NULL,NULL);
INSERT INTO "spree_payment_methods" VALUES(931422120,'Spree::Gateway::Bogus','Credit Card','Bogus payment gateway for staging.','t','staging','2012-08-06 13:37:39','2012-08-06 13:37:39',NULL,NULL);
CREATE TABLE "spree_orders" ("id" INTEGER PRIMARY KEY AUTOINCREMENT NOT NULL, "number" varchar(15), "item_total" decimal(8,2) DEFAULT 0.0 NOT NULL, "total" decimal(8,2) DEFAULT 0.0 NOT NULL, "state" varchar(255), "adjustment_total" decimal(8,2) DEFAULT 0.0 NOT NULL, "credit_total" decimal(8,2) DEFAULT 0.0 NOT NULL, "user_id" integer, "created_at" datetime NOT NULL, "updated_at" datetime NOT NULL, "completed_at" datetime, "bill_address_id" integer, "ship_address_id" integer, "payment_total" decimal(8,2) DEFAULT 0.0, "shipping_method_id" integer, "shipment_state" varchar(255), "payment_state" varchar(255), "email" varchar(255), "special_instructions" text);
INSERT INTO "spree_orders" VALUES(0,NULL,1000,1000,'complete',0,0,956993830,'2012-07-13','2012-07-13',NULL,NULL,NULL,1000,NULL,NULL,NULL,NULL,NULL);
INSERT INTO "spree_orders" VALUES(1,NULL,1000,1000,'complete',0,0,187601757,'2012-07-17','2012-07-17',NULL,NULL,NULL,1000,NULL,NULL,NULL,NULL,NULL);
INSERT INTO "spree_orders" VALUES(2,NULL,8000,8000,'complete',0,0,975572189,'2012-07-22','2012-07-22',NULL,NULL,NULL,8000,NULL,NULL,NULL,NULL,NULL);
INSERT INTO "spree_orders" VALUES(3,NULL,4300,4300,'complete',0,0,22960014,'2012-07-13','2012-07-13',NULL,NULL,NULL,4300,NULL,NULL,NULL,NULL,NULL);
INSERT INTO "spree_orders" VALUES(4,NULL,3000,3000,'complete',0,0,675148478,'2012-07-17','2012-07-17',NULL,NULL,NULL,3000,NULL,NULL,NULL,NULL,NULL);
INSERT INTO "spree_orders" VALUES(5,NULL,1000,1000,'complete',0,0,386199561,'2012-07-28','2012-07-28',NULL,NULL,NULL,1000,NULL,NULL,NULL,NULL,NULL);
INSERT INTO "spree_orders" VALUES(6,NULL,1000,1000,'complete',0,0,172816471,'2012-06-28','2012-06-28',NULL,NULL,NULL,1000,NULL,NULL,NULL,NULL,NULL);
INSERT INTO "spree_orders" VALUES(7,NULL,1000,1000,'complete',0,0,235774389,'2012-07-13','2012-07-13',NULL,NULL,NULL,1000,NULL,NULL,NULL,NULL,NULL);
INSERT INTO "spree_orders" VALUES(8,NULL,300,300,'complete',0,0,1034018247,'2012-07-30','2012-07-30',NULL,NULL,NULL,300,NULL,NULL,NULL,NULL,NULL);
INSERT INTO "spree_orders" VALUES(9,NULL,400,400,'complete',0,0,825533186,'2012-06-29','2012-06-29',NULL,NULL,NULL,400,NULL,NULL,NULL,NULL,NULL);
INSERT INTO "spree_orders" VALUES(10,NULL,8000,8000,'complete',0,0,918478646,'2012-07-29','2012-07-29',NULL,NULL,NULL,8000,NULL,NULL,NULL,NULL,NULL);
INSERT INTO "spree_orders" VALUES(11,NULL,8000,8000,'complete',0,0,1046959423,'2012-07-14','2012-07-14',NULL,NULL,NULL,8000,NULL,NULL,NULL,NULL,NULL);
INSERT INTO "spree_orders" VALUES(12,NULL,400,400,'complete',0,0,835918637,'2012-07-13','2012-07-13',NULL,NULL,NULL,400,NULL,NULL,NULL,NULL,NULL);
INSERT INTO "spree_orders" VALUES(13,NULL,4000,4000,'complete',0,0,1,'2012-07-29','2012-07-29',NULL,NULL,NULL,4000,NULL,NULL,NULL,NULL,NULL);
INSERT INTO "spree_orders" VALUES(14,NULL,1200,1200,'complete',0,0,157312430,'2012-07-07','2012-07-07',NULL,NULL,NULL,1200,NULL,NULL,NULL,NULL,NULL);
INSERT INTO "spree_orders" VALUES(15,NULL,1200,1200,'complete',0,0,590306657,'2012-06-08','2012-06-08',NULL,NULL,NULL,1200,NULL,NULL,NULL,NULL,NULL);
INSERT INTO "spree_orders" VALUES(16,NULL,3000,3000,'complete',0,0,575485547,'2012-07-11','2012-07-11',NULL,NULL,NULL,3000,NULL,NULL,NULL,NULL,NULL);
INSERT INTO "spree_orders" VALUES(17,NULL,400,400,'complete',0,0,873959920,'2012-07-21','2012-07-21',NULL,NULL,NULL,400,NULL,NULL,NULL,NULL,NULL);
INSERT INTO "spree_orders" VALUES(18,NULL,500,500,'complete',0,0,994338771,'2012-06-05','2012-06-05',NULL,NULL,NULL,500,NULL,NULL,NULL,NULL,NULL);
INSERT INTO "spree_orders" VALUES(19,NULL,3200,3200,'complete',0,0,685394585,'2012-07-30','2012-07-30',NULL,NULL,NULL,3200,NULL,NULL,NULL,NULL,NULL);
INSERT INTO "spree_orders" VALUES(20,NULL,3000,3000,'complete',0,0,562806419,'2012-07-29','2012-07-29',NULL,NULL,NULL,3000,NULL,NULL,NULL,NULL,NULL);
INSERT INTO "spree_orders" VALUES(21,NULL,3200,3200,'complete',0,0,206649281,'2012-06-10','2012-06-10',NULL,NULL,NULL,3200,NULL,NULL,NULL,NULL,NULL);
INSERT INTO "spree_orders" VALUES(22,NULL,400,400,'complete',0,0,853560069,'2012-06-07','2012-06-07',NULL,NULL,NULL,400,NULL,NULL,NULL,NULL,NULL);
INSERT INTO "spree_orders" VALUES(23,NULL,1000,1000,'complete',0,0,331209749,'2012-07-27','2012-07-27',NULL,NULL,NULL,1000,NULL,NULL,NULL,NULL,NULL);
INSERT INTO "spree_orders" VALUES(24,NULL,3200,3200,'complete',0,0,75326820,'2012-07-30','2012-07-30',NULL,NULL,NULL,3200,NULL,NULL,NULL,NULL,NULL);
INSERT INTO "spree_orders" VALUES(25,NULL,3000,3000,'complete',0,0,522756822,'2012-06-08','2012-06-08',NULL,NULL,NULL,3000,NULL,NULL,NULL,NULL,NULL);
INSERT INTO "spree_orders" VALUES(26,NULL,500,500,'complete',0,0,523944495,'2012-07-29','2012-07-29',NULL,NULL,NULL,500,NULL,NULL,NULL,NULL,NULL);
INSERT INTO "spree_orders" VALUES(27,NULL,400,400,'complete',0,0,305504796,'2012-07-12','2012-07-12',NULL,NULL,NULL,400,NULL,NULL,NULL,NULL,NULL);
INSERT INTO "spree_orders" VALUES(28,NULL,1000,1000,'complete',0,0,486296279,'2012-06-16','2012-06-16',NULL,NULL,NULL,1000,NULL,NULL,NULL,NULL,NULL);
INSERT INTO "spree_orders" VALUES(29,NULL,500,500,'complete',0,0,436965436,'2012-07-14','2012-07-14',NULL,NULL,NULL,500,NULL,NULL,NULL,NULL,NULL);
INSERT INTO "spree_orders" VALUES(30,NULL,1200,1200,'complete',0,0,378310152,'2012-07-14','2012-07-14',NULL,NULL,NULL,1200,NULL,NULL,NULL,NULL,NULL);
INSERT INTO "spree_orders" VALUES(31,NULL,500,500,'complete',0,0,413327074,'2012-07-12','2012-07-12',NULL,NULL,NULL,500,NULL,NULL,NULL,NULL,NULL);
INSERT INTO "spree_orders" VALUES(32,NULL,1000,1000,'complete',0,0,358114821,'2012-07-27','2012-07-27',NULL,NULL,NULL,1000,NULL,NULL,NULL,NULL,NULL);
INSERT INTO "spree_orders" VALUES(33,NULL,3000,3000,'complete',0,0,304595689,'2012-07-30','2012-07-30',NULL,NULL,NULL,3000,NULL,NULL,NULL,NULL,NULL);
INSERT INTO "spree_orders" VALUES(34,NULL,1000,1000,'complete',0,0,995493676,'2012-07-14','2012-07-14',NULL,NULL,NULL,1000,NULL,NULL,NULL,NULL,NULL);
INSERT INTO "spree_orders" VALUES(35,NULL,3000,3000,'complete',0,0,50512260,'2012-07-30','2012-07-30',NULL,NULL,NULL,3000,NULL,NULL,NULL,NULL,NULL);
INSERT INTO "spree_orders" VALUES(36,NULL,6300,6300,'complete',0,0,407201487,'2012-07-14','2012-07-14',NULL,NULL,NULL,6300,NULL,NULL,NULL,NULL,NULL);
INSERT INTO "spree_orders" VALUES(37,NULL,400,400,'complete',0,0,74384795,'2012-07-12','2012-07-12',NULL,NULL,NULL,400,NULL,NULL,NULL,NULL,NULL);
INSERT INTO "spree_orders" VALUES(38,NULL,400,400,'complete',0,0,616230022,'2012-07-14','2012-07-14',NULL,NULL,NULL,400,NULL,NULL,NULL,NULL,NULL);
INSERT INTO "spree_orders" VALUES(39,NULL,3200,3200,'complete',0,0,135242632,'2012-07-14','2012-07-14',NULL,NULL,NULL,3200,NULL,NULL,NULL,NULL,NULL);
INSERT INTO "spree_orders" VALUES(40,NULL,1000,1000,'complete',0,0,771020115,'2012-07-14','2012-07-14',NULL,NULL,NULL,1000,NULL,NULL,NULL,NULL,NULL);
INSERT INTO "spree_orders" VALUES(41,NULL,1000,1000,'complete',0,0,771020115,'2012-07-05','2012-07-05',NULL,NULL,NULL,1000,NULL,NULL,NULL,NULL,NULL);
INSERT INTO "spree_orders" VALUES(42,NULL,300,300,'complete',0,0,494154972,'2012-07-13','2012-07-13',NULL,NULL,NULL,300,NULL,NULL,NULL,NULL,NULL);
INSERT INTO "spree_orders" VALUES(43,NULL,500,500,'complete',0,0,494154972,'2012-07-13','2012-07-13',NULL,NULL,NULL,500,NULL,NULL,NULL,NULL,NULL);
INSERT INTO "spree_orders" VALUES(44,NULL,300,300,'complete',0,0,452191684,'2012-07-30','2012-07-30',NULL,NULL,NULL,300,NULL,NULL,NULL,NULL,NULL);
INSERT INTO "spree_orders" VALUES(45,NULL,500,500,'complete',0,0,452191684,'2012-07-29','2012-07-29',NULL,NULL,NULL,500,NULL,NULL,NULL,NULL,NULL);
INSERT INTO "spree_orders" VALUES(46,NULL,400,400,'complete',0,0,674206273,'2012-07-13','2012-07-13',NULL,NULL,NULL,400,NULL,NULL,NULL,NULL,NULL);
INSERT INTO "spree_orders" VALUES(47,NULL,300,300,'complete',0,0,674206273,'2012-07-12','2012-07-12',NULL,NULL,NULL,300,NULL,NULL,NULL,NULL,NULL);
INSERT INTO "spree_orders" VALUES(48,NULL,500,500,'complete',0,0,799403637,'2012-07-12','2012-07-12',NULL,NULL,NULL,500,NULL,NULL,NULL,NULL,NULL);
INSERT INTO "spree_orders" VALUES(49,NULL,500,500,'complete',0,0,799403637,'2012-07-11','2012-07-11',NULL,NULL,NULL,500,NULL,NULL,NULL,NULL,NULL);
INSERT INTO "spree_orders" VALUES(50,NULL,400,400,'complete',0,0,911828761,'2012-07-14','2012-07-14',NULL,NULL,NULL,400,NULL,NULL,NULL,NULL,NULL);
INSERT INTO "spree_orders" VALUES(51,NULL,500,500,'complete',0,0,911828761,'2012-07-12','2012-07-12',NULL,NULL,NULL,500,NULL,NULL,NULL,NULL,NULL);
INSERT INTO "spree_orders" VALUES(52,NULL,1200,1200,'complete',0,0,534608386,'2012-07-12','2012-07-12',NULL,NULL,NULL,1200,NULL,NULL,NULL,NULL,NULL);
INSERT INTO "spree_orders" VALUES(53,NULL,1000,1000,'complete',0,0,534608386,'2012-07-05','2012-07-05',NULL,NULL,NULL,1000,NULL,NULL,NULL,NULL,NULL);
INSERT INTO "spree_orders" VALUES(54,NULL,3200,3200,'complete',0,0,178711894,'2012-07-28','2012-07-28',NULL,NULL,NULL,3200,NULL,NULL,NULL,NULL,NULL);
INSERT INTO "spree_orders" VALUES(55,NULL,3200,3200,'complete',0,0,178711894,'2012-07-28','2012-07-28',NULL,NULL,NULL,3200,NULL,NULL,NULL,NULL,NULL);
INSERT INTO "spree_orders" VALUES(56,NULL,3000,3000,'complete',0,0,437907651,'2012-07-14','2012-07-14',NULL,NULL,NULL,3000,NULL,NULL,NULL,NULL,NULL);
INSERT INTO "spree_orders" VALUES(57,NULL,4000,4000,'complete',0,0,437907651,'2012-07-12','2012-07-12',NULL,NULL,NULL,4000,NULL,NULL,NULL,NULL,NULL);
INSERT INTO "spree_orders" VALUES(58,NULL,1200,1200,'complete',0,0,608344442,'2012-07-13','2012-07-13',NULL,NULL,NULL,1200,NULL,NULL,NULL,NULL,NULL);
INSERT INTO "spree_orders" VALUES(59,NULL,1200,1200,'complete',0,0,608344442,'2012-07-14','2012-07-14',NULL,NULL,NULL,1200,NULL,NULL,NULL,NULL,NULL);
INSERT INTO "spree_orders" VALUES(60,NULL,1000,1000,'complete',0,0,28962723,'2012-07-03','2012-07-03',NULL,NULL,NULL,1000,NULL,NULL,NULL,NULL,NULL);
INSERT INTO "spree_orders" VALUES(61,NULL,1000,1000,'complete',0,0,28962723,'2012-07-12','2012-07-12',NULL,NULL,NULL,1000,NULL,NULL,NULL,NULL,NULL);
INSERT INTO "spree_orders" VALUES(62,NULL,3200,3200,'complete',0,0,113658691,'2012-05-28','2012-05-28',NULL,NULL,NULL,3200,NULL,NULL,NULL,NULL,NULL);
INSERT INTO "spree_orders" VALUES(63,NULL,3000,3000,'complete',0,0,113658691,'2012-06-06','2012-06-06',NULL,NULL,NULL,3000,NULL,NULL,NULL,NULL,NULL);
INSERT INTO "spree_orders" VALUES(64,NULL,6300,6300,'complete',0,0,28020570,'2012-07-30','2012-07-30',NULL,NULL,NULL,6300,NULL,NULL,NULL,NULL,NULL);
INSERT INTO "spree_orders" VALUES(65,NULL,4300,4300,'complete',0,0,28020570,'2012-07-27','2012-07-27',NULL,NULL,NULL,4300,NULL,NULL,NULL,NULL,NULL);
INSERT INTO "spree_orders" VALUES(66,NULL,400,400,'complete',0,0,622916212,'2012-06-25','2012-06-25',NULL,NULL,NULL,400,NULL,NULL,NULL,NULL,NULL);
INSERT INTO "spree_orders" VALUES(67,NULL,400,400,'complete',0,0,622916212,'2012-06-06','2012-06-06',NULL,NULL,NULL,400,NULL,NULL,NULL,NULL,NULL);
INSERT INTO "spree_orders" VALUES(68,NULL,1000,1000,'complete',0,0,275330066,'2012-07-13','2012-07-13',NULL,NULL,NULL,1000,NULL,NULL,NULL,NULL,NULL);
INSERT INTO "spree_orders" VALUES(69,NULL,1200,1200,'complete',0,0,275330066,'2012-07-13','2012-07-13',NULL,NULL,NULL,1200,NULL,NULL,NULL,NULL,NULL);
INSERT INTO "spree_orders" VALUES(70,NULL,300,300,'complete',0,0,323332591,'2012-06-15','2012-06-15',NULL,NULL,NULL,300,NULL,NULL,NULL,NULL,NULL);
INSERT INTO "spree_orders" VALUES(71,NULL,500,500,'complete',0,0,323332591,'2012-06-05','2012-06-05',NULL,NULL,NULL,500,NULL,NULL,NULL,NULL,NULL);
INSERT INTO "spree_orders" VALUES(72,NULL,300,300,'complete',0,0,863655417,'2012-07-04','2012-07-04',NULL,NULL,NULL,300,NULL,NULL,NULL,NULL,NULL);
INSERT INTO "spree_orders" VALUES(73,NULL,400,400,'complete',0,0,863655417,'2012-07-11','2012-07-11',NULL,NULL,NULL,400,NULL,NULL,NULL,NULL,NULL);
INSERT INTO "spree_orders" VALUES(74,NULL,500,500,'complete',0,0,104043415,'2012-07-12','2012-07-12',NULL,NULL,NULL,500,NULL,NULL,NULL,NULL,NULL);
INSERT INTO "spree_orders" VALUES(75,NULL,400,400,'complete',0,0,104043415,'2012-07-14','2012-07-14',NULL,NULL,NULL,400,NULL,NULL,NULL,NULL,NULL);
INSERT INTO "spree_orders" VALUES(76,NULL,4000,4000,'complete',0,0,286560969,'2012-07-30','2012-07-30',NULL,NULL,NULL,4000,NULL,NULL,NULL,NULL,NULL);
INSERT INTO "spree_orders" VALUES(77,NULL,4000,4000,'complete',0,0,286560969,'2012-07-30','2012-07-30',NULL,NULL,NULL,4000,NULL,NULL,NULL,NULL,NULL);
INSERT INTO "spree_orders" VALUES(78,NULL,400,400,'complete',0,0,756990036,'2012-06-09','2012-06-09',NULL,NULL,NULL,400,NULL,NULL,NULL,NULL,NULL);
INSERT INTO "spree_orders" VALUES(79,NULL,500,500,'complete',0,0,756990036,'2012-06-18','2012-06-18',NULL,NULL,NULL,500,NULL,NULL,NULL,NULL,NULL);
INSERT INTO "spree_orders" VALUES(80,NULL,1000,1000,'complete',0,0,862467340,'2012-06-07','2012-06-07',NULL,NULL,NULL,1000,NULL,NULL,NULL,NULL,NULL);
INSERT INTO "spree_orders" VALUES(81,NULL,1000,1000,'complete',0,0,862467340,'2012-05-31','2012-05-31',NULL,NULL,NULL,1000,NULL,NULL,NULL,NULL,NULL);
INSERT INTO "spree_orders" VALUES(82,NULL,1000,1000,'complete',0,0,862467340,'2012-06-27','2012-06-27',NULL,NULL,NULL,1000,NULL,NULL,NULL,NULL,NULL);
INSERT INTO "spree_orders" VALUES(83,NULL,1000,1000,'complete',0,0,862467340,'2012-06-07','2012-06-07',NULL,NULL,NULL,1000,NULL,NULL,NULL,NULL,NULL);
INSERT INTO "spree_orders" VALUES(84,NULL,500,500,'complete',0,0,661521543,'2012-07-13','2012-07-13',NULL,NULL,NULL,500,NULL,NULL,NULL,NULL,NULL);
INSERT INTO "spree_orders" VALUES(85,NULL,300,300,'complete',0,0,661521543,'2012-07-20','2012-07-20',NULL,NULL,NULL,300,NULL,NULL,NULL,NULL,NULL);
INSERT INTO "spree_orders" VALUES(86,NULL,500,500,'complete',0,0,661521543,'2012-07-13','2012-07-13',NULL,NULL,NULL,500,NULL,NULL,NULL,NULL,NULL);
INSERT INTO "spree_orders" VALUES(87,NULL,400,400,'complete',0,0,661521543,'2012-07-14','2012-07-14',NULL,NULL,NULL,400,NULL,NULL,NULL,NULL,NULL);
INSERT INTO "spree_orders" VALUES(88,NULL,1200,1200,'complete',0,0,188543912,'2012-07-12','2012-07-12',NULL,NULL,NULL,1200,NULL,NULL,NULL,NULL,NULL);
INSERT INTO "spree_orders" VALUES(89,NULL,1000,1000,'complete',0,0,188543912,'2012-07-06','2012-07-06',NULL,NULL,NULL,1000,NULL,NULL,NULL,NULL,NULL);
INSERT INTO "spree_orders" VALUES(90,NULL,1000,1000,'complete',0,0,188543912,'2012-07-10','2012-07-10',NULL,NULL,NULL,1000,NULL,NULL,NULL,NULL,NULL);
INSERT INTO "spree_orders" VALUES(91,NULL,1000,1000,'complete',0,0,188543912,'2012-07-22','2012-07-22',NULL,NULL,NULL,1000,NULL,NULL,NULL,NULL,NULL);
INSERT INTO "spree_orders" VALUES(92,NULL,3000,3000,'complete',0,0,824624125,'2012-06-02','2012-06-02',NULL,NULL,NULL,3000,NULL,NULL,NULL,NULL,NULL);
INSERT INTO "spree_orders" VALUES(93,NULL,4000,4000,'complete',0,0,824624125,'2012-06-06','2012-06-06',NULL,NULL,NULL,4000,NULL,NULL,NULL,NULL,NULL);
INSERT INTO "spree_orders" VALUES(94,NULL,4000,4000,'complete',0,0,824624125,'2012-06-08','2012-06-08',NULL,NULL,NULL,4000,NULL,NULL,NULL,NULL,NULL);
INSERT INTO "spree_orders" VALUES(95,NULL,4000,4000,'complete',0,0,824624125,'2012-06-13','2012-06-13',NULL,NULL,NULL,4000,NULL,NULL,NULL,NULL,NULL);
INSERT INTO "spree_orders" VALUES(96,NULL,4300,4300,'complete',0,0,114568122,'2012-06-08','2012-06-08',NULL,NULL,NULL,4300,NULL,NULL,NULL,NULL,NULL);
INSERT INTO "spree_orders" VALUES(97,NULL,6300,6300,'complete',0,0,114568122,'2012-06-16','2012-06-16',NULL,NULL,NULL,6300,NULL,NULL,NULL,NULL,NULL);
INSERT INTO "spree_orders" VALUES(98,NULL,4300,4300,'complete',0,0,114568122,'2012-05-28','2012-05-28',NULL,NULL,NULL,4300,NULL,NULL,NULL,NULL,NULL);
INSERT INTO "spree_orders" VALUES(99,NULL,4300,4300,'complete',0,0,114568122,'2012-06-06','2012-06-06',NULL,NULL,NULL,4300,NULL,NULL,NULL,NULL,NULL);
INSERT INTO "spree_orders" VALUES(100,NULL,500,500,'complete',0,0,102888302,'2012-06-08','2012-06-08',NULL,NULL,NULL,500,NULL,NULL,NULL,NULL,NULL);
INSERT INTO "spree_orders" VALUES(101,NULL,400,400,'complete',0,0,102888302,'2012-06-08','2012-06-08',NULL,NULL,NULL,400,NULL,NULL,NULL,NULL,NULL);
INSERT INTO "spree_orders" VALUES(102,NULL,300,300,'complete',0,0,102888302,'2012-06-06','2012-06-06',NULL,NULL,NULL,300,NULL,NULL,NULL,NULL,NULL);
INSERT INTO "spree_orders" VALUES(103,NULL,300,300,'complete',0,0,102888302,'2012-06-07','2012-06-07',NULL,NULL,NULL,300,NULL,NULL,NULL,NULL,NULL);
INSERT INTO "spree_orders" VALUES(104,NULL,500,500,'complete',0,0,712180813,'2012-06-10','2012-06-10',NULL,NULL,NULL,500,NULL,NULL,NULL,NULL,NULL);
INSERT INTO "spree_orders" VALUES(105,NULL,300,300,'complete',0,0,712180813,'2012-06-07','2012-06-07',NULL,NULL,NULL,300,NULL,NULL,NULL,NULL,NULL);
INSERT INTO "spree_orders" VALUES(106,NULL,300,300,'complete',0,0,712180813,'2012-06-14','2012-06-14',NULL,NULL,NULL,300,NULL,NULL,NULL,NULL,NULL);
INSERT INTO "spree_orders" VALUES(107,NULL,400,400,'complete',0,0,712180813,'2012-05-29','2012-05-29',NULL,NULL,NULL,400,NULL,NULL,NULL,NULL,NULL);
INSERT INTO "spree_orders" VALUES(108,NULL,1200,1200,'complete',0,0,576673428,'2012-06-05','2012-06-05',NULL,NULL,NULL,1200,NULL,NULL,NULL,NULL,NULL);
INSERT INTO "spree_orders" VALUES(109,NULL,1200,1200,'complete',0,0,576673428,'2012-06-16','2012-06-16',NULL,NULL,NULL,1200,NULL,NULL,NULL,NULL,NULL);
INSERT INTO "spree_orders" VALUES(110,NULL,1000,1000,'complete',0,0,576673428,'2012-06-01','2012-06-01',NULL,NULL,NULL,1000,NULL,NULL,NULL,NULL,NULL);
INSERT INTO "spree_orders" VALUES(111,NULL,1000,1000,'complete',0,0,576673428,'2012-06-22','2012-06-22',NULL,NULL,NULL,1000,NULL,NULL,NULL,NULL,NULL);
INSERT INTO "spree_orders" VALUES(112,NULL,400,400,'complete',0,0,220281934,'2012-07-29','2012-07-29',NULL,NULL,NULL,400,NULL,NULL,NULL,NULL,NULL);
INSERT INTO "spree_orders" VALUES(113,NULL,300,300,'complete',0,0,220281934,'2012-07-27','2012-07-27',NULL,NULL,NULL,300,NULL,NULL,NULL,NULL,NULL);
INSERT INTO "spree_orders" VALUES(114,NULL,300,300,'complete',0,0,220281934,'2012-07-30','2012-07-30',NULL,NULL,NULL,300,NULL,NULL,NULL,NULL,NULL);
INSERT INTO "spree_orders" VALUES(115,NULL,500,500,'complete',0,0,220281934,'2012-07-28','2012-07-28',NULL,NULL,NULL,500,NULL,NULL,NULL,NULL,NULL);
INSERT INTO "spree_orders" VALUES(116,NULL,300,300,'complete',0,0,624071307,'2012-07-11','2012-07-11',NULL,NULL,NULL,300,NULL,NULL,NULL,NULL,NULL);
INSERT INTO "spree_orders" VALUES(117,NULL,500,500,'complete',0,0,624071307,'2012-07-13','2012-07-13',NULL,NULL,NULL,500,NULL,NULL,NULL,NULL,NULL);
INSERT INTO "spree_orders" VALUES(118,NULL,300,300,'complete',0,0,624071307,'2012-07-11','2012-07-11',NULL,NULL,NULL,300,NULL,NULL,NULL,NULL,NULL);
INSERT INTO "spree_orders" VALUES(119,NULL,500,500,'complete',0,0,624071307,'2012-07-13','2012-07-13',NULL,NULL,NULL,500,NULL,NULL,NULL,NULL,NULL);
INSERT INTO "spree_orders" VALUES(120,NULL,300,300,'complete',0,0,140587364,'2012-07-11','2012-07-11',NULL,NULL,NULL,300,NULL,NULL,NULL,NULL,NULL);
INSERT INTO "spree_orders" VALUES(121,NULL,500,500,'complete',0,0,140587364,'2012-07-11','2012-07-11',NULL,NULL,NULL,500,NULL,NULL,NULL,NULL,NULL);
INSERT INTO "spree_orders" VALUES(122,NULL,300,300,'complete',0,0,140587364,'2012-07-15','2012-07-15',NULL,NULL,NULL,300,NULL,NULL,NULL,NULL,NULL);
INSERT INTO "spree_orders" VALUES(123,NULL,300,300,'complete',0,0,140587364,'2012-07-13','2012-07-13',NULL,NULL,NULL,300,NULL,NULL,NULL,NULL,NULL);
INSERT INTO "spree_orders" VALUES(124,NULL,300,300,'complete',0,0,140587364,'2012-07-21','2012-07-21',NULL,NULL,NULL,300,NULL,NULL,NULL,NULL,NULL);
INSERT INTO "spree_orders" VALUES(125,NULL,400,400,'complete',0,0,140587364,'2012-07-23','2012-07-23',NULL,NULL,NULL,400,NULL,NULL,NULL,NULL,NULL);
INSERT INTO "spree_orders" VALUES(126,NULL,300,300,'complete',0,0,140587364,'2012-07-04','2012-07-04',NULL,NULL,NULL,300,NULL,NULL,NULL,NULL,NULL);
INSERT INTO "spree_orders" VALUES(127,NULL,300,300,'complete',0,0,140587364,'2012-07-14','2012-07-14',NULL,NULL,NULL,300,NULL,NULL,NULL,NULL,NULL);
INSERT INTO "spree_orders" VALUES(128,NULL,300,300,'complete',0,0,14035331,'2012-07-26','2012-07-26',NULL,NULL,NULL,300,NULL,NULL,NULL,NULL,NULL);
INSERT INTO "spree_orders" VALUES(129,NULL,500,500,'complete',0,0,14035331,'2012-07-25','2012-07-25',NULL,NULL,NULL,500,NULL,NULL,NULL,NULL,NULL);
INSERT INTO "spree_orders" VALUES(130,NULL,300,300,'complete',0,0,14035331,'2012-07-27','2012-07-27',NULL,NULL,NULL,300,NULL,NULL,NULL,NULL,NULL);
INSERT INTO "spree_orders" VALUES(131,NULL,400,400,'complete',0,0,14035331,'2012-07-29','2012-07-29',NULL,NULL,NULL,400,NULL,NULL,NULL,NULL,NULL);
INSERT INTO "spree_orders" VALUES(132,NULL,400,400,'complete',0,0,14035331,'2012-07-30','2012-07-30',NULL,NULL,NULL,400,NULL,NULL,NULL,NULL,NULL);
INSERT INTO "spree_orders" VALUES(133,NULL,300,300,'complete',0,0,14035331,'2012-07-28','2012-07-28',NULL,NULL,NULL,300,NULL,NULL,NULL,NULL,NULL);
INSERT INTO "spree_orders" VALUES(134,NULL,500,500,'complete',0,0,14035331,'2012-07-29','2012-07-29',NULL,NULL,NULL,500,NULL,NULL,NULL,NULL,NULL);
INSERT INTO "spree_orders" VALUES(135,NULL,500,500,'complete',0,0,711025848,'2012-07-14','2012-07-14',NULL,NULL,NULL,500,NULL,NULL,NULL,NULL,NULL);
INSERT INTO "spree_orders" VALUES(136,NULL,500,500,'complete',0,0,711025848,'2012-07-13','2012-07-13',NULL,NULL,NULL,500,NULL,NULL,NULL,NULL,NULL);
INSERT INTO "spree_orders" VALUES(137,NULL,300,300,'complete',0,0,711025848,'2012-07-16','2012-07-16',NULL,NULL,NULL,300,NULL,NULL,NULL,NULL,NULL);
INSERT INTO "spree_orders" VALUES(138,NULL,500,500,'complete',0,0,711025848,'2012-07-04','2012-07-04',NULL,NULL,NULL,500,NULL,NULL,NULL,NULL,NULL);
INSERT INTO "spree_orders" VALUES(139,NULL,400,400,'complete',0,0,711025848,'2012-07-17','2012-07-17',NULL,NULL,NULL,400,NULL,NULL,NULL,NULL,NULL);
INSERT INTO "spree_orders" VALUES(140,NULL,300,300,'complete',0,0,711025848,'2012-07-13','2012-07-13',NULL,NULL,NULL,300,NULL,NULL,NULL,NULL,NULL);
INSERT INTO "spree_orders" VALUES(141,NULL,300,300,'complete',0,0,711025848,'2012-07-11','2012-07-11',NULL,NULL,NULL,300,NULL,NULL,NULL,NULL,NULL);
INSERT INTO "spree_orders" VALUES(142,NULL,300,300,'complete',0,0,711025848,'2012-07-12','2012-07-12',NULL,NULL,NULL,300,NULL,NULL,NULL,NULL,NULL);
INSERT INTO "spree_orders" VALUES(143,NULL,300,300,'complete',0,0,711025848,'2012-07-13','2012-07-13',NULL,NULL,NULL,300,NULL,NULL,NULL,NULL,NULL);
INSERT INTO "spree_orders" VALUES(144,NULL,400,400,'complete',0,0,51421563,'2012-07-22','2012-07-22',NULL,NULL,NULL,400,NULL,NULL,NULL,NULL,NULL);
INSERT INTO "spree_orders" VALUES(145,NULL,400,400,'complete',0,0,51421563,'2012-07-14','2012-07-14',NULL,NULL,NULL,400,NULL,NULL,NULL,NULL,NULL);
INSERT INTO "spree_orders" VALUES(146,NULL,500,500,'complete',0,0,51421563,'2012-07-14','2012-07-14',NULL,NULL,NULL,500,NULL,NULL,NULL,NULL,NULL);
INSERT INTO "spree_orders" VALUES(147,NULL,400,400,'complete',0,0,51421563,'2012-07-13','2012-07-13',NULL,NULL,NULL,400,NULL,NULL,NULL,NULL,NULL);
INSERT INTO "spree_orders" VALUES(148,NULL,500,500,'complete',0,0,51421563,'2012-07-14','2012-07-14',NULL,NULL,NULL,500,NULL,NULL,NULL,NULL,NULL);
INSERT INTO "spree_orders" VALUES(149,NULL,300,300,'complete',0,0,51421563,'2012-07-11','2012-07-11',NULL,NULL,NULL,300,NULL,NULL,NULL,NULL,NULL);
INSERT INTO "spree_orders" VALUES(150,NULL,3000,3000,'complete',0,0,493245475,'2012-07-28','2012-07-28',NULL,NULL,NULL,3000,NULL,NULL,NULL,NULL,NULL);
INSERT INTO "spree_orders" VALUES(151,NULL,4000,4000,'complete',0,0,493245475,'2012-07-29','2012-07-29',NULL,NULL,NULL,4000,NULL,NULL,NULL,NULL,NULL);
INSERT INTO "spree_orders" VALUES(152,NULL,3000,3000,'complete',0,0,493245475,'2012-07-29','2012-07-29',NULL,NULL,NULL,3000,NULL,NULL,NULL,NULL,NULL);
INSERT INTO "spree_orders" VALUES(153,NULL,4000,4000,'complete',0,0,493245475,'2012-07-29','2012-07-29',NULL,NULL,NULL,4000,NULL,NULL,NULL,NULL,NULL);
INSERT INTO "spree_orders" VALUES(154,NULL,3000,3000,'complete',0,0,493245475,'2012-07-30','2012-07-30',NULL,NULL,NULL,3000,NULL,NULL,NULL,NULL,NULL);
INSERT INTO "spree_orders" VALUES(155,NULL,3000,3000,'complete',0,0,493245475,'2012-07-31','2012-07-31',NULL,NULL,NULL,3000,NULL,NULL,NULL,NULL,NULL);
INSERT INTO "spree_orders" VALUES(156,NULL,3200,3200,'complete',0,0,493245475,'2012-07-27','2012-07-27',NULL,NULL,NULL,3200,NULL,NULL,NULL,NULL,NULL);
INSERT INTO "spree_orders" VALUES(157,NULL,1200,1200,'complete',0,0,684206702,'2012-06-08','2012-06-08',NULL,NULL,NULL,1200,NULL,NULL,NULL,NULL,NULL);
INSERT INTO "spree_orders" VALUES(158,NULL,1000,1000,'complete',0,0,684206702,'2012-05-25','2012-05-25',NULL,NULL,NULL,1000,NULL,NULL,NULL,NULL,NULL);
INSERT INTO "spree_orders" VALUES(159,NULL,1200,1200,'complete',0,0,684206702,'2012-06-14','2012-06-14',NULL,NULL,NULL,1200,NULL,NULL,NULL,NULL,NULL);
INSERT INTO "spree_orders" VALUES(160,NULL,1200,1200,'complete',0,0,684206702,'2012-06-06','2012-06-06',NULL,NULL,NULL,1200,NULL,NULL,NULL,NULL,NULL);
INSERT INTO "spree_orders" VALUES(161,NULL,1000,1000,'complete',0,0,684206702,'2012-06-08','2012-06-08',NULL,NULL,NULL,1000,NULL,NULL,NULL,NULL,NULL);
INSERT INTO "spree_orders" VALUES(162,NULL,1000,1000,'complete',0,0,684206702,'2012-05-22','2012-05-22',NULL,NULL,NULL,1000,NULL,NULL,NULL,NULL,NULL);
INSERT INTO "spree_orders" VALUES(163,NULL,1200,1200,'complete',0,0,684206702,'2012-05-21','2012-05-21',NULL,NULL,NULL,1200,NULL,NULL,NULL,NULL,NULL);
INSERT INTO "spree_orders" VALUES(164,NULL,1000,1000,'complete',0,0,684206702,'2012-05-27','2012-05-27',NULL,NULL,NULL,1000,NULL,NULL,NULL,NULL,NULL);
INSERT INTO "spree_orders" VALUES(165,NULL,1000,1000,'complete',0,0,684206702,'2012-06-13','2012-06-13',NULL,NULL,NULL,1000,NULL,NULL,NULL,NULL,NULL);
INSERT INTO "spree_orders" VALUES(166,NULL,400,400,'complete',0,0,793786021,'2012-07-12','2012-07-12',NULL,NULL,NULL,400,NULL,NULL,NULL,NULL,NULL);
INSERT INTO "spree_orders" VALUES(167,NULL,400,400,'complete',0,0,793786021,'2012-07-14','2012-07-14',NULL,NULL,NULL,400,NULL,NULL,NULL,NULL,NULL);
INSERT INTO "spree_orders" VALUES(168,NULL,500,500,'complete',0,0,793786021,'2012-07-14','2012-07-14',NULL,NULL,NULL,500,NULL,NULL,NULL,NULL,NULL);
INSERT INTO "spree_orders" VALUES(169,NULL,300,300,'complete',0,0,793786021,'2012-07-13','2012-07-13',NULL,NULL,NULL,300,NULL,NULL,NULL,NULL,NULL);
INSERT INTO "spree_orders" VALUES(170,NULL,400,400,'complete',0,0,793786021,'2012-07-14','2012-07-14',NULL,NULL,NULL,400,NULL,NULL,NULL,NULL,NULL);
INSERT INTO "spree_orders" VALUES(171,NULL,500,500,'complete',0,0,793786021,'2012-07-09','2012-07-09',NULL,NULL,NULL,500,NULL,NULL,NULL,NULL,NULL);
INSERT INTO "spree_orders" VALUES(172,NULL,300,300,'complete',0,0,793786021,'2012-07-11','2012-07-11',NULL,NULL,NULL,300,NULL,NULL,NULL,NULL,NULL);
INSERT INTO "spree_orders" VALUES(173,NULL,500,500,'complete',0,0,793786021,'2012-07-12','2012-07-12',NULL,NULL,NULL,500,NULL,NULL,NULL,NULL,NULL);
INSERT INTO "spree_orders" VALUES(174,NULL,1000,1000,'complete',0,0,737901126,'2012-07-30','2012-07-30',NULL,NULL,NULL,1000,NULL,NULL,NULL,NULL,NULL);
INSERT INTO "spree_orders" VALUES(175,NULL,1000,1000,'complete',0,0,737901126,'2012-07-28','2012-07-28',NULL,NULL,NULL,1000,NULL,NULL,NULL,NULL,NULL);
INSERT INTO "spree_orders" VALUES(176,NULL,1000,1000,'complete',0,0,737901126,'2012-07-28','2012-07-28',NULL,NULL,NULL,1000,NULL,NULL,NULL,NULL,NULL);
INSERT INTO "spree_orders" VALUES(177,NULL,1000,1000,'complete',0,0,737901126,'2012-07-30','2012-07-30',NULL,NULL,NULL,1000,NULL,NULL,NULL,NULL,NULL);
INSERT INTO "spree_orders" VALUES(178,NULL,1000,1000,'complete',0,0,737901126,'2012-07-30','2012-07-30',NULL,NULL,NULL,1000,NULL,NULL,NULL,NULL,NULL);
INSERT INTO "spree_orders" VALUES(179,NULL,1000,1000,'complete',0,0,737901126,'2012-07-29','2012-07-29',NULL,NULL,NULL,1000,NULL,NULL,NULL,NULL,NULL);
INSERT INTO "spree_orders" VALUES(180,NULL,1000,1000,'complete',0,0,537116830,'2012-07-28','2012-07-28',NULL,NULL,NULL,1000,NULL,NULL,NULL,NULL,NULL);
INSERT INTO "spree_orders" VALUES(181,NULL,1000,1000,'complete',0,0,537116830,'2012-07-27','2012-07-27',NULL,NULL,NULL,1000,NULL,NULL,NULL,NULL,NULL);
INSERT INTO "spree_orders" VALUES(182,NULL,1000,1000,'complete',0,0,537116830,'2012-07-29','2012-07-29',NULL,NULL,NULL,1000,NULL,NULL,NULL,NULL,NULL);
INSERT INTO "spree_orders" VALUES(183,NULL,1200,1200,'complete',0,0,537116830,'2012-07-28','2012-07-28',NULL,NULL,NULL,1200,NULL,NULL,NULL,NULL,NULL);
INSERT INTO "spree_orders" VALUES(184,NULL,1000,1000,'complete',0,0,537116830,'2012-07-28','2012-07-28',NULL,NULL,NULL,1000,NULL,NULL,NULL,NULL,NULL);
INSERT INTO "spree_orders" VALUES(185,NULL,1000,1000,'complete',0,0,537116830,'2012-07-30','2012-07-30',NULL,NULL,NULL,1000,NULL,NULL,NULL,NULL,NULL);
INSERT INTO "spree_orders" VALUES(186,NULL,1000,1000,'complete',0,0,1010549555,'2012-07-27','2012-07-27',NULL,NULL,NULL,1000,NULL,NULL,NULL,NULL,NULL);
INSERT INTO "spree_orders" VALUES(187,NULL,1000,1000,'complete',0,0,1010549555,'2012-07-29','2012-07-29',NULL,NULL,NULL,1000,NULL,NULL,NULL,NULL,NULL);
INSERT INTO "spree_orders" VALUES(188,NULL,1000,1000,'complete',0,0,1010549555,'2012-07-27','2012-07-27',NULL,NULL,NULL,1000,NULL,NULL,NULL,NULL,NULL);
INSERT INTO "spree_orders" VALUES(189,NULL,1200,1200,'complete',0,0,1010549555,'2012-07-28','2012-07-28',NULL,NULL,NULL,1200,NULL,NULL,NULL,NULL,NULL);
INSERT INTO "spree_orders" VALUES(190,NULL,1000,1000,'complete',0,0,1010549555,'2012-07-30','2012-07-30',NULL,NULL,NULL,1000,NULL,NULL,NULL,NULL,NULL);
INSERT INTO "spree_orders" VALUES(191,NULL,1000,1000,'complete',0,0,1010549555,'2012-07-27','2012-07-27',NULL,NULL,NULL,1000,NULL,NULL,NULL,NULL,NULL);
INSERT INTO "spree_orders" VALUES(192,NULL,1200,1200,'complete',0,0,1010549555,'2012-07-27','2012-07-27',NULL,NULL,NULL,1200,NULL,NULL,NULL,NULL,NULL);
INSERT INTO "spree_orders" VALUES(193,NULL,1200,1200,'complete',0,0,1010549555,'2012-07-29','2012-07-29',NULL,NULL,NULL,1200,NULL,NULL,NULL,NULL,NULL);
INSERT INTO "spree_orders" VALUES(194,NULL,1000,1000,'complete',0,0,408356406,'2012-07-29','2012-07-29',NULL,NULL,NULL,1000,NULL,NULL,NULL,NULL,NULL);
INSERT INTO "spree_orders" VALUES(195,NULL,1000,1000,'complete',0,0,408356406,'2012-07-27','2012-07-27',NULL,NULL,NULL,1000,NULL,NULL,NULL,NULL,NULL);
INSERT INTO "spree_orders" VALUES(196,NULL,1200,1200,'complete',0,0,408356406,'2012-07-28','2012-07-28',NULL,NULL,NULL,1200,NULL,NULL,NULL,NULL,NULL);
INSERT INTO "spree_orders" VALUES(197,NULL,1000,1000,'complete',0,0,408356406,'2012-07-27','2012-07-27',NULL,NULL,NULL,1000,NULL,NULL,NULL,NULL,NULL);
INSERT INTO "spree_orders" VALUES(198,NULL,1000,1000,'complete',0,0,408356406,'2012-07-28','2012-07-28',NULL,NULL,NULL,1000,NULL,NULL,NULL,NULL,NULL);
INSERT INTO "spree_orders" VALUES(199,NULL,1000,1000,'complete',0,0,408356406,'2012-07-29','2012-07-29',NULL,NULL,NULL,1000,NULL,NULL,NULL,NULL,NULL);
INSERT INTO "spree_orders" VALUES(200,NULL,1000,1000,'complete',0,0,408356406,'2012-07-30','2012-07-30',NULL,NULL,NULL,1000,NULL,NULL,NULL,NULL,NULL);
INSERT INTO "spree_orders" VALUES(201,NULL,1200,1200,'complete',0,0,408356406,'2012-07-28','2012-07-28',NULL,NULL,NULL,1200,NULL,NULL,NULL,NULL,NULL);
INSERT INTO "spree_orders" VALUES(202,NULL,300,300,'complete',0,0,948998100,'2012-07-14','2012-07-14',NULL,NULL,NULL,300,NULL,NULL,NULL,NULL,NULL);
INSERT INTO "spree_orders" VALUES(203,NULL,300,300,'complete',0,0,948998100,'2012-07-12','2012-07-12',NULL,NULL,NULL,300,NULL,NULL,NULL,NULL,NULL);
INSERT INTO "spree_orders" VALUES(204,NULL,300,300,'complete',0,0,948998100,'2012-07-11','2012-07-11',NULL,NULL,NULL,300,NULL,NULL,NULL,NULL,NULL);
INSERT INTO "spree_orders" VALUES(205,NULL,400,400,'complete',0,0,948998100,'2012-07-13','2012-07-13',NULL,NULL,NULL,400,NULL,NULL,NULL,NULL,NULL);
INSERT INTO "spree_orders" VALUES(206,NULL,300,300,'complete',0,0,948998100,'2012-07-12','2012-07-12',NULL,NULL,NULL,300,NULL,NULL,NULL,NULL,NULL);
INSERT INTO "spree_orders" VALUES(207,NULL,500,500,'complete',0,0,948998100,'2012-07-14','2012-07-14',NULL,NULL,NULL,500,NULL,NULL,NULL,NULL,NULL);
INSERT INTO "spree_orders" VALUES(208,NULL,500,500,'complete',0,0,948998100,'2012-07-12','2012-07-12',NULL,NULL,NULL,500,NULL,NULL,NULL,NULL,NULL);
INSERT INTO "spree_orders" VALUES(209,NULL,1000,1000,'complete',0,0,414236187,'2012-07-28','2012-07-28',NULL,NULL,NULL,1000,NULL,NULL,NULL,NULL,NULL);
INSERT INTO "spree_orders" VALUES(210,NULL,1200,1200,'complete',0,0,414236187,'2012-07-30','2012-07-30',NULL,NULL,NULL,1200,NULL,NULL,NULL,NULL,NULL);
INSERT INTO "spree_orders" VALUES(211,NULL,1000,1000,'complete',0,0,414236187,'2012-07-28','2012-07-28',NULL,NULL,NULL,1000,NULL,NULL,NULL,NULL,NULL);
INSERT INTO "spree_orders" VALUES(212,NULL,1000,1000,'complete',0,0,414236187,'2012-07-28','2012-07-28',NULL,NULL,NULL,1000,NULL,NULL,NULL,NULL,NULL);
INSERT INTO "spree_orders" VALUES(213,NULL,1000,1000,'complete',0,0,414236187,'2012-07-27','2012-07-27',NULL,NULL,NULL,1000,NULL,NULL,NULL,NULL,NULL);
INSERT INTO "spree_orders" VALUES(214,NULL,1200,1200,'complete',0,0,414236187,'2012-07-29','2012-07-29',NULL,NULL,NULL,1200,NULL,NULL,NULL,NULL,NULL);
INSERT INTO "spree_orders" VALUES(215,NULL,1000,1000,'complete',0,0,414236187,'2012-07-27','2012-07-27',NULL,NULL,NULL,1000,NULL,NULL,NULL,NULL,NULL);
INSERT INTO "spree_orders" VALUES(216,NULL,1200,1200,'complete',0,0,755802289,'2012-07-13','2012-07-13',NULL,NULL,NULL,1200,NULL,NULL,NULL,NULL,NULL);
INSERT INTO "spree_orders" VALUES(217,NULL,1200,1200,'complete',0,0,755802289,'2012-07-09','2012-07-09',NULL,NULL,NULL,1200,NULL,NULL,NULL,NULL,NULL);
INSERT INTO "spree_orders" VALUES(218,NULL,1000,1000,'complete',0,0,755802289,'2012-07-13','2012-07-13',NULL,NULL,NULL,1000,NULL,NULL,NULL,NULL,NULL);
INSERT INTO "spree_orders" VALUES(219,NULL,1200,1200,'complete',0,0,755802289,'2012-07-11','2012-07-11',NULL,NULL,NULL,1200,NULL,NULL,NULL,NULL,NULL);
INSERT INTO "spree_orders" VALUES(220,NULL,1000,1000,'complete',0,0,755802289,'2012-07-13','2012-07-13',NULL,NULL,NULL,1000,NULL,NULL,NULL,NULL,NULL);
INSERT INTO "spree_orders" VALUES(221,NULL,1200,1200,'complete',0,0,755802289,'2012-07-07','2012-07-07',NULL,NULL,NULL,1200,NULL,NULL,NULL,NULL,NULL);
INSERT INTO "spree_orders" VALUES(222,NULL,1000,1000,'complete',0,0,755802289,'2012-07-06','2012-07-06',NULL,NULL,NULL,1000,NULL,NULL,NULL,NULL,NULL);
INSERT INTO "spree_orders" VALUES(223,NULL,1200,1200,'complete',0,0,755802289,'2012-07-13','2012-07-13',NULL,NULL,NULL,1200,NULL,NULL,NULL,NULL,NULL);
INSERT INTO "spree_orders" VALUES(224,NULL,4300,4300,'complete',0,0,261603145,'2012-07-17','2012-07-17',NULL,NULL,NULL,4300,NULL,NULL,NULL,NULL,NULL);
INSERT INTO "spree_orders" VALUES(225,NULL,8000,8000,'complete',0,0,261603145,'2012-07-13','2012-07-13',NULL,NULL,NULL,8000,NULL,NULL,NULL,NULL,NULL);
INSERT INTO "spree_orders" VALUES(226,NULL,8000,8000,'complete',0,0,261603145,'2012-07-13','2012-07-13',NULL,NULL,NULL,8000,NULL,NULL,NULL,NULL,NULL);
INSERT INTO "spree_orders" VALUES(227,NULL,4300,4300,'complete',0,0,261603145,'2012-07-12','2012-07-12',NULL,NULL,NULL,4300,NULL,NULL,NULL,NULL,NULL);
INSERT INTO "spree_orders" VALUES(228,NULL,6300,6300,'complete',0,0,261603145,'2012-07-14','2012-07-14',NULL,NULL,NULL,6300,NULL,NULL,NULL,NULL,NULL);
INSERT INTO "spree_orders" VALUES(229,NULL,6300,6300,'complete',0,0,261603145,'2012-07-14','2012-07-14',NULL,NULL,NULL,6300,NULL,NULL,NULL,NULL,NULL);
INSERT INTO "spree_orders" VALUES(230,NULL,4000,4000,'complete',0,0,638820960,'2012-07-13','2012-07-13',NULL,NULL,NULL,4000,NULL,NULL,NULL,NULL,NULL);
INSERT INTO "spree_orders" VALUES(231,NULL,4000,4000,'complete',0,0,638820960,'2012-07-14','2012-07-14',NULL,NULL,NULL,4000,NULL,NULL,NULL,NULL,NULL);
INSERT INTO "spree_orders" VALUES(232,NULL,3200,3200,'complete',0,0,638820960,'2012-07-10','2012-07-10',NULL,NULL,NULL,3200,NULL,NULL,NULL,NULL,NULL);
INSERT INTO "spree_orders" VALUES(233,NULL,4000,4000,'complete',0,0,638820960,'2012-07-11','2012-07-11',NULL,NULL,NULL,4000,NULL,NULL,NULL,NULL,NULL);
INSERT INTO "spree_orders" VALUES(234,NULL,3000,3000,'complete',0,0,638820960,'2012-07-12','2012-07-12',NULL,NULL,NULL,3000,NULL,NULL,NULL,NULL,NULL);
INSERT INTO "spree_orders" VALUES(235,NULL,4000,4000,'complete',0,0,638820960,'2012-07-14','2012-07-14',NULL,NULL,NULL,4000,NULL,NULL,NULL,NULL,NULL);
INSERT INTO "spree_orders" VALUES(236,NULL,4000,4000,'complete',0,0,638820960,'2012-07-11','2012-07-11',NULL,NULL,NULL,4000,NULL,NULL,NULL,NULL,NULL);
INSERT INTO "spree_orders" VALUES(237,NULL,3000,3000,'complete',0,0,638820960,'2012-07-11','2012-07-11',NULL,NULL,NULL,3000,NULL,NULL,NULL,NULL,NULL);
INSERT INTO "spree_orders" VALUES(238,NULL,3000,3000,'complete',0,0,638820960,'2012-07-12','2012-07-12',NULL,NULL,NULL,3000,NULL,NULL,NULL,NULL,NULL);
INSERT INTO "spree_orders" VALUES(239,NULL,300,300,'complete',0,0,533666555,'2012-07-04','2012-07-04',NULL,NULL,NULL,300,NULL,NULL,NULL,NULL,NULL);
INSERT INTO "spree_orders" VALUES(240,NULL,500,500,'complete',0,0,533666555,'2012-07-12','2012-07-12',NULL,NULL,NULL,500,NULL,NULL,NULL,NULL,NULL);
INSERT INTO "spree_orders" VALUES(241,NULL,300,300,'complete',0,0,533666555,'2012-07-12','2012-07-12',NULL,NULL,NULL,300,NULL,NULL,NULL,NULL,NULL);
INSERT INTO "spree_orders" VALUES(242,NULL,300,300,'complete',0,0,533666555,'2012-07-19','2012-07-19',NULL,NULL,NULL,300,NULL,NULL,NULL,NULL,NULL);
INSERT INTO "spree_orders" VALUES(243,NULL,300,300,'complete',0,0,533666555,'2012-07-11','2012-07-11',NULL,NULL,NULL,300,NULL,NULL,NULL,NULL,NULL);
INSERT INTO "spree_orders" VALUES(244,NULL,400,400,'complete',0,0,533666555,'2012-07-11','2012-07-11',NULL,NULL,NULL,400,NULL,NULL,NULL,NULL,NULL);
INSERT INTO "spree_orders" VALUES(245,NULL,500,500,'complete',0,0,533666555,'2012-07-12','2012-07-12',NULL,NULL,NULL,500,NULL,NULL,NULL,NULL,NULL);
INSERT INTO "spree_orders" VALUES(246,NULL,500,500,'complete',0,0,533666555,'2012-07-13','2012-07-13',NULL,NULL,NULL,500,NULL,NULL,NULL,NULL,NULL);
INSERT INTO "spree_orders" VALUES(247,NULL,6300,6300,'complete',0,0,910886886,'2012-07-29','2012-07-29',NULL,NULL,NULL,6300,NULL,NULL,NULL,NULL,NULL);
INSERT INTO "spree_orders" VALUES(248,NULL,4300,4300,'complete',0,0,910886886,'2012-07-30','2012-07-30',NULL,NULL,NULL,4300,NULL,NULL,NULL,NULL,NULL);
INSERT INTO "spree_orders" VALUES(249,NULL,6300,6300,'complete',0,0,910886886,'2012-07-28','2012-07-28',NULL,NULL,NULL,6300,NULL,NULL,NULL,NULL,NULL);
INSERT INTO "spree_orders" VALUES(250,NULL,8000,8000,'complete',0,0,910886886,'2012-07-28','2012-07-28',NULL,NULL,NULL,8000,NULL,NULL,NULL,NULL,NULL);
INSERT INTO "spree_orders" VALUES(251,NULL,6300,6300,'complete',0,0,910886886,'2012-07-30','2012-07-30',NULL,NULL,NULL,6300,NULL,NULL,NULL,NULL,NULL);
INSERT INTO "spree_orders" VALUES(252,NULL,8000,8000,'complete',0,0,910886886,'2012-07-28','2012-07-28',NULL,NULL,NULL,8000,NULL,NULL,NULL,NULL,NULL);
INSERT INTO "spree_orders" VALUES(253,NULL,1200,1200,'complete',0,0,21772151,'2012-07-11','2012-07-11',NULL,NULL,NULL,1200,NULL,NULL,NULL,NULL,NULL);
INSERT INTO "spree_orders" VALUES(254,NULL,1000,1000,'complete',0,0,21772151,'2012-07-12','2012-07-12',NULL,NULL,NULL,1000,NULL,NULL,NULL,NULL,NULL);
INSERT INTO "spree_orders" VALUES(255,NULL,1000,1000,'complete',0,0,21772151,'2012-07-11','2012-07-11',NULL,NULL,NULL,1000,NULL,NULL,NULL,NULL,NULL);
INSERT INTO "spree_orders" VALUES(256,NULL,1000,1000,'complete',0,0,21772151,'2012-07-12','2012-07-12',NULL,NULL,NULL,1000,NULL,NULL,NULL,NULL,NULL);
INSERT INTO "spree_orders" VALUES(257,NULL,1200,1200,'complete',0,0,21772151,'2012-07-13','2012-07-13',NULL,NULL,NULL,1200,NULL,NULL,NULL,NULL,NULL);
INSERT INTO "spree_orders" VALUES(258,NULL,1000,1000,'complete',0,0,21772151,'2012-07-14','2012-07-14',NULL,NULL,NULL,1000,NULL,NULL,NULL,NULL,NULL);
INSERT INTO "spree_orders" VALUES(259,NULL,1200,1200,'complete',0,0,21772151,'2012-07-22','2012-07-22',NULL,NULL,NULL,1200,NULL,NULL,NULL,NULL,NULL);
INSERT INTO "spree_orders" VALUES(260,NULL,1000,1000,'complete',0,0,21772151,'2012-07-11','2012-07-11',NULL,NULL,NULL,1000,NULL,NULL,NULL,NULL,NULL);
INSERT INTO "spree_orders" VALUES(261,NULL,1200,1200,'complete',0,0,205739844,'2012-07-27','2012-07-27',NULL,NULL,NULL,1200,NULL,NULL,NULL,NULL,NULL);
INSERT INTO "spree_orders" VALUES(262,NULL,1000,1000,'complete',0,0,205739844,'2012-07-28','2012-07-28',NULL,NULL,NULL,1000,NULL,NULL,NULL,NULL,NULL);
INSERT INTO "spree_orders" VALUES(263,NULL,1200,1200,'complete',0,0,205739844,'2012-07-30','2012-07-30',NULL,NULL,NULL,1200,NULL,NULL,NULL,NULL,NULL);
INSERT INTO "spree_orders" VALUES(264,NULL,1000,1000,'complete',0,0,205739844,'2012-07-28','2012-07-28',NULL,NULL,NULL,1000,NULL,NULL,NULL,NULL,NULL);
INSERT INTO "spree_orders" VALUES(265,NULL,1200,1200,'complete',0,0,205739844,'2012-07-27','2012-07-27',NULL,NULL,NULL,1200,NULL,NULL,NULL,NULL,NULL);
INSERT INTO "spree_orders" VALUES(266,NULL,1200,1200,'complete',0,0,205739844,'2012-07-29','2012-07-29',NULL,NULL,NULL,1200,NULL,NULL,NULL,NULL,NULL);
INSERT INTO "spree_orders" VALUES(267,NULL,1200,1200,'complete',0,0,205739844,'2012-07-28','2012-07-28',NULL,NULL,NULL,1200,NULL,NULL,NULL,NULL,NULL);
INSERT INTO "spree_orders" VALUES(268,NULL,1000,1000,'complete',0,0,205739844,'2012-07-29','2012-07-29',NULL,NULL,NULL,1000,NULL,NULL,NULL,NULL,NULL);
INSERT INTO "spree_orders" VALUES(269,NULL,1000,1000,'complete',0,0,205739844,'2012-07-29','2012-07-29',NULL,NULL,NULL,1000,NULL,NULL,NULL,NULL,NULL);
CREATE TABLE "spree_payments" ("id" INTEGER PRIMARY KEY AUTOINCREMENT NOT NULL, "amount" decimal(8,2) DEFAULT 0.0 NOT NULL, "order_id" integer, "created_at" datetime NOT NULL, "updated_at" datetime NOT NULL, "source_id" integer, "source_type" varchar(255), "payment_method_id" integer, "state" varchar(255), "response_code" varchar(255), "avs_response" varchar(255));
INSERT INTO "spree_payments" VALUES(1,100.73,8567520,'2012-08-06 13:38:28.058130','2012-08-06 13:38:28.058130',1,'Spree::Creditcard',193416319,'pending','12345',NULL);
INSERT INTO "spree_payments" VALUES(2,50.37,9493021,'2012-08-06 13:38:28.708192','2012-08-06 13:38:28.708192',1,'Spree::Creditcard',193416319,'pending','12345',NULL);
INSERT INTO "spree_payments" VALUES(3,50.77,17482993,'2012-08-06 13:38:29.341069','2012-08-06 13:38:29.341069',1,'Spree::Creditcard',193416319,'pending','12345',NULL);
INSERT INTO "spree_payments" VALUES(4,33.58,36435006,'2012-08-06 13:38:30.058026','2012-08-06 13:38:30.058026',1,'Spree::Creditcard',193416319,'pending','12345',NULL);
INSERT INTO "spree_payments" VALUES(5,67.16,37328065,'2012-08-06 13:38:30.724385','2012-08-06 13:38:30.724385',1,'Spree::Creditcard',193416319,'pending','12345',NULL);
INSERT INTO "spree_payments" VALUES(6,33.58,46943257,'2012-08-06 13:38:31.357930','2012-08-06 13:38:31.357930',1,'Spree::Creditcard',193416319,'pending','12345',NULL);
INSERT INTO "spree_payments" VALUES(7,16.79,48114926,'2012-08-06 13:38:32.074678','2012-08-06 13:38:32.074678',1,'Spree::Creditcard',193416319,'pending','12345',NULL);
INSERT INTO "spree_payments" VALUES(8,81.86,73849921,'2012-08-06 13:38:32.708955','2012-08-06 13:38:32.708955',1,'Spree::Creditcard',193416319,'pending','12345',NULL);
INSERT INTO "spree_payments" VALUES(9,50.37,88485925,'2012-08-06 13:38:33.364819','2012-08-06 13:38:33.364819',1,'Spree::Creditcard',193416319,'pending','12345',NULL);
INSERT INTO "spree_payments" VALUES(10,33.58,89411802,'2012-08-06 13:38:34.024451','2012-08-06 13:38:34.024451',1,'Spree::Creditcard',193416319,'pending','12345',NULL);
INSERT INTO "spree_payments" VALUES(11,33.58,94472210,'2012-08-06 13:38:34.732555','2012-08-06 13:38:34.732555',1,'Spree::Creditcard',193416319,'pending','12345',NULL);
INSERT INTO "spree_payments" VALUES(12,33.58,95676661,'2012-08-06 13:38:35.392228','2012-08-06 13:38:35.392228',1,'Spree::Creditcard',193416319,'pending','12345',NULL);
INSERT INTO "spree_payments" VALUES(13,179.08,133136121,'2012-08-06 13:38:36.016450','2012-08-06 13:38:36.016450',1,'Spree::Creditcard',193416319,'pending','12345',NULL);
INSERT INTO "spree_payments" VALUES(14,67.16,134028804,'2012-08-06 13:38:36.665270','2012-08-06 13:38:36.665270',1,'Spree::Creditcard',193416319,'pending','12345',NULL);
INSERT INTO "spree_payments" VALUES(15,95.14,145680447,'2012-08-06 13:38:37.361115','2012-08-06 13:38:37.361115',1,'Spree::Creditcard',193416319,'pending','12345',NULL);
INSERT INTO "spree_payments" VALUES(16,67.76,146573512,'2012-08-06 13:38:37.996450','2012-08-06 13:38:37.996450',1,'Spree::Creditcard',193416319,'pending','12345',NULL);
INSERT INTO "spree_payments" VALUES(17,71.56,183664179,'2012-08-06 13:38:38.630040','2012-08-06 13:38:38.630040',1,'Spree::Creditcard',193416319,'pending','12345',NULL);
INSERT INTO "spree_payments" VALUES(18,33.58,192544832,'2012-08-06 13:38:39.255486','2012-08-06 13:38:39.255486',1,'Spree::Creditcard',193416319,'pending','12345',NULL);
INSERT INTO "spree_payments" VALUES(19,33.58,216145139,'2012-08-06 13:38:39.946704','2012-08-06 13:38:39.946704',1,'Spree::Creditcard',193416319,'pending','12345',NULL);
INSERT INTO "spree_payments" VALUES(20,139.12,228571690,'2012-08-06 13:38:40.572644','2012-08-06 13:38:40.572644',1,'Spree::Creditcard',193416319,'pending','12345',NULL);
INSERT INTO "spree_payments" VALUES(21,81.86,231772182,'2012-08-06 13:38:41.180510','2012-08-06 13:38:41.180510',1,'Spree::Creditcard',193416319,'pending','12345',NULL);
INSERT INTO "spree_payments" VALUES(22,33.58,239817259,'2012-08-06 13:38:41.888819','2012-08-06 13:38:41.888819',1,'Spree::Creditcard',193416319,'pending','12345',NULL);
INSERT INTO "spree_payments" VALUES(23,89.54,264449064,'2012-08-06 13:38:42.613930','2012-08-06 13:38:42.613930',1,'Spree::Creditcard',193416319,'pending','12345',NULL);
INSERT INTO "spree_payments" VALUES(24,101.14,265374943,'2012-08-06 13:38:43.288258','2012-08-06 13:38:43.288258',1,'Spree::Creditcard',193416319,'pending','12345',NULL);
INSERT INTO "spree_payments" VALUES(25,114.72,296204679,'2012-08-06 13:38:43.948937','2012-08-06 13:38:43.948937',1,'Spree::Creditcard',193416319,'pending','12345',NULL);
INSERT INTO "spree_payments" VALUES(26,84.15,297130368,'2012-08-06 13:38:44.684674','2012-08-06 13:38:44.684674',1,'Spree::Creditcard',193416319,'pending','12345',NULL);
INSERT INTO "spree_payments" VALUES(27,50.37,308359551,'2012-08-06 13:38:45.352127','2012-08-06 13:38:45.352127',1,'Spree::Creditcard',193416319,'pending','12345',NULL);
INSERT INTO "spree_payments" VALUES(28,81.86,330565047,'2012-08-06 13:38:45.993356','2012-08-06 13:38:45.993356',1,'Spree::Creditcard',193416319,'pending','12345',NULL);
INSERT INTO "spree_payments" VALUES(29,174.41,335228811,'2012-08-06 13:38:46.676935','2012-08-06 13:38:46.676935',1,'Spree::Creditcard',193416319,'pending','12345',NULL);
INSERT INTO "spree_payments" VALUES(30,96.75,345435026,'2012-08-06 13:38:47.389641','2012-08-06 13:38:47.389641',1,'Spree::Creditcard',193416319,'pending','12345',NULL);
INSERT INTO "spree_payments" VALUES(31,40.93,349815214,'2012-08-06 13:38:48.039124','2012-08-06 13:38:48.039124',1,'Spree::Creditcard',193416319,'pending','12345',NULL);
INSERT INTO "spree_payments" VALUES(32,33.58,368651700,'2012-08-06 13:38:48.673164','2012-08-06 13:38:48.673164',1,'Spree::Creditcard',193416319,'pending','12345',NULL);
INSERT INTO "spree_payments" VALUES(33,145.5,382369184,'2012-08-06 13:38:49.406337','2012-08-06 13:38:49.406337',1,'Spree::Creditcard',193416319,'pending','12345',NULL);
INSERT INTO "spree_payments" VALUES(34,33.78,383262055,'2012-08-06 13:38:50.073306','2012-08-06 13:38:50.073306',1,'Spree::Creditcard',193416319,'pending','12345',NULL);
INSERT INTO "spree_payments" VALUES(35,61.56,391144298,'2012-08-06 13:38:50.697983','2012-08-06 13:38:50.697983',1,'Spree::Creditcard',193416319,'pending','12345',NULL);
INSERT INTO "spree_payments" VALUES(36,103.53,403830194,'2012-08-06 13:38:51.339858','2012-08-06 13:38:51.339858',1,'Spree::Creditcard',193416319,'pending','12345',NULL);
INSERT INTO "spree_payments" VALUES(37,100.73,428600156,'2012-08-06 13:38:52.040719','2012-08-06 13:38:52.040719',1,'Spree::Creditcard',193416319,'pending','12345',NULL);
INSERT INTO "spree_payments" VALUES(38,50.37,429493153,'2012-08-06 13:38:52.672516','2012-08-06 13:38:52.672516',1,'Spree::Creditcard',193416319,'pending','12345',NULL);
INSERT INTO "spree_payments" VALUES(39,67.16,455255426,'2012-08-06 13:38:53.272555','2012-08-06 13:38:53.272555',1,'Spree::Creditcard',193416319,'pending','12345',NULL);
INSERT INTO "spree_payments" VALUES(40,33.58,456181117,'2012-08-06 13:38:53.915649','2012-08-06 13:38:53.915649',1,'Spree::Creditcard',193416319,'pending','12345',NULL);
INSERT INTO "spree_payments" VALUES(41,67.16,465903021,'2012-08-06 13:38:54.649026','2012-08-06 13:38:54.649026',1,'Spree::Creditcard',193416319,'pending','12345',NULL);
INSERT INTO "spree_payments" VALUES(42,33.58,467107162,'2012-08-06 13:38:55.288784','2012-08-06 13:38:55.288784',1,'Spree::Creditcard',193416319,'pending','12345',NULL);
INSERT INTO "spree_payments" VALUES(43,16.79,474964377,'2012-08-06 13:38:55.948138','2012-08-06 13:38:55.948138',1,'Spree::Creditcard',193416319,'pending','12345',NULL);
INSERT INTO "spree_payments" VALUES(44,16.79,475857254,'2012-08-06 13:38:56.642326','2012-08-06 13:38:56.642326',1,'Spree::Creditcard',193416319,'pending','12345',NULL);
INSERT INTO "spree_payments" VALUES(45,33.58,480827830,'2012-08-06 13:38:57.315096','2012-08-06 13:38:57.315096',1,'Spree::Creditcard',193416319,'pending','12345',NULL);
INSERT INTO "spree_payments" VALUES(46,16.79,481999185,'2012-08-06 13:38:57.949284','2012-08-06 13:38:57.949284',1,'Spree::Creditcard',193416319,'pending','12345',NULL);
INSERT INTO "spree_payments" VALUES(47,147.12,488679357,'2012-08-06 13:38:58.599609','2012-08-06 13:38:58.599609',1,'Spree::Creditcard',193416319,'pending','12345',NULL);
INSERT INTO "spree_payments" VALUES(48,193.07,518401861,'2012-08-06 13:38:59.315308','2012-08-06 13:38:59.315308',1,'Spree::Creditcard',193416319,'pending','12345',NULL);
INSERT INTO "spree_payments" VALUES(49,50.37,519327672,'2012-08-06 13:38:59.956419','2012-08-06 13:38:59.956419',1,'Spree::Creditcard',193416319,'pending','12345',NULL);
INSERT INTO "spree_payments" VALUES(50,16.79,539762571,'2012-08-06 13:39:00.632399','2012-08-06 13:39:00.632399',1,'Spree::Creditcard',193416319,'pending','12345',NULL);
INSERT INTO "spree_payments" VALUES(51,95.14,542594049,'2012-08-06 13:39:01.264550','2012-08-06 13:39:01.264550',1,'Spree::Creditcard',193416319,'pending','12345',NULL);
INSERT INTO "spree_payments" VALUES(52,210.46,567102733,'2012-08-06 13:39:01.991700','2012-08-06 13:39:01.991700',1,'Spree::Creditcard',193416319,'pending','12345',NULL);
INSERT INTO "spree_payments" VALUES(53,50.57,568274416,'2012-08-06 13:39:02.649834','2012-08-06 13:39:02.649834',1,'Spree::Creditcard',193416319,'pending','12345',NULL);
INSERT INTO "spree_payments" VALUES(54,67.16,587078949,'2012-08-06 13:39:03.281180','2012-08-06 13:39:03.281180',1,'Spree::Creditcard',193416319,'pending','12345',NULL);
INSERT INTO "spree_payments" VALUES(55,147.12,596761353,'2012-08-06 13:39:03.932748','2012-08-06 13:39:03.932748',1,'Spree::Creditcard',193416319,'pending','12345',NULL);
INSERT INTO "spree_payments" VALUES(56,98.65,601813305,'2012-08-06 13:39:04.641761','2012-08-06 13:39:04.641761',1,'Spree::Creditcard',193416319,'pending','12345',NULL);
INSERT INTO "spree_payments" VALUES(57,98.65,615724322,'2012-08-06 13:39:05.308328','2012-08-06 13:39:05.308328',1,'Spree::Creditcard',193416319,'pending','12345',NULL);
INSERT INTO "spree_payments" VALUES(58,147.52,620502818,'2012-08-06 13:39:05.941058','2012-08-06 13:39:05.941058',1,'Spree::Creditcard',193416319,'pending','12345',NULL);
INSERT INTO "spree_payments" VALUES(59,67.16,627442156,'2012-08-06 13:39:06.658390','2012-08-06 13:39:06.658390',1,'Spree::Creditcard',193416319,'pending','12345',NULL);
INSERT INTO "spree_payments" VALUES(60,131.51,648055060,'2012-08-06 13:39:07.373344','2012-08-06 13:39:07.373344',1,'Spree::Creditcard',193416319,'pending','12345',NULL);
INSERT INTO "spree_payments" VALUES(61,50.77,649259497,'2012-08-06 13:39:08.032487','2012-08-06 13:39:08.032487',1,'Spree::Creditcard',193416319,'pending','12345',NULL);
INSERT INTO "spree_payments" VALUES(62,92.34,702619608,'2012-08-06 13:39:08.691501','2012-08-06 13:39:08.691501',1,'Spree::Creditcard',193416319,'pending','12345',NULL);
INSERT INTO "spree_payments" VALUES(63,33.58,703823663,'2012-08-06 13:39:09.424555','2012-08-06 13:39:09.424555',1,'Spree::Creditcard',193416319,'pending','12345',NULL);
INSERT INTO "spree_payments" VALUES(64,92.75,707237680,'2012-08-06 13:39:10.092044','2012-08-06 13:39:10.092044',1,'Spree::Creditcard',193416319,'pending','12345',NULL);
INSERT INTO "spree_payments" VALUES(65,16.79,726159630,'2012-08-06 13:39:10.732587','2012-08-06 13:39:10.732587',1,'Spree::Creditcard',193416319,'pending','12345',NULL);
INSERT INTO "spree_payments" VALUES(66,67.16,727331319,'2012-08-06 13:39:11.384436','2012-08-06 13:39:11.384436',1,'Spree::Creditcard',193416319,'pending','12345',NULL);
INSERT INTO "spree_payments" VALUES(67,33.58,732948771,'2012-08-06 13:39:12.148852','2012-08-06 13:39:12.148852',1,'Spree::Creditcard',193416319,'pending','12345',NULL);
INSERT INTO "spree_payments" VALUES(68,16.79,733841882,'2012-08-06 13:39:12.808522','2012-08-06 13:39:12.808522',1,'Spree::Creditcard',193416319,'pending','12345',NULL);
INSERT INTO "spree_payments" VALUES(69,50.37,740660503,'2012-08-06 13:39:13.442334','2012-08-06 13:39:13.442334',1,'Spree::Creditcard',193416319,'pending','12345',NULL);
INSERT INTO "spree_payments" VALUES(70,67.16,741864942,'2012-08-06 13:39:14.139698','2012-08-06 13:39:14.139698',1,'Spree::Creditcard',193416319,'pending','12345',NULL);
INSERT INTO "spree_payments" VALUES(71,16.79,750923066,'2012-08-06 13:39:14.768139','2012-08-06 13:39:14.768139',1,'Spree::Creditcard',193416319,'pending','12345',NULL);
INSERT INTO "spree_payments" VALUES(72,67.16,751848899,'2012-08-06 13:39:15.376316','2012-08-06 13:39:15.376316',1,'Spree::Creditcard',193416319,'pending','12345',NULL);
INSERT INTO "spree_payments" VALUES(73,179.08,780983247,'2012-08-06 13:39:16.009674','2012-08-06 13:39:16.009674',1,'Spree::Creditcard',193416319,'pending','12345',NULL);
INSERT INTO "spree_payments" VALUES(74,33.58,782154552,'2012-08-06 13:39:16.725952','2012-08-06 13:39:16.725952',1,'Spree::Creditcard',193416319,'pending','12345',NULL);
INSERT INTO "spree_payments" VALUES(75,100.73,790021435,'2012-08-06 13:39:17.385165','2012-08-06 13:39:17.385165',1,'Spree::Creditcard',193416319,'pending','12345',NULL);
INSERT INTO "spree_payments" VALUES(76,61.56,820530800,'2012-08-06 13:39:18.026331','2012-08-06 13:39:18.026331',1,'Spree::Creditcard',193416319,'pending','12345',NULL);
INSERT INTO "spree_payments" VALUES(77,33.58,821702295,'2012-08-06 13:39:18.676327','2012-08-06 13:39:18.676327',1,'Spree::Creditcard',193416319,'pending','12345',NULL);
INSERT INTO "spree_payments" VALUES(78,33.58,843120822,'2012-08-06 13:39:19.432925','2012-08-06 13:39:19.432925',1,'Spree::Creditcard',193416319,'pending','12345',NULL);
INSERT INTO "spree_payments" VALUES(79,16.79,844324943,'2012-08-06 13:39:20.076942','2012-08-06 13:39:20.076942',1,'Spree::Creditcard',193416319,'pending','12345',NULL);
INSERT INTO "spree_payments" VALUES(80,33.58,849787035,'2012-08-06 13:39:20.716791','2012-08-06 13:39:20.716791',1,'Spree::Creditcard',193416319,'pending','12345',NULL);
INSERT INTO "spree_payments" VALUES(81,67.16,850712674,'2012-08-06 13:39:21.376188','2012-08-06 13:39:21.376188',1,'Spree::Creditcard',193416319,'pending','12345',NULL);
INSERT INTO "spree_payments" VALUES(82,65.07,862055596,'2012-08-06 13:39:22.084360','2012-08-06 13:39:22.084360',1,'Spree::Creditcard',193416319,'pending','12345',NULL);
INSERT INTO "spree_payments" VALUES(83,50.37,892126383,'2012-08-06 13:39:22.744189','2012-08-06 13:39:22.744189',1,'Spree::Creditcard',193416319,'pending','12345',NULL);
INSERT INTO "spree_payments" VALUES(84,50.37,893297750,'2012-08-06 13:39:23.377425','2012-08-06 13:39:23.377425',1,'Spree::Creditcard',193416319,'pending','12345',NULL);
INSERT INTO "spree_payments" VALUES(85,16.79,902528130,'2012-08-06 13:39:24.089779','2012-08-06 13:39:24.089779',1,'Spree::Creditcard',193416319,'pending','12345',NULL);
INSERT INTO "spree_payments" VALUES(86,16.79,903421051,'2012-08-06 13:39:24.752487','2012-08-06 13:39:24.752487',1,'Spree::Creditcard',193416319,'pending','12345',NULL);
INSERT INTO "spree_payments" VALUES(87,50.57,906884218,'2012-08-06 13:39:25.377558','2012-08-06 13:39:25.377558',1,'Spree::Creditcard',193416319,'pending','12345',NULL);
INSERT INTO "spree_payments" VALUES(88,176.28,931498615,'2012-08-06 13:39:26.036201','2012-08-06 13:39:26.036201',1,'Spree::Creditcard',193416319,'pending','12345',NULL);
INSERT INTO "spree_payments" VALUES(89,128.71,932702864,'2012-08-06 13:39:26.728152','2012-08-06 13:39:26.728152',1,'Spree::Creditcard',193416319,'pending','12345',NULL);
INSERT INTO "spree_payments" VALUES(90,81.15,952376497,'2012-08-06 13:39:27.376453','2012-08-06 13:39:27.376453',1,'Spree::Creditcard',193416319,'pending','12345',NULL);
INSERT INTO "spree_payments" VALUES(91,143.12,953580620,'2012-08-06 13:39:27.994150','2012-08-06 13:39:27.994150',1,'Spree::Creditcard',193416319,'pending','12345',NULL);
INSERT INTO "spree_payments" VALUES(92,50.37,961307330,'2012-08-06 13:39:28.636211','2012-08-06 13:39:28.636211',1,'Spree::Creditcard',193416319,'pending','12345',NULL);
INSERT INTO "spree_payments" VALUES(93,109.34,983075517,'2012-08-06 13:39:29.336284','2012-08-06 13:39:29.336284',1,'Spree::Creditcard',193416319,'pending','12345',NULL);
INSERT INTO "spree_payments" VALUES(94,74.51,987209861,'2012-08-06 13:39:29.968509','2012-08-06 13:39:29.968509',1,'Spree::Creditcard',193416319,'pending','12345',NULL);
INSERT INTO "spree_payments" VALUES(95,16.79,1004874852,'2012-08-06 13:39:30.636503','2012-08-06 13:39:30.636503',1,'Spree::Creditcard',193416319,'pending','12345',NULL);
INSERT INTO "spree_payments" VALUES(96,16.79,1014837421,'2012-08-06 13:39:31.276536','2012-08-06 13:39:31.276536',1,'Spree::Creditcard',193416319,'pending','12345',NULL);
INSERT INTO "spree_payments" VALUES(97,65.07,1035625630,'2012-08-06 13:39:32.053452','2012-08-06 13:39:32.053452',1,'Spree::Creditcard',193416319,'pending','12345',NULL);
INSERT INTO "spree_payments" VALUES(98,139.12,1039486630,'2012-08-06 13:39:32.702877','2012-08-06 13:39:32.702877',1,'Spree::Creditcard',193416319,'pending','12345',NULL);
INSERT INTO "spree_payments" VALUES(99,64.36,1068095656,'2012-08-06 13:39:33.376734','2012-08-06 13:39:33.376734',1,'Spree::Creditcard',193416319,'pending','12345',NULL);
INSERT INTO "spree_payments" VALUES(100,33.78,1069267029,'2012-08-06 13:39:34.120247','2012-08-06 13:39:34.120247',1,'Spree::Creditcard',193416319,'pending','12345',NULL);
INSERT INTO "spree_payments" VALUES(101,37915,1069267030,'2012-08-06 15:23:49.586869','2012-08-06 15:23:49.586869',2,'Spree::Creditcard',193416319,'checkout',NULL,NULL);
INSERT INTO "spree_payments" VALUES(102,37915,1069267031,'2012-08-06 15:27:09.639724','2012-08-06 15:27:09.639724',3,'Spree::Creditcard',193416319,'checkout',NULL,NULL);
INSERT INTO "spree_payments" VALUES(103,37915,1069267031,'2012-08-06 15:27:31.352486','2012-08-06 15:27:31.352486',NULL,NULL,732545999,'checkout',NULL,NULL);
INSERT INTO "spree_payments" VALUES(105,9674,1069267032,'2012-08-06 16:24:15.968644','2012-08-06 16:24:15.968644',NULL,NULL,732545999,'checkout',NULL,NULL);
CREATE TABLE "spree_mail_methods" ("id" INTEGER PRIMARY KEY AUTOINCREMENT NOT NULL, "environment" varchar(255), "active" boolean DEFAULT 't', "created_at" datetime NOT NULL, "updated_at" datetime NOT NULL);
CREATE TABLE "spree_log_entries" ("id" INTEGER PRIMARY KEY AUTOINCREMENT NOT NULL, "source_id" integer, "source_type" varchar(255), "details" text, "created_at" datetime NOT NULL, "updated_at" datetime NOT NULL);
CREATE TABLE "spree_creditcards" ("id" INTEGER PRIMARY KEY AUTOINCREMENT NOT NULL, "month" varchar(255), "year" varchar(255), "cc_type" varchar(255), "last_digits" varchar(255), "first_name" varchar(255), "last_name" varchar(255), "start_month" varchar(255), "start_year" varchar(255), "issue_number" varchar(255), "address_id" integer, "created_at" datetime NOT NULL, "updated_at" datetime NOT NULL, "gateway_customer_profile_id" varchar(255), "gateway_payment_profile_id" varchar(255));
INSERT INTO "spree_creditcards" VALUES(1,'12','2014','visa','1111','Sean','Schofield',NULL,NULL,NULL,NULL,'2012-08-06 13:38:27.207229','2012-08-06 13:38:27.207229','BGS-1234',NULL);
INSERT INTO "spree_creditcards" VALUES(2,'8','2012',NULL,'1234',NULL,NULL,NULL,NULL,NULL,NULL,'2012-08-06 15:23:49.585078','2012-08-06 15:23:49.589396','FAIL-153050',NULL);
INSERT INTO "spree_creditcards" VALUES(3,'12','2012',NULL,'1234',NULL,NULL,NULL,NULL,NULL,NULL,'2012-08-06 15:27:09.638397','2012-08-06 15:27:09.641627','FAIL-332022',NULL);
INSERT INTO "spree_creditcards" VALUES(4,'8','2012',NULL,'1234','Pallav','Barah',NULL,NULL,NULL,NULL,'2012-08-06 16:24:03.040803','2012-08-06 16:24:03.044076','FAIL-232432',NULL);
CREATE TABLE "spree_activators" ("id" INTEGER PRIMARY KEY AUTOINCREMENT NOT NULL, "description" varchar(255), "expires_at" datetime, "created_at" datetime, "updated_at" datetime, "starts_at" datetime, "name" varchar(255), "event_name" varchar(255), "type" varchar(255), "usage_limit" integer, "match_policy" varchar(255) DEFAULT 'all', "code" varchar(255), "advertise" boolean DEFAULT 'f', "path" varchar(255));
INSERT INTO "spree_activators" VALUES(1,'this is a new promotion',NULL,'2012-08-13 16:15:12.512036','2012-08-13 16:15:12.512036',NULL,'promotion A','spree.content.visited','Spree::Promotion',NULL,'all','','f','/products');
CREATE TABLE "spree_adjustments" ("id" INTEGER PRIMARY KEY AUTOINCREMENT NOT NULL, "source_id" integer, "amount" decimal(8,2), "label" varchar(255), "source_type" varchar(255), "adjustable_id" integer, "created_at" datetime NOT NULL, "updated_at" datetime NOT NULL, "mandatory" boolean, "locked" boolean, "originator_id" integer, "originator_type" varchar(255), "eligible" boolean DEFAULT 't', "adjustable_type" varchar(255));
INSERT INTO "spree_adjustments" VALUES(684130,968652773,5,'Shipping','Spree::Shipment',0,'2012-08-06 13:37:38','2012-08-06 13:37:38','t','t',574015644,'Spree::ShippingMethod','t','Spree::Order');
INSERT INTO "spree_adjustments" VALUES(1577115,967710488,5,'Shipping','Spree::Shipment',0,'2012-08-06 13:37:38','2012-08-06 13:37:38','t','t',574015644,'Spree::ShippingMethod','t','Spree::Order');
INSERT INTO "spree_adjustments" VALUES(1690302,539762571,0.8,'Tax','Spree::Order',539762571,'2012-08-06 13:37:38','2012-08-06 13:37:38','t','f',967941380,'Spree::TaxRate','t','Spree::Order');
INSERT INTO "spree_adjustments" VALUES(9236917,1069267029,0.8,'Tax','Spree::Order',1069267029,'2012-08-06 13:37:38','2012-08-06 13:37:38','t','f',967941380,'Spree::TaxRate','t','Spree::Order');
INSERT INTO "spree_adjustments" VALUES(10391880,1068095656,2.4,'Tax','Spree::Order',1068095656,'2012-08-06 13:37:38','2012-08-06 13:37:38','t','f',967941380,'Spree::TaxRate','t','Spree::Order');
INSERT INTO "spree_adjustments" VALUES(25300591,942934510,5,'Shipping','Spree::Shipment',0,'2012-08-06 13:37:38','2012-08-06 13:37:38','t','t',574015644,'Spree::ShippingMethod','t','Spree::Order');
INSERT INTO "spree_adjustments" VALUES(39249520,1004593649,5,'Shipping','Spree::Shipment',0,'2012-08-06 13:37:38','2012-08-06 13:37:38','t','t',574015644,'Spree::ShippingMethod','t','Spree::Order');
INSERT INTO "spree_adjustments" VALUES(41408013,312761982,5,'Shipping','Spree::Shipment',0,'2012-08-06 13:37:38','2012-08-06 13:37:38','t','t',574015644,'Spree::ShippingMethod','t','Spree::Order');
INSERT INTO "spree_adjustments" VALUES(46270278,1039486630,4.2,'Tax','Spree::Order',1039486630,'2012-08-06 13:37:38','2012-08-06 13:37:38','t','f',967941380,'Spree::TaxRate','t','Spree::Order');
INSERT INTO "spree_adjustments" VALUES(53166263,983385912,5,'Shipping','Spree::Shipment',0,'2012-08-06 13:37:38','2012-08-06 13:37:38','t','t',574015644,'Spree::ShippingMethod','t','Spree::Order');
INSERT INTO "spree_adjustments" VALUES(55212365,1014837421,0.8,'Tax','Spree::Order',1014837421,'2012-08-06 13:37:38','2012-08-06 13:37:38','t','f',967941380,'Spree::TaxRate','t','Spree::Order');
INSERT INTO "spree_adjustments" VALUES(78863482,1023761401,5,'Shipping','Spree::Shipment',0,'2012-08-06 13:37:38','2012-08-06 13:37:38','t','t',574015644,'Spree::ShippingMethod','t','Spree::Order');
INSERT INTO "spree_adjustments" VALUES(80897412,1004874852,0.8,'Tax','Spree::Order',1004874852,'2012-08-06 13:37:38','2012-08-06 13:37:38','t','f',967941380,'Spree::TaxRate','t','Spree::Order');
INSERT INTO "spree_adjustments" VALUES(85594644,365533797,5,'Shipping','Spree::Shipment',0,'2012-08-06 13:37:38','2012-08-06 13:37:38','t','t',574015644,'Spree::ShippingMethod','t','Spree::Order');
INSERT INTO "spree_adjustments" VALUES(87761527,1015883258,5,'Shipping','Spree::Shipment',0,'2012-08-06 13:37:38','2012-08-06 13:37:38','t','t',574015644,'Spree::ShippingMethod','t','Spree::Order');
INSERT INTO "spree_adjustments" VALUES(95404893,983075517,4.4,'Tax','Spree::Order',983075517,'2012-08-06 13:37:38','2012-08-06 13:37:38','t','f',967941380,'Spree::TaxRate','t','Spree::Order');
INSERT INTO "spree_adjustments" VALUES(103408025,73849921,3.9,'Tax','Spree::Order',73849921,'2012-08-06 13:37:38','2012-08-06 13:37:38','t','f',967941380,'Spree::TaxRate','t','Spree::Order');
INSERT INTO "spree_adjustments" VALUES(108735330,961307330,2.4,'Tax','Spree::Order',961307330,'2012-08-06 13:37:38','2012-08-06 13:37:38','t','f',967941380,'Spree::TaxRate','t','Spree::Order');
INSERT INTO "spree_adjustments" VALUES(124236923,1053930492,5,'Shipping','Spree::Shipment',0,'2012-08-06 13:37:38','2012-08-06 13:37:38','t','t',574015644,'Spree::ShippingMethod','t','Spree::Order');
INSERT INTO "spree_adjustments" VALUES(125162626,1053020929,5,'Shipping','Spree::Shipment',0,'2012-08-06 13:37:38','2012-08-06 13:37:38','t','t',574015644,'Spree::ShippingMethod','t','Spree::Order');
INSERT INTO "spree_adjustments" VALUES(132199852,953580620,5.2,'Tax','Spree::Order',953580620,'2012-08-06 13:37:38','2012-08-06 13:37:38','t','f',967941380,'Spree::TaxRate','t','Spree::Order');
INSERT INTO "spree_adjustments" VALUES(133387601,952376497,3.2,'Tax','Spree::Order',952376497,'2012-08-06 13:37:38','2012-08-06 13:37:38','t','f',967941380,'Spree::TaxRate','t','Spree::Order');
INSERT INTO "spree_adjustments" VALUES(136716989,831530304,5,'Shipping','Spree::Shipment',0,'2012-08-06 13:37:38','2012-08-06 13:37:38','t','t',574015644,'Spree::ShippingMethod','t','Spree::Order');
INSERT INTO "spree_adjustments" VALUES(137642570,830621127,5,'Shipping','Spree::Shipment',0,'2012-08-06 13:37:38','2012-08-06 13:37:38','t','t',574015644,'Spree::ShippingMethod','t','Spree::Order');
INSERT INTO "spree_adjustments" VALUES(144745328,932702864,0.8,'Tax','Spree::Order',932702864,'2012-08-06 13:37:38','2012-08-06 13:37:38','t','f',967941380,'Spree::TaxRate','t','Spree::Order');
INSERT INTO "spree_adjustments" VALUES(145933207,931498615,2.4,'Tax','Spree::Order',931498615,'2012-08-06 13:37:38','2012-08-06 13:37:38','t','f',967941380,'Spree::TaxRate','t','Spree::Order');
INSERT INTO "spree_adjustments" VALUES(154844570,906884218,1.6,'Tax','Spree::Order',906884218,'2012-08-06 13:37:38','2012-08-06 13:37:38','t','f',967941380,'Spree::TaxRate','t','Spree::Order');
INSERT INTO "spree_adjustments" VALUES(168422838,893297750,2.4,'Tax','Spree::Order',893297750,'2012-08-06 13:37:38','2012-08-06 13:37:38','t','f',967941380,'Spree::TaxRate','t','Spree::Order');
INSERT INTO "spree_adjustments" VALUES(169577807,892126383,2.4,'Tax','Spree::Order',892126383,'2012-08-06 13:37:38','2012-08-06 13:37:38','t','f',967941380,'Spree::TaxRate','t','Spree::Order');
INSERT INTO "spree_adjustments" VALUES(174642252,870241227,5,'Shipping','Spree::Shipment',0,'2012-08-06 13:37:38','2012-08-06 13:37:38','t','t',574015644,'Spree::ShippingMethod','t','Spree::Order');
INSERT INTO "spree_adjustments" VALUES(175813809,869053234,5,'Shipping','Spree::Shipment',0,'2012-08-06 13:37:38','2012-08-06 13:37:38','t','t',574015644,'Spree::ShippingMethod','t','Spree::Order');
INSERT INTO "spree_adjustments" VALUES(177171561,859401190,5,'Shipping','Spree::Shipment',0,'2012-08-06 13:37:38','2012-08-06 13:37:38','t','t',574015644,'Spree::ShippingMethod','t','Spree::Order');
INSERT INTO "spree_adjustments" VALUES(178064540,858458911,5,'Shipping','Spree::Shipment',0,'2012-08-06 13:37:38','2012-08-06 13:37:38','t','t',574015644,'Spree::ShippingMethod','t','Spree::Order');
INSERT INTO "spree_adjustments" VALUES(183391643,903421051,0.8,'Tax','Spree::Order',903421051,'2012-08-06 13:37:38','2012-08-06 13:37:38','t','f',967941380,'Spree::TaxRate','t','Spree::Order');
INSERT INTO "spree_adjustments" VALUES(184300898,902528130,0.8,'Tax','Spree::Order',902528130,'2012-08-06 13:37:38','2012-08-06 13:37:38','t','f',967941380,'Spree::TaxRate','t','Spree::Order');
INSERT INTO "spree_adjustments" VALUES(218435669,884152274,5,'Shipping','Spree::Shipment',0,'2012-08-06 13:37:38','2012-08-06 13:37:38','t','t',574015644,'Spree::ShippingMethod','t','Spree::Order');
INSERT INTO "spree_adjustments" VALUES(219639976,882997035,5,'Shipping','Spree::Shipment',0,'2012-08-06 13:37:38','2012-08-06 13:37:38','t','t',574015644,'Spree::ShippingMethod','t','Spree::Order');
INSERT INTO "spree_adjustments" VALUES(224668079,844324943,0.8,'Tax','Spree::Order',844324943,'2012-08-06 13:37:38','2012-08-06 13:37:38','t','f',967941380,'Spree::TaxRate','t','Spree::Order');
INSERT INTO "spree_adjustments" VALUES(225855830,843120822,1.6,'Tax','Spree::Order',843120822,'2012-08-06 13:37:38','2012-08-06 13:37:38','t','f',967941380,'Spree::TaxRate','t','Spree::Order');
INSERT INTO "spree_adjustments" VALUES(226726274,850712674,3.2,'Tax','Spree::Order',850712674,'2012-08-06 13:37:38','2012-08-06 13:37:38','t','f',967941380,'Spree::TaxRate','t','Spree::Order');
INSERT INTO "spree_adjustments" VALUES(227668347,849787035,1.6,'Tax','Spree::Order',849787035,'2012-08-06 13:37:38','2012-08-06 13:37:38','t','f',967941380,'Spree::TaxRate','t','Spree::Order');
INSERT INTO "spree_adjustments" VALUES(232958080,877965311,5,'Shipping','Spree::Shipment',0,'2012-08-06 13:37:38','2012-08-06 13:37:38','t','t',574015644,'Spree::ShippingMethod','t','Spree::Order');
INSERT INTO "spree_adjustments" VALUES(233883781,877055750,5,'Shipping','Spree::Shipment',0,'2012-08-06 13:37:38','2012-08-06 13:37:38','t','t',574015644,'Spree::ShippingMethod','t','Spree::Order');
INSERT INTO "spree_adjustments" VALUES(247699629,930455338,5,'Shipping','Spree::Shipment',0,'2012-08-06 13:37:38','2012-08-06 13:37:38','t','t',574015644,'Spree::ShippingMethod','t','Spree::Order');
INSERT INTO "spree_adjustments" VALUES(256632486,922607911,5,'Shipping','Spree::Shipment',0,'2012-08-06 13:37:38','2012-08-06 13:37:38','t','t',574015644,'Spree::ShippingMethod','t','Spree::Order');
INSERT INTO "spree_adjustments" VALUES(257525345,921666016,5,'Shipping','Spree::Shipment',0,'2012-08-06 13:37:38','2012-08-06 13:37:38','t','t',574015644,'Spree::ShippingMethod','t','Spree::Order');
INSERT INTO "spree_adjustments" VALUES(262122930,231772182,3.9,'Tax','Spree::Order',231772182,'2012-08-06 13:37:38','2012-08-06 13:37:38','t','f',967941380,'Spree::TaxRate','t','Spree::Order');
INSERT INTO "spree_adjustments" VALUES(265119607,821702295,1.6,'Tax','Spree::Order',821702295,'2012-08-06 13:37:38','2012-08-06 13:37:38','t','f',967941380,'Spree::TaxRate','t','Spree::Order');
INSERT INTO "spree_adjustments" VALUES(266274704,820530800,1.6,'Tax','Spree::Order',820530800,'2012-08-06 13:37:38','2012-08-06 13:37:38','t','f',967941380,'Spree::TaxRate','t','Spree::Order');
INSERT INTO "spree_adjustments" VALUES(270634203,790021435,0.8,'Tax','Spree::Order',790021435,'2012-08-06 13:37:38','2012-08-06 13:37:38','t','f',967941380,'Spree::TaxRate','t','Spree::Order');
INSERT INTO "spree_adjustments" VALUES(288322313,681145480,5,'Shipping','Spree::Shipment',0,'2012-08-06 13:37:38','2012-08-06 13:37:38','t','t',574015644,'Spree::ShippingMethod','t','Spree::Order');
INSERT INTO "spree_adjustments" VALUES(289215486,680203391,5,'Shipping','Spree::Shipment',0,'2012-08-06 13:37:38','2012-08-06 13:37:38','t','t',574015644,'Spree::ShippingMethod','t','Spree::Order');
INSERT INTO "spree_adjustments" VALUES(296350424,782154552,1.6,'Tax','Spree::Order',782154552,'2012-08-06 13:37:38','2012-08-06 13:37:38','t','f',967941380,'Spree::TaxRate','t','Spree::Order');
INSERT INTO "spree_adjustments" VALUES(297505327,780983247,3.2,'Tax','Spree::Order',780983247,'2012-08-06 13:37:38','2012-08-06 13:37:38','t','f',967941380,'Spree::TaxRate','t','Spree::Order');
INSERT INTO "spree_adjustments" VALUES(301676563,330565047,3.9,'Tax','Spree::Order',330565047,'2012-08-06 13:37:38','2012-08-06 13:37:38','t','f',967941380,'Spree::TaxRate','t','Spree::Order');
INSERT INTO "spree_adjustments" VALUES(315149214,35341291,5,'Shipping','Spree::Shipment',0,'2012-08-06 13:37:38','2012-08-06 13:37:38','t','t',574015644,'Spree::ShippingMethod','t','Spree::Order');
INSERT INTO "spree_adjustments" VALUES(317324289,727710848,5,'Shipping','Spree::Shipment',0,'2012-08-06 13:37:38','2012-08-06 13:37:38','t','t',574015644,'Spree::ShippingMethod','t','Spree::Order');
INSERT INTO "spree_adjustments" VALUES(318815246,741864942,3.2,'Tax','Spree::Order',741864942,'2012-08-06 13:37:38','2012-08-06 13:37:38','t','f',967941380,'Spree::TaxRate','t','Spree::Order');
INSERT INTO "spree_adjustments" VALUES(320003319,740660503,2.4,'Tax','Spree::Order',740660503,'2012-08-06 13:37:38','2012-08-06 13:37:38','t','f',967941380,'Spree::TaxRate','t','Spree::Order');
INSERT INTO "spree_adjustments" VALUES(325158384,718766707,5,'Shipping','Spree::Shipment',0,'2012-08-06 13:37:38','2012-08-06 13:37:38','t','t',574015644,'Spree::ShippingMethod','t','Spree::Order');
INSERT INTO "spree_adjustments" VALUES(326362381,717611658,5,'Shipping','Spree::Shipment',0,'2012-08-06 13:37:38','2012-08-06 13:37:38','t','t',574015644,'Spree::ShippingMethod','t','Spree::Order');
INSERT INTO "spree_adjustments" VALUES(327564765,707803742,5,'Shipping','Spree::Shipment',0,'2012-08-06 13:37:38','2012-08-06 13:37:38','t','t',574015644,'Spree::ShippingMethod','t','Spree::Order');
INSERT INTO "spree_adjustments" VALUES(328490280,706894503,5,'Shipping','Spree::Shipment',0,'2012-08-06 13:37:38','2012-08-06 13:37:38','t','t',574015644,'Spree::ShippingMethod','t','Spree::Order');
INSERT INTO "spree_adjustments" VALUES(333906979,751848899,3.2,'Tax','Spree::Order',751848899,'2012-08-06 13:37:38','2012-08-06 13:37:38','t','f',967941380,'Spree::TaxRate','t','Spree::Order');
INSERT INTO "spree_adjustments" VALUES(334849242,750923066,0.8,'Tax','Spree::Order',750923066,'2012-08-06 13:37:38','2012-08-06 13:37:38','t','f',967941380,'Spree::TaxRate','t','Spree::Order');
INSERT INTO "spree_adjustments" VALUES(336347625,767182442,5,'Shipping','Spree::Shipment',0,'2012-08-06 13:37:38','2012-08-06 13:37:38','t','t',574015644,'Spree::ShippingMethod','t','Spree::Order');
INSERT INTO "spree_adjustments" VALUES(337518868,765994643,5,'Shipping','Spree::Shipment',0,'2012-08-06 13:37:38','2012-08-06 13:37:38','t','t',574015644,'Spree::ShippingMethod','t','Spree::Order');
INSERT INTO "spree_adjustments" VALUES(342718487,727331319,3.2,'Tax','Spree::Order',727331319,'2012-08-06 13:37:38','2012-08-06 13:37:38','t','f',967941380,'Spree::TaxRate','t','Spree::Order');
INSERT INTO "spree_adjustments" VALUES(343873774,726159630,0.8,'Tax','Spree::Order',726159630,'2012-08-06 13:37:38','2012-08-06 13:37:38','t','f',967941380,'Spree::TaxRate','t','Spree::Order');
INSERT INTO "spree_adjustments" VALUES(344637498,733841882,0.8,'Tax','Spree::Order',733841882,'2012-08-06 13:37:38','2012-08-06 13:37:38','t','f',967941380,'Spree::TaxRate','t','Spree::Order');
INSERT INTO "spree_adjustments" VALUES(345546947,732948771,1.6,'Tax','Spree::Order',732948771,'2012-08-06 13:37:38','2012-08-06 13:37:38','t','f',967941380,'Spree::TaxRate','t','Spree::Order');
INSERT INTO "spree_adjustments" VALUES(351009220,761134663,5,'Shipping','Spree::Shipment',0,'2012-08-06 13:37:38','2012-08-06 13:37:38','t','t',574015644,'Spree::ShippingMethod','t','Spree::Order');
INSERT INTO "spree_adjustments" VALUES(351902017,760192702,5,'Shipping','Spree::Shipment',0,'2012-08-06 13:37:38','2012-08-06 13:37:38','t','t',574015644,'Spree::ShippingMethod','t','Spree::Order');
INSERT INTO "spree_adjustments" VALUES(353427152,707237680,2.8,'Tax','Spree::Order',707237680,'2012-08-06 13:37:38','2012-08-06 13:37:38','t','f',967941380,'Spree::TaxRate','t','Spree::Order');
INSERT INTO "spree_adjustments" VALUES(373471010,804565151,5,'Shipping','Spree::Shipment',0,'2012-08-06 13:37:38','2012-08-06 13:37:38','t','t',574015644,'Spree::ShippingMethod','t','Spree::Order');
INSERT INTO "spree_adjustments" VALUES(374396901,803655784,5,'Shipping','Spree::Shipment',0,'2012-08-06 13:37:38','2012-08-06 13:37:38','t','t',574015644,'Spree::ShippingMethod','t','Spree::Order');
INSERT INTO "spree_adjustments" VALUES(378993674,349815214,1.95,'Tax','Spree::Order',349815214,'2012-08-06 13:37:38','2012-08-06 13:37:38','t','f',967941380,'Spree::TaxRate','t','Spree::Order');
INSERT INTO "spree_adjustments" VALUES(381957839,703823663,1.6,'Tax','Spree::Order',703823663,'2012-08-06 13:37:38','2012-08-06 13:37:38','t','f',967941380,'Spree::TaxRate','t','Spree::Order');
INSERT INTO "spree_adjustments" VALUES(383145528,702619608,2.4,'Tax','Spree::Order',702619608,'2012-08-06 13:37:38','2012-08-06 13:37:38','t','f',967941380,'Spree::TaxRate','t','Spree::Order');
INSERT INTO "spree_adjustments" VALUES(400075244,779005547,5,'Shipping','Spree::Shipment',0,'2012-08-06 13:37:38','2012-08-06 13:37:38','t','t',574015644,'Spree::ShippingMethod','t','Spree::Order');
INSERT INTO "spree_adjustments" VALUES(412696368,556742829,5,'Shipping','Spree::Shipment',0,'2012-08-06 13:37:38','2012-08-06 13:37:38','t','t',574015644,'Spree::ShippingMethod','t','Spree::Order');
INSERT INTO "spree_adjustments" VALUES(419635674,548742745,5,'Shipping','Spree::Shipment',0,'2012-08-06 13:37:38','2012-08-06 13:37:38','t','t',574015644,'Spree::ShippingMethod','t','Spree::Order');
INSERT INTO "spree_adjustments" VALUES(420561187,547833508,5,'Shipping','Spree::Shipment',0,'2012-08-06 13:37:38','2012-08-06 13:37:38','t','t',574015644,'Spree::ShippingMethod','t','Spree::Order');
INSERT INTO "spree_adjustments" VALUES(428187657,649259497,0.8,'Tax','Spree::Order',649259497,'2012-08-06 13:37:38','2012-08-06 13:37:38','t','f',967941380,'Spree::TaxRate','t','Spree::Order');
INSERT INTO "spree_adjustments" VALUES(429375732,648055060,1.6,'Tax','Spree::Order',648055060,'2012-08-06 13:37:38','2012-08-06 13:37:38','t','f',967941380,'Spree::TaxRate','t','Spree::Order');
INSERT INTO "spree_adjustments" VALUES(439382518,596014713,5,'Shipping','Spree::Shipment',0,'2012-08-06 13:37:38','2012-08-06 13:37:38','t','t',574015644,'Spree::ShippingMethod','t','Spree::Order');
INSERT INTO "spree_adjustments" VALUES(441534476,627442156,3.2,'Tax','Spree::Order',627442156,'2012-08-06 13:37:38','2012-08-06 13:37:38','t','f',967941380,'Spree::TaxRate','t','Spree::Order');
INSERT INTO "spree_adjustments" VALUES(459257816,585740373,5,'Shipping','Spree::Shipment',0,'2012-08-06 13:37:38','2012-08-06 13:37:38','t','t',574015644,'Spree::ShippingMethod','t','Spree::Order');
INSERT INTO "spree_adjustments" VALUES(461277113,195891138,5,'Shipping','Spree::Shipment',0,'2012-08-06 13:37:38','2012-08-06 13:37:38','t','t',574015644,'Spree::ShippingMethod','t','Spree::Order');
INSERT INTO "spree_adjustments" VALUES(466310914,620502818,4.6,'Tax','Spree::Order',620502818,'2012-08-06 13:37:38','2012-08-06 13:37:38','t','f',967941380,'Spree::TaxRate','t','Spree::Order');
INSERT INTO "spree_adjustments" VALUES(473068495,629437518,5,'Shipping','Spree::Shipment',0,'2012-08-06 13:37:38','2012-08-06 13:37:38','t','t',574015644,'Spree::ShippingMethod','t','Spree::Order');
INSERT INTO "spree_adjustments" VALUES(480678633,596761353,6.2,'Tax','Spree::Order',596761353,'2012-08-06 13:37:38','2012-08-06 13:37:38','t','f',967941380,'Spree::TaxRate','t','Spree::Order');
INSERT INTO "spree_adjustments" VALUES(497577275,605973176,5,'Shipping','Spree::Shipment',0,'2012-08-06 13:37:38','2012-08-06 13:37:38','t','t',574015644,'Spree::ShippingMethod','t','Spree::Order');
INSERT INTO "spree_adjustments" VALUES(499733701,587078949,3.2,'Tax','Spree::Order',587078949,'2012-08-06 13:37:38','2012-08-06 13:37:38','t','f',967941380,'Spree::TaxRate','t','Spree::Order');
INSERT INTO "spree_adjustments" VALUES(510584259,668525120,5,'Shipping','Spree::Shipment',0,'2012-08-06 13:37:38','2012-08-06 13:37:38','t','t',574015644,'Spree::ShippingMethod','t','Spree::Order');
INSERT INTO "spree_adjustments" VALUES(511477050,667583165,5,'Shipping','Spree::Shipment',0,'2012-08-06 13:37:38','2012-08-06 13:37:38','t','t',574015644,'Spree::ShippingMethod','t','Spree::Order');
INSERT INTO "spree_adjustments" VALUES(518546448,568274416,1.6,'Tax','Spree::Order',568274416,'2012-08-06 13:37:38','2012-08-06 13:37:38','t','f',967941380,'Spree::TaxRate','t','Spree::Order');
INSERT INTO "spree_adjustments" VALUES(519701741,567102733,1.6,'Tax','Spree::Order',567102733,'2012-08-06 13:37:38','2012-08-06 13:37:38','t','f',967941380,'Spree::TaxRate','t','Spree::Order');
INSERT INTO "spree_adjustments" VALUES(526391841,542594049,3.2,'Tax','Spree::Order',542594049,'2012-08-06 13:37:38','2012-08-06 13:37:38','t','f',967941380,'Spree::TaxRate','t','Spree::Order');
INSERT INTO "spree_adjustments" VALUES(551524735,426352382,5,'Shipping','Spree::Shipment',0,'2012-08-06 13:37:38','2012-08-06 13:37:38','t','t',574015644,'Spree::ShippingMethod','t','Spree::Order');
INSERT INTO "spree_adjustments" VALUES(558204811,418611208,5,'Shipping','Spree::Shipment',0,'2012-08-06 13:37:38','2012-08-06 13:37:38','t','t',574015644,'Spree::ShippingMethod','t','Spree::Order');
INSERT INTO "spree_adjustments" VALUES(559409010,417456373,5,'Shipping','Spree::Shipment',0,'2012-08-06 13:37:38','2012-08-06 13:37:38','t','t',574015644,'Spree::ShippingMethod','t','Spree::Order');
INSERT INTO "spree_adjustments" VALUES(563203233,601813305,4.7,'Tax','Spree::Order',601813305,'2012-08-06 13:37:38','2012-08-06 13:37:38','t','f',967941380,'Spree::TaxRate','t','Spree::Order');
INSERT INTO "spree_adjustments" VALUES(566429272,519327672,2.4,'Tax','Spree::Order',519327672,'2012-08-06 13:37:38','2012-08-06 13:37:38','t','f',967941380,'Spree::TaxRate','t','Spree::Order');
INSERT INTO "spree_adjustments" VALUES(567371429,518401861,3.2,'Tax','Spree::Order',518401861,'2012-08-06 13:37:38','2012-08-06 13:37:38','t','f',967941380,'Spree::TaxRate','t','Spree::Order');
INSERT INTO "spree_adjustments" VALUES(571993693,488679357,6.2,'Tax','Spree::Order',488679357,'2012-08-06 13:37:38','2012-08-06 13:37:38','t','f',967941380,'Spree::TaxRate','t','Spree::Order');
INSERT INTO "spree_adjustments" VALUES(587952512,448624385,5,'Shipping','Spree::Shipment',0,'2012-08-06 13:37:38','2012-08-06 13:37:38','t','t',574015644,'Spree::ShippingMethod','t','Spree::Order');
INSERT INTO "spree_adjustments" VALUES(588845447,447682054,5,'Shipping','Spree::Shipment',0,'2012-08-06 13:37:38','2012-08-06 13:37:38','t','t',574015644,'Spree::ShippingMethod','t','Spree::Order');
INSERT INTO "spree_adjustments" VALUES(594167942,475857254,0.8,'Tax','Spree::Order',475857254,'2012-08-06 13:37:38','2012-08-06 13:37:38','t','f',967941380,'Spree::TaxRate','t','Spree::Order');
INSERT INTO "spree_adjustments" VALUES(595077241,474964377,0.8,'Tax','Spree::Order',474964377,'2012-08-06 13:37:38','2012-08-06 13:37:38','t','f',967941380,'Spree::TaxRate','t','Spree::Order');
INSERT INTO "spree_adjustments" VALUES(596504753,481999185,0.8,'Tax','Spree::Order',481999185,'2012-08-06 13:37:38','2012-08-06 13:37:38','t','f',967941380,'Spree::TaxRate','t','Spree::Order');
INSERT INTO "spree_adjustments" VALUES(597659734,480827830,1.6,'Tax','Spree::Order',480827830,'2012-08-06 13:37:38','2012-08-06 13:37:38','t','f',967941380,'Spree::TaxRate','t','Spree::Order');
INSERT INTO "spree_adjustments" VALUES(602720595,442158806,5,'Shipping','Spree::Shipment',0,'2012-08-06 13:37:38','2012-08-06 13:37:38','t','t',574015644,'Spree::ShippingMethod','t','Spree::Order');
INSERT INTO "spree_adjustments" VALUES(603892140,440970793,5,'Shipping','Spree::Shipment',0,'2012-08-06 13:37:38','2012-08-06 13:37:38','t','t',574015644,'Spree::ShippingMethod','t','Spree::Order');
INSERT INTO "spree_adjustments" VALUES(604474525,456181117,1.6,'Tax','Spree::Order',456181117,'2012-08-06 13:37:38','2012-08-06 13:37:38','t','f',967941380,'Spree::TaxRate','t','Spree::Order');
INSERT INTO "spree_adjustments" VALUES(605416546,455255426,3.2,'Tax','Spree::Order',455255426,'2012-08-06 13:37:38','2012-08-06 13:37:38','t','f',967941380,'Spree::TaxRate','t','Spree::Order');
INSERT INTO "spree_adjustments" VALUES(610710887,500216554,5,'Shipping','Spree::Shipment',0,'2012-08-06 13:37:38','2012-08-06 13:37:38','t','t',574015644,'Spree::ShippingMethod','t','Spree::Order');
INSERT INTO "spree_adjustments" VALUES(611636640,499307037,5,'Shipping','Spree::Shipment',0,'2012-08-06 13:37:38','2012-08-06 13:37:38','t','t',574015644,'Spree::ShippingMethod','t','Spree::Order');
INSERT INTO "spree_adjustments" VALUES(612437324,490146509,5,'Shipping','Spree::Shipment',0,'2012-08-06 13:37:38','2012-08-06 13:37:38','t','t',574015644,'Spree::ShippingMethod','t','Spree::Order');
INSERT INTO "spree_adjustments" VALUES(613641651,488991282,5,'Shipping','Spree::Shipment',0,'2012-08-06 13:37:38','2012-08-06 13:37:38','t','t',574015644,'Spree::ShippingMethod','t','Spree::Order');
INSERT INTO "spree_adjustments" VALUES(618673338,467107162,1.6,'Tax','Spree::Order',467107162,'2012-08-06 13:37:38','2012-08-06 13:37:38','t','f',967941380,'Spree::TaxRate','t','Spree::Order');
INSERT INTO "spree_adjustments" VALUES(619861069,465903021,3.2,'Tax','Spree::Order',465903021,'2012-08-06 13:37:38','2012-08-06 13:37:38','t','f',967941380,'Spree::TaxRate','t','Spree::Order');
INSERT INTO "spree_adjustments" VALUES(634387213,891057020,5,'Shipping','Spree::Shipment',0,'2012-08-06 13:37:38','2012-08-06 13:37:38','t','t',574015644,'Spree::ShippingMethod','t','Spree::Order');
INSERT INTO "spree_adjustments" VALUES(636406634,475581673,5,'Shipping','Spree::Shipment',0,'2012-08-06 13:37:38','2012-08-06 13:37:38','t','t',574015644,'Spree::ShippingMethod','t','Spree::Order');
INSERT INTO "spree_adjustments" VALUES(640172946,530465809,5,'Shipping','Spree::Shipment',0,'2012-08-06 13:37:38','2012-08-06 13:37:38','t','t',574015644,'Spree::ShippingMethod','t','Spree::Order');
INSERT INTO "spree_adjustments" VALUES(641344363,529278188,5,'Shipping','Spree::Shipment',0,'2012-08-06 13:37:38','2012-08-06 13:37:38','t','t',574015644,'Spree::ShippingMethod','t','Spree::Order');
INSERT INTO "spree_adjustments" VALUES(648987201,429493153,2.4,'Tax','Spree::Order',429493153,'2012-08-06 13:37:38','2012-08-06 13:37:38','t','f',967941380,'Spree::TaxRate','t','Spree::Order');
INSERT INTO "spree_adjustments" VALUES(649896636,428600156,0.8,'Tax','Spree::Order',428600156,'2012-08-06 13:37:38','2012-08-06 13:37:38','t','f',967941380,'Spree::TaxRate','t','Spree::Order');
INSERT INTO "spree_adjustments" VALUES(651518922,1020487291,5,'Shipping','Spree::Shipment',0,'2012-08-06 13:37:38','2012-08-06 13:37:38','t','t',574015644,'Spree::ShippingMethod','t','Spree::Order');
INSERT INTO "spree_adjustments" VALUES(654051466,615724322,4.7,'Tax','Spree::Order',615724322,'2012-08-06 13:37:38','2012-08-06 13:37:38','t','f',967941380,'Spree::TaxRate','t','Spree::Order');
INSERT INTO "spree_adjustments" VALUES(656850002,403830194,1.6,'Tax','Spree::Order',403830194,'2012-08-06 13:37:38','2012-08-06 13:37:38','t','f',967941380,'Spree::TaxRate','t','Spree::Order');
INSERT INTO "spree_adjustments" VALUES(677849738,391144298,1.6,'Tax','Spree::Order',391144298,'2012-08-06 13:37:38','2012-08-06 13:37:38','t','f',967941380,'Spree::TaxRate','t','Spree::Order');
INSERT INTO "spree_adjustments" VALUES(694801754,283103959,5,'Shipping','Spree::Shipment',0,'2012-08-06 13:37:38','2012-08-06 13:37:38','t','t',574015644,'Spree::ShippingMethod','t','Spree::Order');
INSERT INTO "spree_adjustments" VALUES(695973293,281915952,5,'Shipping','Spree::Shipment',0,'2012-08-06 13:37:38','2012-08-06 13:37:38','t','t',574015644,'Spree::ShippingMethod','t','Spree::Order');
INSERT INTO "spree_adjustments" VALUES(703550599,383262055,0.8,'Tax','Spree::Order',383262055,'2012-08-06 13:37:38','2012-08-06 13:37:38','t','f',967941380,'Spree::TaxRate','t','Spree::Order');
INSERT INTO "spree_adjustments" VALUES(704459904,382369184,1.6,'Tax','Spree::Order',382369184,'2012-08-06 13:37:38','2012-08-06 13:37:38','t','f',967941380,'Spree::TaxRate','t','Spree::Order');
INSERT INTO "spree_adjustments" VALUES(716135858,320428591,5,'Shipping','Spree::Shipment',0,'2012-08-06 13:37:38','2012-08-06 13:37:38','t','t',574015644,'Spree::ShippingMethod','t','Spree::Order');
INSERT INTO "spree_adjustments" VALUES(718169172,368651700,1.6,'Tax','Spree::Order',368651700,'2012-08-06 13:37:38','2012-08-06 13:37:38','t','f',967941380,'Spree::TaxRate','t','Spree::Order');
INSERT INTO "spree_adjustments" VALUES(722760507,1002961742,5,'Shipping','Spree::Shipment',0,'2012-08-06 13:37:38','2012-08-06 13:37:38','t','t',574015644,'Spree::ShippingMethod','t','Spree::Order');
INSERT INTO "spree_adjustments" VALUES(724910940,310592731,5,'Shipping','Spree::Shipment',0,'2012-08-06 13:37:38','2012-08-06 13:37:38','t','t',574015644,'Spree::ShippingMethod','t','Spree::Order');
INSERT INTO "spree_adjustments" VALUES(732013170,345435026,3.8,'Tax','Spree::Order',345435026,'2012-08-06 13:37:38','2012-08-06 13:37:38','t','f',967941380,'Spree::TaxRate','t','Spree::Order');
INSERT INTO "spree_adjustments" VALUES(743999301,367952066,5,'Shipping','Spree::Shipment',0,'2012-08-06 13:37:38','2012-08-06 13:37:38','t','t',574015644,'Spree::ShippingMethod','t','Spree::Order');
INSERT INTO "spree_adjustments" VALUES(746174244,1017790295,5,'Shipping','Spree::Shipment',0,'2012-08-06 13:37:38','2012-08-06 13:37:38','t','t',574015644,'Spree::ShippingMethod','t','Spree::Order');
INSERT INTO "spree_adjustments" VALUES(751593067,335228811,7.5,'Tax','Spree::Order',335228811,'2012-08-06 13:37:38','2012-08-06 13:37:38','t','f',967941380,'Spree::TaxRate','t','Spree::Order');
INSERT INTO "spree_adjustments" VALUES(758595937,344016612,5,'Shipping','Spree::Shipment',0,'2012-08-06 13:37:38','2012-08-06 13:37:38','t','t',574015644,'Spree::ShippingMethod','t','Spree::Order');
INSERT INTO "spree_adjustments" VALUES(760641695,308359551,2.4,'Tax','Spree::Order',308359551,'2012-08-06 13:37:38','2012-08-06 13:37:38','t','f',967941380,'Spree::TaxRate','t','Spree::Order');
INSERT INTO "spree_adjustments" VALUES(772018513,397547216,5,'Shipping','Spree::Shipment',0,'2012-08-06 13:37:38','2012-08-06 13:37:38','t','t',574015644,'Spree::ShippingMethod','t','Spree::Order');
INSERT INTO "spree_adjustments" VALUES(773222838,396391991,5,'Shipping','Spree::Shipment',0,'2012-08-06 13:37:38','2012-08-06 13:37:38','t','t',574015644,'Spree::ShippingMethod','t','Spree::Order');
INSERT INTO "spree_adjustments" VALUES(780308640,297130368,3.2,'Tax','Spree::Order',297130368,'2012-08-06 13:37:38','2012-08-06 13:37:38','t','f',967941380,'Spree::TaxRate','t','Spree::Order');
INSERT INTO "spree_adjustments" VALUES(781250663,296204679,0.8,'Tax','Spree::Order',296204679,'2012-08-06 13:37:38','2012-08-06 13:37:38','t','f',967941380,'Spree::TaxRate','t','Spree::Order');
INSERT INTO "spree_adjustments" VALUES(798887869,371722298,5,'Shipping','Spree::Shipment',0,'2012-08-06 13:37:38','2012-08-06 13:37:38','t','t',574015644,'Spree::ShippingMethod','t','Spree::Order');
INSERT INTO "spree_adjustments" VALUES(811631854,165053295,5,'Shipping','Spree::Shipment',0,'2012-08-06 13:37:38','2012-08-06 13:37:38','t','t',574015644,'Spree::ShippingMethod','t','Spree::Order');
INSERT INTO "spree_adjustments" VALUES(812835865,163898264,5,'Shipping','Spree::Shipment',0,'2012-08-06 13:37:38','2012-08-06 13:37:38','t','t',574015644,'Spree::ShippingMethod','t','Spree::Order');
INSERT INTO "spree_adjustments" VALUES(820380991,265374943,3.2,'Tax','Spree::Order',265374943,'2012-08-06 13:37:38','2012-08-06 13:37:38','t','f',967941380,'Spree::TaxRate','t','Spree::Order');
INSERT INTO "spree_adjustments" VALUES(821323208,264449064,1.6,'Tax','Spree::Order',264449064,'2012-08-06 13:37:38','2012-08-06 13:37:38','t','f',967941380,'Spree::TaxRate','t','Spree::Order');
INSERT INTO "spree_adjustments" VALUES(825151760,862055596,3.1,'Tax','Spree::Order',862055596,'2012-08-06 13:37:38','2012-08-06 13:37:38','t','f',967941380,'Spree::TaxRate','t','Spree::Order');
INSERT INTO "spree_adjustments" VALUES(830217163,239817259,1.6,'Tax','Spree::Order',239817259,'2012-08-06 13:37:38','2012-08-06 13:37:38','t','f',967941380,'Spree::TaxRate','t','Spree::Order');
INSERT INTO "spree_adjustments" VALUES(840770179,583969526,5,'Shipping','Spree::Shipment',0,'2012-08-06 13:37:38','2012-08-06 13:37:38','t','t',574015644,'Spree::ShippingMethod','t','Spree::Order');
INSERT INTO "spree_adjustments" VALUES(842797792,193598819,5,'Shipping','Spree::Shipment',0,'2012-08-06 13:37:38','2012-08-06 13:37:38','t','t',574015644,'Spree::ShippingMethod','t','Spree::Order');
INSERT INTO "spree_adjustments" VALUES(849933258,228571690,4.2,'Tax','Spree::Order',228571690,'2012-08-06 13:37:38','2012-08-06 13:37:38','t','f',967941380,'Spree::TaxRate','t','Spree::Order');
INSERT INTO "spree_adjustments" VALUES(867462385,167930736,5,'Shipping','Spree::Shipment',0,'2012-08-06 13:37:38','2012-08-06 13:37:38','t','t',574015644,'Spree::ShippingMethod','t','Spree::Order');
INSERT INTO "spree_adjustments" VALUES(869618963,216145139,1.6,'Tax','Spree::Order',216145139,'2012-08-06 13:37:38','2012-08-06 13:37:38','t','f',967941380,'Spree::TaxRate','t','Spree::Order');
INSERT INTO "spree_adjustments" VALUES(875327522,228226979,5,'Shipping','Spree::Shipment',0,'2012-08-06 13:37:38','2012-08-06 13:37:38','t','t',574015644,'Spree::ShippingMethod','t','Spree::Order');
INSERT INTO "spree_adjustments" VALUES(877480416,192544832,1.6,'Tax','Spree::Order',192544832,'2012-08-06 13:37:38','2012-08-06 13:37:38','t','f',967941380,'Spree::TaxRate','t','Spree::Order');
INSERT INTO "spree_adjustments" VALUES(894555897,216519034,5,'Shipping','Spree::Shipment',0,'2012-08-06 13:37:38','2012-08-06 13:37:38','t','t',574015644,'Spree::ShippingMethod','t','Spree::Order');
INSERT INTO "spree_adjustments" VALUES(896591516,631467759,5,'Shipping','Spree::Shipment',0,'2012-08-06 13:37:38','2012-08-06 13:37:38','t','t',574015644,'Spree::ShippingMethod','t','Spree::Order');
INSERT INTO "spree_adjustments" VALUES(902117331,183664179,2.6,'Tax','Spree::Order',183664179,'2012-08-06 13:37:38','2012-08-06 13:37:38','t','f',967941380,'Spree::TaxRate','t','Spree::Order');
INSERT INTO "spree_adjustments" VALUES(914702076,255015291,5,'Shipping','Spree::Shipment',0,'2012-08-06 13:37:38','2012-08-06 13:37:38','t','t',574015644,'Spree::ShippingMethod','t','Spree::Order');
INSERT INTO "spree_adjustments" VALUES(923615477,247154552,5,'Shipping','Spree::Shipment',0,'2012-08-06 13:37:38','2012-08-06 13:37:38','t','t',574015644,'Spree::ShippingMethod','t','Spree::Order');
INSERT INTO "spree_adjustments" VALUES(924786706,245966735,5,'Shipping','Spree::Shipment',0,'2012-08-06 13:37:38','2012-08-06 13:37:38','t','t',574015644,'Spree::ShippingMethod','t','Spree::Order');
INSERT INTO "spree_adjustments" VALUES(931905832,146573512,0.8,'Tax','Spree::Order',146573512,'2012-08-06 13:37:38','2012-08-06 13:37:38','t','f',967941380,'Spree::TaxRate','t','Spree::Order');
INSERT INTO "spree_adjustments" VALUES(932815327,145680447,3.2,'Tax','Spree::Order',145680447,'2012-08-06 13:37:38','2012-08-06 13:37:38','t','f',967941380,'Spree::TaxRate','t','Spree::Order');
INSERT INTO "spree_adjustments" VALUES(944559667,33214900,5,'Shipping','Spree::Shipment',0,'2012-08-06 13:37:38','2012-08-06 13:37:38','t','t',574015644,'Spree::ShippingMethod','t','Spree::Order');
INSERT INTO "spree_adjustments" VALUES(945731274,32026953,5,'Shipping','Spree::Shipment',0,'2012-08-06 13:37:38','2012-08-06 13:37:38','t','t',574015644,'Spree::ShippingMethod','t','Spree::Order');
INSERT INTO "spree_adjustments" VALUES(949525797,987209861,3.55,'Tax','Spree::Order',987209861,'2012-08-06 13:37:38','2012-08-06 13:37:38','t','f',967941380,'Spree::TaxRate','t','Spree::Order');
INSERT INTO "spree_adjustments" VALUES(952784868,134028804,3.2,'Tax','Spree::Order',134028804,'2012-08-06 13:37:38','2012-08-06 13:37:38','t','f',967941380,'Spree::TaxRate','t','Spree::Order');
INSERT INTO "spree_adjustments" VALUES(953693977,133136121,3.2,'Tax','Spree::Order',133136121,'2012-08-06 13:37:38','2012-08-06 13:37:38','t','f',967941380,'Spree::TaxRate','t','Spree::Order');
INSERT INTO "spree_adjustments" VALUES(969189440,7516093,5,'Shipping','Spree::Shipment',0,'2012-08-06 13:37:38','2012-08-06 13:37:38','t','t',574015644,'Spree::ShippingMethod','t','Spree::Order');
INSERT INTO "spree_adjustments" VALUES(973217992,62138181,5,'Shipping','Spree::Shipment',0,'2012-08-06 13:37:38','2012-08-06 13:37:38','t','t',574015644,'Spree::ShippingMethod','t','Spree::Order');
INSERT INTO "spree_adjustments" VALUES(974143551,61228994,5,'Shipping','Spree::Shipment',0,'2012-08-06 13:37:38','2012-08-06 13:37:38','t','t',574015644,'Spree::ShippingMethod','t','Spree::Order');
INSERT INTO "spree_adjustments" VALUES(979573050,89411802,1.6,'Tax','Spree::Order',89411802,'2012-08-06 13:37:38','2012-08-06 13:37:38','t','f',967941380,'Spree::TaxRate','t','Spree::Order');
INSERT INTO "spree_adjustments" VALUES(980515269,88485925,2.4,'Tax','Spree::Order',88485925,'2012-08-06 13:37:38','2012-08-06 13:37:38','t','f',967941380,'Spree::TaxRate','t','Spree::Order');
INSERT INTO "spree_adjustments" VALUES(981770517,95676661,1.6,'Tax','Spree::Order',95676661,'2012-08-06 13:37:38','2012-08-06 13:37:38','t','f',967941380,'Spree::TaxRate','t','Spree::Order');
INSERT INTO "spree_adjustments" VALUES(982958578,94472210,1.6,'Tax','Spree::Order',94472210,'2012-08-06 13:37:38','2012-08-06 13:37:38','t','f',967941380,'Spree::TaxRate','t','Spree::Order');
INSERT INTO "spree_adjustments" VALUES(988125419,55811946,5,'Shipping','Spree::Shipment',0,'2012-08-06 13:37:38','2012-08-06 13:37:38','t','t',574015644,'Spree::ShippingMethod','t','Spree::Order');
INSERT INTO "spree_adjustments" VALUES(989329428,54656917,5,'Shipping','Spree::Shipment',0,'2012-08-06 13:37:38','2012-08-06 13:37:38','t','t',574015644,'Spree::ShippingMethod','t','Spree::Order');
INSERT INTO "spree_adjustments" VALUES(1024384289,37328065,3.2,'Tax','Spree::Order',37328065,'2012-08-06 13:37:38','2012-08-06 13:37:38','t','f',967941380,'Spree::TaxRate','t','Spree::Order');
INSERT INTO "spree_adjustments" VALUES(1025293790,36435006,1.6,'Tax','Spree::Order',36435006,'2012-08-06 13:37:38','2012-08-06 13:37:38','t','f',967941380,'Spree::TaxRate','t','Spree::Order');
INSERT INTO "spree_adjustments" VALUES(1030743263,81388382,5,'Shipping','Spree::Shipment',0,'2012-08-06 13:37:38','2012-08-06 13:37:38','t','t',574015644,'Spree::ShippingMethod','t','Spree::Order');
INSERT INTO "spree_adjustments" VALUES(1031636008,80446377,5,'Shipping','Spree::Shipment',0,'2012-08-06 13:37:38','2012-08-06 13:37:38','t','t',574015644,'Spree::ShippingMethod','t','Spree::Order');
INSERT INTO "spree_adjustments" VALUES(1032346868,71195505,5,'Shipping','Spree::Shipment',0,'2012-08-06 13:37:38','2012-08-06 13:37:38','t','t',574015644,'Spree::ShippingMethod','t','Spree::Order');
INSERT INTO "spree_adjustments" VALUES(1033518091,70007694,5,'Shipping','Spree::Shipment',0,'2012-08-06 13:37:38','2012-08-06 13:37:38','t','t',574015644,'Spree::ShippingMethod','t','Spree::Order');
INSERT INTO "spree_adjustments" VALUES(1038705934,48114926,0.8,'Tax','Spree::Order',48114926,'2012-08-06 13:37:38','2012-08-06 13:37:38','t','f',967941380,'Spree::TaxRate','t','Spree::Order');
INSERT INTO "spree_adjustments" VALUES(1039861241,46943257,1.6,'Tax','Spree::Order',46943257,'2012-08-06 13:37:38','2012-08-06 13:37:38','t','f',967941380,'Spree::TaxRate','t','Spree::Order');
INSERT INTO "spree_adjustments" VALUES(1044221201,17482993,0.8,'Tax','Spree::Order',17482993,'2012-08-06 13:37:38','2012-08-06 13:37:38','t','f',967941380,'Spree::TaxRate','t','Spree::Order');
INSERT INTO "spree_adjustments" VALUES(1059131946,110564781,5,'Shipping','Spree::Shipment',0,'2012-08-06 13:37:38','2012-08-06 13:37:38','t','t',574015644,'Spree::ShippingMethod','t','Spree::Order');
INSERT INTO "spree_adjustments" VALUES(1060336339,109409616,5,'Shipping','Spree::Shipment',0,'2012-08-06 13:37:38','2012-08-06 13:37:38','t','t',574015644,'Spree::ShippingMethod','t','Spree::Order');
INSERT INTO "spree_adjustments" VALUES(1067947005,9493021,2.4,'Tax','Spree::Order',9493021,'2012-08-06 13:37:38','2012-08-06 13:37:38','t','f',967941380,'Spree::TaxRate','t','Spree::Order');
INSERT INTO "spree_adjustments" VALUES(1068888832,8567520,0.8,'Tax','Spree::Order',8567520,'2012-08-06 13:37:38','2012-08-06 13:37:38','t','f',967941380,'Spree::TaxRate','t','Spree::Order');
INSERT INTO "spree_adjustments" VALUES(1073043774,1035625630,3.1,'Tax','Spree::Order',1035625630,'2012-08-06 13:37:38','2012-08-06 13:37:38','t','f',967941380,'Spree::TaxRate','t','Spree::Order');
INSERT INTO "spree_adjustments" VALUES(1073043775,1053930493,15,'Shipping','Spree::Shipment',1069267030,'2012-08-06 15:22:25.403958','2012-08-06 15:22:25.403958','t',NULL,13537749,'Spree::ShippingMethod','t','Spree::Order');
INSERT INTO "spree_adjustments" VALUES(1073043776,1053930494,15,'Shipping','Spree::Shipment',1069267031,'2012-08-06 15:26:41.388946','2012-08-06 15:26:41.388946','t',NULL,13537749,'Spree::ShippingMethod','t','Spree::Order');
INSERT INTO "spree_adjustments" VALUES(1073043777,1053930495,5,'Shipping','Spree::Shipment',1069267032,'2012-08-06 16:23:55.761143','2012-08-06 16:23:55.761143','t',NULL,574015644,'Spree::ShippingMethod','t','Spree::Order');
CREATE TABLE "spree_assets" ("id" INTEGER PRIMARY KEY AUTOINCREMENT NOT NULL, "viewable_id" integer, "attachment_width" integer, "attachment_height" integer, "attachment_file_size" integer, "position" integer, "viewable_type" varchar(50), "attachment_content_type" varchar(255), "attachment_file_name" varchar(255), "type" varchar(75), "attachment_updated_at" datetime, "alt" text);
INSERT INTO "spree_assets" VALUES(1,215054540,360,360,33105,1,'Spree::Variant','image/jpeg','ror_tote.jpeg','Spree::Image','2012-08-06 13:39:34.730589',NULL);
INSERT INTO "spree_assets" VALUES(3,504220342,360,360,29703,1,'Spree::Variant','image/jpeg','ror_bag.jpeg','Spree::Image','2012-08-06 13:39:35.103447',NULL);
INSERT INTO "spree_assets" VALUES(4,219452125,360,360,29166,1,'Spree::Variant','image/jpeg','ror_baseball.jpeg','Spree::Image','2012-08-06 13:39:35.483090',NULL);
INSERT INTO "spree_assets" VALUES(5,219452125,360,360,24815,2,'Spree::Variant','image/jpeg','ror_baseball_back.jpeg','Spree::Image','2012-08-06 13:39:35.799669',NULL);
INSERT INTO "spree_assets" VALUES(6,489273655,360,360,15170,1,'Spree::Variant','image/jpeg','ror_jr_spaghetti.jpeg','Spree::Image','2012-08-06 13:39:36.084261',NULL);
INSERT INTO "spree_assets" VALUES(7,52862384,360,360,20956,1,'Spree::Variant','image/jpeg','ror_mug.jpeg','Spree::Image','2012-08-06 13:39:36.358708',NULL);
INSERT INTO "spree_assets" VALUES(8,52862384,360,360,11273,2,'Spree::Variant','image/jpeg','ror_mug_back.jpeg','Spree::Image','2012-08-06 13:39:36.661628',NULL);
INSERT INTO "spree_assets" VALUES(9,429921481,360,360,19408,1,'Spree::Variant','image/jpeg','ror_ringer.jpeg','Spree::Image','2012-08-06 13:39:36.940971',NULL);
INSERT INTO "spree_assets" VALUES(10,429921481,360,360,14097,2,'Spree::Variant','image/jpeg','ror_ringer_back.jpeg','Spree::Image','2012-08-06 13:39:37.205547',NULL);
INSERT INTO "spree_assets" VALUES(11,599112055,360,360,21794,1,'Spree::Variant','image/jpeg','ror_stein.jpeg','Spree::Image','2012-08-06 13:39:37.492854',NULL);
INSERT INTO "spree_assets" VALUES(12,599112055,360,360,21632,2,'Spree::Variant','image/jpeg','ror_stein_back.jpeg','Spree::Image','2012-08-06 13:39:37.766800',NULL);
INSERT INTO "spree_assets" VALUES(1004,157039898,504,484,141361,1,'Spree::Variant','image/png','apache_baseball.png','Spree::Image','2012-08-06 13:39:38.116759',NULL);
INSERT INTO "spree_assets" VALUES(1008,336514991,495,477,154782,1,'Spree::Variant','image/png','ruby_baseball.png','Spree::Image','2012-08-06 13:39:38.735074',NULL);
INSERT INTO "spree_assets" VALUES(1009,529709246,240,240,48767,1,'Spree::Variant','image/png','ror_baseball_jersey_green.png','Spree::Image','2012-08-06 13:39:39.317035',NULL);
INSERT INTO "spree_assets" VALUES(1010,529709246,240,240,41223,2,'Spree::Variant','image/png','ror_baseball_jersey_back_green.png','Spree::Image','2012-08-06 13:39:39.701005',NULL);
INSERT INTO "spree_assets" VALUES(1011,97292824,240,240,48767,1,'Spree::Variant','image/png','ror_baseball_jersey_green.png','Spree::Image','2012-08-06 13:39:40.000620',NULL);
INSERT INTO "spree_assets" VALUES(1012,97292824,240,240,41223,2,'Spree::Variant','image/png','ror_baseball_jersey_back_green.png','Spree::Image','2012-08-06 13:39:40.384276',NULL);
INSERT INTO "spree_assets" VALUES(1013,265742438,240,240,48767,1,'Spree::Variant','image/png','ror_baseball_jersey_green.png','Spree::Image','2012-08-06 13:39:40.767574',NULL);
INSERT INTO "spree_assets" VALUES(1014,265742438,240,240,41223,2,'Spree::Variant','image/png','ror_baseball_jersey_back_green.png','Spree::Image','2012-08-06 13:39:41.159329',NULL);
INSERT INTO "spree_assets" VALUES(1015,1013589412,240,240,48836,1,'Spree::Variant','image/png','ror_baseball_jersey_blue.png','Spree::Image','2012-08-06 13:39:41.542721',NULL);
INSERT INTO "spree_assets" VALUES(1016,1013589412,240,240,40174,2,'Spree::Variant','image/png','ror_baseball_jersey_back_blue.png','Spree::Image','2012-08-06 13:39:42.257933',NULL);
INSERT INTO "spree_assets" VALUES(1017,664770399,240,240,48836,1,'Spree::Variant','image/png','ror_baseball_jersey_blue.png','Spree::Image','2012-08-06 13:39:42.592784',NULL);
INSERT INTO "spree_assets" VALUES(1018,664770399,240,240,40174,2,'Spree::Variant','image/png','ror_baseball_jersey_back_blue.png','Spree::Image','2012-08-06 13:39:42.985285',NULL);
INSERT INTO "spree_assets" VALUES(1019,405540681,240,240,48836,1,'Spree::Variant','image/png','ror_baseball_jersey_blue.png','Spree::Image','2012-08-06 13:39:43.373598',NULL);
INSERT INTO "spree_assets" VALUES(1020,405540681,240,240,40174,2,'Spree::Variant','image/png','ror_baseball_jersey_back_blue.png','Spree::Image','2012-08-06 13:39:43.766417',NULL);
INSERT INTO "spree_assets" VALUES(1021,568516732,240,240,47259,1,'Spree::Variant','image/png','ror_baseball_jersey_red.png','Spree::Image','2012-08-06 13:39:44.140425',NULL);
INSERT INTO "spree_assets" VALUES(1022,568516732,240,240,38513,2,'Spree::Variant','image/png','ror_baseball_jersey_back_red.png','Spree::Image','2012-08-06 13:39:44.524166',NULL);
INSERT INTO "spree_assets" VALUES(1023,947339321,240,240,47259,1,'Spree::Variant','image/png','ror_baseball_jersey_red.png','Spree::Image','2012-08-06 13:39:44.915773',NULL);
INSERT INTO "spree_assets" VALUES(1024,947339321,240,240,38513,2,'Spree::Variant','image/png','ror_baseball_jersey_back_red.png','Spree::Image','2012-08-06 13:39:45.299215',NULL);
INSERT INTO "spree_assets" VALUES(1025,325821322,240,240,47259,1,'Spree::Variant','image/png','ror_baseball_jersey_red.png','Spree::Image','2012-08-06 13:39:45.773699',NULL);
INSERT INTO "spree_assets" VALUES(1026,325821322,240,240,38513,2,'Spree::Variant','image/png','ror_baseball_jersey_back_red.png','Spree::Image','2012-08-06 13:39:46.156956',NULL);
INSERT INTO "spree_assets" VALUES(1027,833839126,480,480,42584,1,'Spree::Variant','image/jpeg','spree_bag.jpeg','Spree::Image','2012-08-06 13:39:46.467190',NULL);
INSERT INTO "spree_assets" VALUES(1028,438855057,480,480,47395,1,'Spree::Variant','image/jpeg','spree_tote_front.jpeg','Spree::Image','2012-08-06 13:39:46.864892',NULL);
INSERT INTO "spree_assets" VALUES(1029,438855057,480,480,19062,2,'Spree::Variant','image/jpeg','spree_tote_back.jpeg','Spree::Image','2012-08-06 13:39:47.248993',NULL);
INSERT INTO "spree_assets" VALUES(1030,954827632,480,480,21041,1,'Spree::Variant','image/jpeg','spree_ringer_t.jpeg','Spree::Image','2012-08-06 13:39:47.641608',NULL);
INSERT INTO "spree_assets" VALUES(1031,954827632,480,480,12907,2,'Spree::Variant','image/jpeg','spree_ringer_t_back.jpeg','Spree::Image','2012-08-06 13:39:48.035093',NULL);
INSERT INTO "spree_assets" VALUES(1032,78660486,480,480,8211,1,'Spree::Variant','image/jpeg','spree_spaghetti.jpeg','Spree::Image','2012-08-06 13:39:48.351465',NULL);
INSERT INTO "spree_assets" VALUES(1033,1001480408,480,480,14943,1,'Spree::Variant','image/jpeg','spree_stein.jpeg','Spree::Image','2012-08-06 13:39:48.641065',NULL);
INSERT INTO "spree_assets" VALUES(1034,1001480408,480,480,14608,2,'Spree::Variant','image/jpeg','spree_stein_back.jpeg','Spree::Image','2012-08-06 13:39:49.028352',NULL);
INSERT INTO "spree_assets" VALUES(1035,748173072,240,240,4695,1,'Spree::Variant','image/jpeg','spree_mug.jpeg','Spree::Image','2012-08-06 13:39:49.418894',NULL);
INSERT INTO "spree_assets" VALUES(1036,748173072,240,240,4952,2,'Spree::Variant','image/jpeg','spree_mug_back.jpeg','Spree::Image','2012-08-06 13:39:49.674011',NULL);
INSERT INTO "spree_assets" VALUES(1037,726086391,480,480,19805,1,'Spree::Variant','image/jpeg','spree_jersey.jpeg','Spree::Image','2012-08-06 13:39:49.935150',NULL);
INSERT INTO "spree_assets" VALUES(1038,726086391,480,480,19819,2,'Spree::Variant','image/jpeg','spree_jersey_back.jpeg','Spree::Image','2012-08-06 13:39:50.333320',NULL);
INSERT INTO "spree_assets" VALUES(1039,1013589414,1000,1000,69074,1,'Spree::Variant','image/jpeg','Large_754611993b6c6f6d29920b7845f526bf.jpeg','Spree::Image','2012-08-06 15:04:28.434510','');
INSERT INTO "spree_assets" VALUES(1040,1013589415,1000,1000,63105,1,'Spree::Variant','image/jpeg','Large_e3bb93456829aa39947a02e16d974475.jpeg','Spree::Image','2012-08-06 15:10:50.402363','');
INSERT INTO "spree_assets" VALUES(1042,1013589416,1000,1000,91251,1,'Spree::Variant','image/jpeg','Large_cea3646e7f8dd77b820d7ab08c84e086.jpeg','Spree::Image','2012-08-06 15:15:18.826622','');
INSERT INTO "spree_assets" VALUES(1043,1013589417,181,231,7132,1,'Spree::Variant','image/jpeg','kurta1.jpg','Spree::Image','2012-08-10 11:19:32.393582','');
INSERT INTO "spree_assets" VALUES(1044,1013589422,181,231,9697,1,'Spree::Variant','image/jpeg','kurta.jpg','Spree::Image','2012-08-10 11:24:30.511089','');
INSERT INTO "spree_assets" VALUES(1045,1013589424,1000,1000,95083,1,'Spree::Variant','image/jpeg','Large_a09be9d0cf3b120d143f6194e3d6b478.jpeg','Spree::Image','2012-08-06 16:16:24.475773','');
INSERT INTO "spree_assets" VALUES(1046,1013589426,1000,1000,215842,1,'Spree::Variant','image/jpeg','31Mar12-28679899RED_L1_290412.jpeg','Spree::Image','2012-08-06 16:21:42.744275','');
INSERT INTO "spree_assets" VALUES(1047,1013589428,454,600,128277,1,'Spree::Variant','image/jpeg','xa8e7Kebabs-and-Tikkis.jpg.pagespeed.ic.dE1yrykhca.jpeg','Spree::Image','2012-08-06 16:59:02.567935','');
INSERT INTO "spree_assets" VALUES(1048,1013589429,220,220,11503,1,'Spree::Variant','image/jpeg','apron.jpg','Spree::Image','2012-08-10 11:55:25.047974','');
INSERT INTO "spree_assets" VALUES(1049,1013589430,453,700,70277,1,'Spree::Variant','image/jpeg','steve-jobs-the-exclusive-biography-700x700-imad8u3phcmwwkrq.jpeg','Spree::Image','2012-08-06 17:04:23.690230','');
INSERT INTO "spree_assets" VALUES(1050,1013589434,176,255,6275,1,'Spree::Variant','image/jpeg','Ring.jpg','Spree::Image','2012-08-10 13:08:09.470627','');
INSERT INTO "spree_assets" VALUES(1051,1013589435,180,240,3038,1,'Spree::Variant','image/jpeg','Cap.jpg','Spree::Image','2012-08-16 12:08:58.809394','');
INSERT INTO "spree_assets" VALUES(1052,1013589441,180,240,5524,1,'Spree::Variant','image/jpeg','tee.jpg','Spree::Image','2012-08-16 12:19:57.082001','');
INSERT INTO "spree_assets" VALUES(1053,1013589442,180,240,5524,1,'Spree::Variant','image/jpeg','tee.jpg','Spree::Image','2012-08-16 12:23:24.403210','');
INSERT INTO "spree_assets" VALUES(1054,1013589446,500,500,18493,1,'Spree::Variant','image/jpeg','41KKXLS6AmL._SS500_.jpeg','Spree::Image','2012-08-20 15:19:43.107359','');
INSERT INTO "spree_assets" VALUES(1055,1013589447,1080,1440,42140,1,'Spree::Variant','image/jpeg','Nike-Men-Black-T-shirt_73bcf49fbf8c98f93d11405efc8c7341_images_1080_1440_mini.jpeg','Spree::Image','2012-08-20 15:23:32.722516','');
INSERT INTO "spree_assets" VALUES(1056,1013589448,1080,1440,73259,1,'Spree::Variant','image/jpeg','71cbd397b6606066c637c81ca4dc91ab_images_1080_1440_mini.jpeg','Spree::Image','2012-08-20 15:24:47.232088','');
INSERT INTO "spree_assets" VALUES(1057,1013589449,1080,1440,85962,1,'Spree::Variant','image/jpeg','97532c0ebcfc0c17d6a2b93f074a0641_images_1080_1440_mini.jpeg','Spree::Image','2012-08-20 15:27:40.851976','');
CREATE TABLE "spree_tax_rates" ("id" INTEGER PRIMARY KEY AUTOINCREMENT NOT NULL, "amount" decimal(8,5), "zone_id" integer, "tax_category_id" integer, "created_at" datetime NOT NULL, "updated_at" datetime NOT NULL, "included_in_price" boolean DEFAULT 'f');
INSERT INTO "spree_tax_rates" VALUES(967941380,0.05,2,25484906,'2012-08-06 13:37:41','2012-08-06 13:37:41','f');
CREATE TABLE "spree_tokenized_permissions" ("id" INTEGER PRIMARY KEY AUTOINCREMENT NOT NULL, "permissable_id" integer, "permissable_type" varchar(255), "token" varchar(255), "created_at" datetime NOT NULL, "updated_at" datetime NOT NULL);
INSERT INTO "spree_tokenized_permissions" VALUES(1,1069267030,'Spree::Order','42f11100e0972240','2012-08-06 15:20:10.245044','2012-08-06 15:20:10.245044');
INSERT INTO "spree_tokenized_permissions" VALUES(2,1069267031,'Spree::Order','32a3b0733a32f12c','2012-08-06 15:26:02.709515','2012-08-06 15:26:02.709515');
INSERT INTO "spree_tokenized_permissions" VALUES(3,1069267032,'Spree::Order','c77b01991a19dac4','2012-08-06 16:23:03.611094','2012-08-06 16:23:03.611094');
INSERT INTO "spree_tokenized_permissions" VALUES(4,1069267033,'Spree::Order','73c1776a043c05d2','2012-08-07 15:15:28.801590','2012-08-07 15:15:28.801590');
INSERT INTO "spree_tokenized_permissions" VALUES(5,1069267034,'Spree::Order','8b99ec37065bd8d5','2012-08-13 12:23:08.268221','2012-08-13 12:23:08.268221');
INSERT INTO "spree_tokenized_permissions" VALUES(6,1069267035,'Spree::Order','3cc9911802514549','2012-08-13 13:10:58.293787','2012-08-13 13:10:58.293787');
CREATE TABLE "spree_users" ("id" INTEGER PRIMARY KEY AUTOINCREMENT NOT NULL, "encrypted_password" varchar(128), "password_salt" varchar(128), "email" varchar(255), "remember_token" varchar(255), "persistence_token" varchar(255), "reset_password_token" varchar(255), "perishable_token" varchar(255), "sign_in_count" integer DEFAULT 0 NOT NULL, "failed_attempts" integer DEFAULT 0 NOT NULL, "last_request_at" datetime, "current_sign_in_at" datetime, "last_sign_in_at" datetime, "current_sign_in_ip" varchar(255), "last_sign_in_ip" varchar(255), "login" varchar(255), "ship_address_id" integer, "bill_address_id" integer, "created_at" datetime NOT NULL, "updated_at" datetime NOT NULL, "authentication_token" varchar(255), "unlock_token" varchar(255), "locked_at" datetime, "remember_created_at" datetime, "reset_password_sent_at" datetime, "api_key" varchar(48));
INSERT INTO "spree_users" VALUES(1,'51b6e1136ba2cd18ce46a3a1b30b2298ca3647a7f1553262a5840788b0a8ca65e1c9b28acac25ebd3a5e7c9544efb8f0421a4ce30663e426f9c842f0e8e35741','wsi9Yy49uYd4X2SKoBp5','spree@thoughtworks.com','4kHdDyAqONJ6aM9nvIwK',NULL,NULL,NULL,14,0,NULL,'2012-08-20 11:45:53.375102','2012-08-17 11:02:14.534012','10.4.5.66','10.4.4.199','ssriniva@thoughtworks.com',NULL,NULL,'2012-08-06 13:37:27.767622','2012-08-20 11:45:53.377670',NULL,NULL,NULL,'2012-08-16 12:07:01.334905',NULL,NULL);
INSERT INTO "spree_users" VALUES(14035331,NULL,NULL,'anika@stark.name',NULL,NULL,NULL,NULL,0,0,NULL,NULL,NULL,NULL,NULL,NULL,144271260,1009963300,'2012-08-06 13:37:41','2012-08-06 13:37:41',NULL,NULL,NULL,NULL,NULL,NULL);
INSERT INTO "spree_users" VALUES(21772151,NULL,NULL,'concepcion@kovacek.info',NULL,NULL,NULL,NULL,0,0,NULL,NULL,NULL,NULL,NULL,NULL,151222638,1034473426,'2012-08-06 13:37:41','2012-08-06 13:37:41',NULL,NULL,NULL,NULL,NULL,NULL);
INSERT INTO "spree_users" VALUES(22960014,NULL,NULL,'brown_bauch@williamsonsawayn.info',NULL,NULL,NULL,NULL,0,0,NULL,NULL,NULL,NULL,NULL,NULL,152115607,1035644717,'2012-08-06 13:37:41','2012-08-06 13:37:41',NULL,NULL,NULL,NULL,NULL,NULL);
INSERT INTO "spree_users" VALUES(28020570,NULL,NULL,'fernando@johnson.co.uk',NULL,NULL,NULL,NULL,0,0,NULL,NULL,NULL,NULL,NULL,NULL,165986627,1028618237,'2012-08-06 13:37:41','2012-08-06 13:37:41',NULL,NULL,NULL,NULL,NULL,NULL);
INSERT INTO "spree_users" VALUES(28962723,NULL,NULL,'camden@bartellcasper.us',NULL,NULL,NULL,NULL,0,0,NULL,NULL,NULL,NULL,NULL,NULL,167158202,1029510922,'2012-08-06 13:37:41','2012-08-06 13:37:41',NULL,NULL,NULL,NULL,NULL,NULL);
INSERT INTO "spree_users" VALUES(50512260,NULL,NULL,'nathaniel@mclaughlinrunolfsdottir.biz',NULL,NULL,NULL,NULL,0,0,NULL,NULL,NULL,NULL,NULL,NULL,189632411,1072052521,'2012-08-06 13:37:41','2012-08-06 13:37:41',NULL,NULL,NULL,NULL,NULL,NULL);
INSERT INTO "spree_users" VALUES(51421563,NULL,NULL,'miles.dibbert@mclaughlin.com',NULL,NULL,NULL,NULL,0,0,NULL,NULL,NULL,NULL,NULL,NULL,190836580,1072978396,'2012-08-06 13:37:41','2012-08-06 13:37:41',NULL,NULL,NULL,NULL,NULL,NULL);
INSERT INTO "spree_users" VALUES(74384795,NULL,NULL,'sarina@manteharber.name',NULL,NULL,NULL,NULL,0,0,NULL,NULL,NULL,NULL,NULL,NULL,203443076,948698432,'2012-08-06 13:37:41','2012-08-06 13:37:41',NULL,NULL,NULL,NULL,NULL,NULL);
INSERT INTO "spree_users" VALUES(75326820,NULL,NULL,'demarcus.green@thiel.uk',NULL,NULL,NULL,NULL,0,0,NULL,NULL,NULL,NULL,NULL,NULL,204614523,949591493,'2012-08-06 13:37:41','2012-08-06 13:37:41',NULL,NULL,NULL,NULL,NULL,NULL);
INSERT INTO "spree_users" VALUES(99056534,NULL,NULL,'jaylin.skiles@oconnell.us',NULL,NULL,NULL,NULL,0,0,NULL,NULL,NULL,NULL,NULL,NULL,229127567,956531505,'2012-08-06 13:37:41','2012-08-06 13:37:41',NULL,NULL,NULL,NULL,NULL,NULL);
INSERT INTO "spree_users" VALUES(102888302,NULL,NULL,'wilhelmine_rolfson@millsmclaughlin.ca',NULL,NULL,NULL,NULL,0,0,NULL,NULL,NULL,NULL,NULL,NULL,242138487,985992137,'2012-08-06 13:37:41','2012-08-06 13:37:41',NULL,NULL,NULL,NULL,NULL,NULL);
INSERT INTO "spree_users" VALUES(104043415,NULL,NULL,'friedrich@rodriguezkessler.com',NULL,NULL,NULL,NULL,0,0,NULL,NULL,NULL,NULL,NULL,NULL,243064206,987196214,'2012-08-06 13:37:41','2012-08-06 13:37:41',NULL,NULL,NULL,NULL,NULL,NULL);
INSERT INTO "spree_users" VALUES(113658691,NULL,NULL,'philip@brekke.ca',NULL,NULL,NULL,NULL,0,0,NULL,NULL,NULL,NULL,NULL,NULL,243860826,975352806,'2012-08-06 13:37:41','2012-08-06 13:37:41',NULL,NULL,NULL,NULL,NULL,NULL);
INSERT INTO "spree_users" VALUES(114568122,NULL,NULL,'mitchell_runolfsdottir@kuhn.co.uk',NULL,NULL,NULL,NULL,0,0,NULL,NULL,NULL,NULL,NULL,NULL,245065123,976278305,'2012-08-06 13:37:41','2012-08-06 13:37:41',NULL,NULL,NULL,NULL,NULL,NULL);
INSERT INTO "spree_users" VALUES(135242632,NULL,NULL,'haylie@raynorbauch.us',NULL,NULL,NULL,NULL,0,0,NULL,NULL,NULL,NULL,NULL,NULL,4255125,887839535,'2012-08-06 13:37:41','2012-08-06 13:37:41',NULL,NULL,NULL,NULL,NULL,NULL);
INSERT INTO "spree_users" VALUES(140587364,NULL,NULL,'alessia@hettingerreynolds.ca',NULL,NULL,NULL,NULL,0,0,NULL,NULL,NULL,NULL,NULL,NULL,42776516,421966440,'2012-08-06 13:37:41','2012-08-06 13:37:41',NULL,NULL,NULL,NULL,NULL,NULL);
INSERT INTO "spree_users" VALUES(157312430,NULL,NULL,'cassie@schusterwest.us',NULL,NULL,NULL,NULL,0,0,NULL,NULL,NULL,NULL,NULL,NULL,19868593,897883407,'2012-08-06 13:37:41','2012-08-06 13:37:41',NULL,NULL,NULL,NULL,NULL,NULL);
INSERT INTO "spree_users" VALUES(172816471,NULL,NULL,'hugh_prohaska@graham.biz',NULL,NULL,NULL,NULL,0,0,NULL,NULL,NULL,NULL,NULL,NULL,223872400,389816337,'2012-08-06 13:37:41','2012-08-06 13:37:41',NULL,NULL,NULL,NULL,NULL,NULL);
INSERT INTO "spree_users" VALUES(178711894,NULL,NULL,'krystel_roob@quigley.com',NULL,NULL,NULL,NULL,0,0,NULL,NULL,NULL,NULL,NULL,NULL,48866121,910300663,'2012-08-06 13:37:41','2012-08-06 13:37:41',NULL,NULL,NULL,NULL,NULL,NULL);
INSERT INTO "spree_users" VALUES(187601757,NULL,NULL,'laverna_ondricka@collins.name',NULL,NULL,NULL,NULL,0,0,NULL,NULL,NULL,NULL,NULL,NULL,56745288,936012796,'2012-08-06 13:37:41','2012-08-06 13:37:41',NULL,NULL,NULL,NULL,NULL,NULL);
INSERT INTO "spree_users" VALUES(188543912,NULL,NULL,'drew@harvey.us',NULL,NULL,NULL,NULL,0,0,NULL,NULL,NULL,NULL,NULL,NULL,57916861,936905475,'2012-08-06 13:37:41','2012-08-06 13:37:41',NULL,NULL,NULL,NULL,NULL,NULL);
INSERT INTO "spree_users" VALUES(205739844,NULL,NULL,'annamarie_okeefe@kertzmann.us',NULL,NULL,NULL,NULL,0,0,NULL,NULL,NULL,NULL,NULL,NULL,67901793,816295907,'2012-08-06 13:37:41','2012-08-06 13:37:41',NULL,NULL,NULL,NULL,NULL,NULL);
INSERT INTO "spree_users" VALUES(206649281,NULL,NULL,'kyla@mccluredamore.ca',NULL,NULL,NULL,NULL,0,0,NULL,NULL,NULL,NULL,NULL,NULL,69106084,817221404,'2012-08-06 13:37:41','2012-08-06 13:37:41',NULL,NULL,NULL,NULL,NULL,NULL);
INSERT INTO "spree_users" VALUES(220281934,NULL,NULL,'tina@bradtke.uk',NULL,NULL,NULL,NULL,0,0,NULL,NULL,NULL,NULL,NULL,NULL,171295127,273802266,'2012-08-06 13:37:41','2012-08-06 13:37:41',NULL,NULL,NULL,NULL,NULL,NULL);
INSERT INTO "spree_users" VALUES(235774389,NULL,NULL,'zora@daniel.name',NULL,NULL,NULL,NULL,0,0,NULL,NULL,NULL,NULL,NULL,NULL,105050026,854153494,'2012-08-06 13:37:41','2012-08-06 13:37:41',NULL,NULL,NULL,NULL,NULL,NULL);
INSERT INTO "spree_users" VALUES(261603145,NULL,NULL,'ryann_mitchell@jacobi.co.uk',NULL,NULL,NULL,NULL,0,0,NULL,NULL,NULL,NULL,NULL,NULL,131658076,863193060,'2012-08-06 13:37:41','2012-08-06 13:37:41',NULL,NULL,NULL,NULL,NULL,NULL);
INSERT INTO "spree_users" VALUES(275330066,NULL,NULL,'bennie@reichertlind.info',NULL,NULL,NULL,NULL,0,0,NULL,NULL,NULL,NULL,NULL,NULL,405174797,747490487,'2012-08-06 13:37:41','2012-08-06 13:37:41',NULL,NULL,NULL,NULL,NULL,NULL);
INSERT INTO "spree_users" VALUES(286560969,NULL,NULL,'araceli_ferry@grady.com',NULL,NULL,NULL,NULL,0,0,NULL,NULL,NULL,NULL,NULL,NULL,425450708,770730608,'2012-08-06 13:37:41','2012-08-06 13:37:41',NULL,NULL,NULL,NULL,NULL,NULL);
INSERT INTO "spree_users" VALUES(304595689,NULL,NULL,'kristopher_mueller@walshvandervort.name',NULL,NULL,NULL,NULL,0,0,NULL,NULL,NULL,NULL,NULL,NULL,443059452,784546372,'2012-08-06 13:37:41','2012-08-06 13:37:41',NULL,NULL,NULL,NULL,NULL,NULL);
INSERT INTO "spree_users" VALUES(305504796,NULL,NULL,'ahmed_donnelly@strosin.info',NULL,NULL,NULL,NULL,0,0,NULL,NULL,NULL,NULL,NULL,NULL,444263433,785472187,'2012-08-06 13:37:41','2012-08-06 13:37:41',NULL,NULL,NULL,NULL,NULL,NULL);
INSERT INTO "spree_users" VALUES(323332591,NULL,NULL,'mabelle_carter@wuckert.com',NULL,NULL,NULL,NULL,0,0,NULL,NULL,NULL,NULL,NULL,NULL,340874296,238383541,'2012-08-06 13:37:41','2012-08-06 13:37:41',NULL,NULL,NULL,NULL,NULL,NULL);
INSERT INTO "spree_users" VALUES(331209749,NULL,NULL,'annabell@senger.us',NULL,NULL,NULL,NULL,0,0,NULL,NULL,NULL,NULL,NULL,NULL,468881930,794371254,'2012-08-06 13:37:41','2012-08-06 13:37:41',NULL,NULL,NULL,NULL,NULL,NULL);
INSERT INTO "spree_users" VALUES(357172992,NULL,NULL,'dawson@graham.name',NULL,NULL,NULL,NULL,0,0,NULL,NULL,NULL,NULL,NULL,NULL,486885605,699334235,'2012-08-06 13:37:41','2012-08-06 13:37:41',NULL,NULL,NULL,NULL,NULL,NULL);
INSERT INTO "spree_users" VALUES(358114821,NULL,NULL,'octavia_bradtke@altenwerth.ca',NULL,NULL,NULL,NULL,0,0,NULL,NULL,NULL,NULL,NULL,NULL,488056864,700227236,'2012-08-06 13:37:41','2012-08-06 13:37:41',NULL,NULL,NULL,NULL,NULL,NULL);
INSERT INTO "spree_users" VALUES(378310152,NULL,NULL,'norbert@franecki.uk',NULL,NULL,NULL,NULL,0,0,NULL,NULL,NULL,NULL,NULL,NULL,516145181,711489187,'2012-08-06 13:37:41','2012-08-06 13:37:41',NULL,NULL,NULL,NULL,NULL,NULL);
INSERT INTO "spree_users" VALUES(386199561,NULL,NULL,'irwin@conroy.co.uk',NULL,NULL,NULL,NULL,0,0,NULL,NULL,NULL,NULL,NULL,NULL,525057558,736102574,'2012-08-06 13:37:41','2012-08-06 13:37:41',NULL,NULL,NULL,NULL,NULL,NULL);
INSERT INTO "spree_users" VALUES(407201487,NULL,NULL,'ayana@monahanlang.com',NULL,NULL,NULL,NULL,0,0,NULL,NULL,NULL,NULL,NULL,NULL,269101270,614571630,'2012-08-06 13:37:41','2012-08-06 13:37:41',NULL,NULL,NULL,NULL,NULL,NULL);
INSERT INTO "spree_users" VALUES(408356406,NULL,NULL,'margarita_vonrueden@stokesdietrich.name',NULL,NULL,NULL,NULL,0,0,NULL,NULL,NULL,NULL,NULL,NULL,270026799,615775889,'2012-08-06 13:37:41','2012-08-06 13:37:41',NULL,NULL,NULL,NULL,NULL,NULL);
INSERT INTO "spree_users" VALUES(413327074,NULL,NULL,'elyse@will.name',NULL,NULL,NULL,NULL,0,0,NULL,NULL,NULL,NULL,NULL,NULL,284004603,608577097,'2012-08-06 13:37:41','2012-08-06 13:37:41',NULL,NULL,NULL,NULL,NULL,NULL);
INSERT INTO "spree_users" VALUES(414236187,NULL,NULL,'alec@mccullough.ca',NULL,NULL,NULL,NULL,0,0,NULL,NULL,NULL,NULL,NULL,NULL,285208578,609502910,'2012-08-06 13:37:41','2012-08-06 13:37:41',NULL,NULL,NULL,NULL,NULL,NULL);
INSERT INTO "spree_users" VALUES(436965436,NULL,NULL,'roselyn@stromanraynor.biz',NULL,NULL,NULL,NULL,0,0,NULL,NULL,NULL,NULL,NULL,NULL,306503203,653224093,'2012-08-06 13:37:41','2012-08-06 13:37:41',NULL,NULL,NULL,NULL,NULL,NULL);
INSERT INTO "spree_users" VALUES(437907651,NULL,NULL,'hildegard.rice@emard.us',NULL,NULL,NULL,NULL,0,0,NULL,NULL,NULL,NULL,NULL,NULL,307674844,654116968,'2012-08-06 13:37:41','2012-08-06 13:37:41',NULL,NULL,NULL,NULL,NULL,NULL);
INSERT INTO "spree_users" VALUES(452191684,NULL,NULL,'imelda.bernhard@swaniawskistiedemann.name',NULL,NULL,NULL,NULL,0,0,NULL,NULL,NULL,NULL,NULL,NULL,501684253,126041504,'2012-08-06 13:37:41','2012-08-06 13:37:41',NULL,NULL,NULL,NULL,NULL,NULL);
INSERT INTO "spree_users" VALUES(486296279,NULL,NULL,'baron.grant@ritchie.com',NULL,NULL,NULL,NULL,0,0,NULL,NULL,NULL,NULL,NULL,NULL,347276494,538489458,'2012-08-06 13:37:41','2012-08-06 13:37:41',NULL,NULL,NULL,NULL,NULL,NULL);
INSERT INTO "spree_users" VALUES(493245475,NULL,NULL,'jeanne@koch.us',NULL,NULL,NULL,NULL,0,0,NULL,NULL,NULL,NULL,NULL,NULL,355015228,562211972,'2012-08-06 13:37:41','2012-08-06 13:37:41',NULL,NULL,NULL,NULL,NULL,NULL);
INSERT INTO "spree_users" VALUES(494154972,NULL,NULL,'jerome@hyattharvey.info',NULL,NULL,NULL,NULL,0,0,NULL,NULL,NULL,NULL,NULL,NULL,356219587,563137665,'2012-08-06 13:37:41','2012-08-06 13:37:41',NULL,NULL,NULL,NULL,NULL,NULL);
INSERT INTO "spree_users" VALUES(522756822,NULL,NULL,'lizzie@ratkehartmann.us',NULL,NULL,NULL,NULL,0,0,NULL,NULL,NULL,NULL,NULL,NULL,392686799,600595061,'2012-08-06 13:37:41','2012-08-06 13:37:41',NULL,NULL,NULL,NULL,NULL,NULL);
INSERT INTO "spree_users" VALUES(523944495,NULL,NULL,'neil@dicki.co.uk',NULL,NULL,NULL,NULL,0,0,NULL,NULL,NULL,NULL,NULL,NULL,393579574,601766538,'2012-08-06 13:37:41','2012-08-06 13:37:41',NULL,NULL,NULL,NULL,NULL,NULL);
INSERT INTO "spree_users" VALUES(533666555,NULL,NULL,'solon.dietrich@pollich.co.uk',NULL,NULL,NULL,NULL,0,0,NULL,NULL,NULL,NULL,NULL,NULL,394286306,590078562,'2012-08-06 13:37:41','2012-08-06 13:37:41',NULL,NULL,NULL,NULL,NULL,NULL);
INSERT INTO "spree_users" VALUES(534608386,NULL,NULL,'connor@nolanschaden.biz',NULL,NULL,NULL,NULL,0,0,NULL,NULL,NULL,NULL,NULL,NULL,395457563,590971557,'2012-08-06 13:37:41','2012-08-06 13:37:41',NULL,NULL,NULL,NULL,NULL,NULL);
INSERT INTO "spree_users" VALUES(537116830,NULL,NULL,'alta@blick.info',NULL,NULL,NULL,NULL,0,0,NULL,NULL,NULL,NULL,NULL,NULL,676105863,484915261,'2012-08-06 13:37:41','2012-08-06 13:37:41',NULL,NULL,NULL,NULL,NULL,NULL);
INSERT INTO "spree_users" VALUES(562806419,NULL,NULL,'georgianna@boehm.co.uk',NULL,NULL,NULL,NULL,0,0,NULL,NULL,NULL,NULL,NULL,NULL,700772492,493831732,'2012-08-06 13:37:41','2012-08-06 13:37:41',NULL,NULL,NULL,NULL,NULL,NULL);
INSERT INTO "spree_users" VALUES(575485547,NULL,NULL,'avery@stoltenberg.co.uk',NULL,NULL,NULL,NULL,0,0,NULL,NULL,NULL,NULL,NULL,NULL,704804980,514445004,'2012-08-06 13:37:41','2012-08-06 13:37:41',NULL,NULL,NULL,NULL,NULL,NULL);
INSERT INTO "spree_users" VALUES(576673428,NULL,NULL,'genoveva.pfeffer@altenwerth.co.uk',NULL,NULL,NULL,NULL,0,0,NULL,NULL,NULL,NULL,NULL,NULL,705697931,515616313,'2012-08-06 13:37:41','2012-08-06 13:37:41',NULL,NULL,NULL,NULL,NULL,NULL);
INSERT INTO "spree_users" VALUES(590306657,NULL,NULL,'violet@lehnerbechtelar.us',NULL,NULL,NULL,NULL,0,0,NULL,NULL,NULL,NULL,NULL,NULL,607887544,1046447419,'2012-08-06 13:37:41','2012-08-06 13:37:41',NULL,NULL,NULL,NULL,NULL,NULL);
INSERT INTO "spree_users" VALUES(608344442,NULL,NULL,'pansy@mcclurechristiansen.co.uk',NULL,NULL,NULL,NULL,0,0,NULL,NULL,NULL,NULL,NULL,NULL,592864417,959594786,'2012-08-06 13:37:41','2012-08-06 13:37:41',NULL,NULL,NULL,NULL,NULL,NULL);
INSERT INTO "spree_users" VALUES(616230022,NULL,NULL,'alyce.fadel@gutkowski.info',NULL,NULL,NULL,NULL,0,0,NULL,NULL,NULL,NULL,NULL,NULL,754295455,408818721,'2012-08-06 13:37:41','2012-08-06 13:37:41',NULL,NULL,NULL,NULL,NULL,NULL);
INSERT INTO "spree_users" VALUES(622916212,NULL,NULL,'esta@runte.co.uk',NULL,NULL,NULL,NULL,0,0,NULL,NULL,NULL,NULL,NULL,NULL,762297451,432278229,'2012-08-06 13:37:41','2012-08-06 13:37:41',NULL,NULL,NULL,NULL,NULL,NULL);
INSERT INTO "spree_users" VALUES(624071307,NULL,NULL,'maggie@ernser.name',NULL,NULL,NULL,NULL,0,0,NULL,NULL,NULL,NULL,NULL,NULL,763223188,433482288,'2012-08-06 13:37:41','2012-08-06 13:37:41',NULL,NULL,NULL,NULL,NULL,NULL);
INSERT INTO "spree_users" VALUES(638820960,NULL,NULL,'anthony_kerluke@bechtelar.com',NULL,NULL,NULL,NULL,0,0,NULL,NULL,NULL,NULL,NULL,NULL,777841735,452418301,'2012-08-06 13:37:41','2012-08-06 13:37:41',NULL,NULL,NULL,NULL,NULL,NULL);
INSERT INTO "spree_users" VALUES(661521543,NULL,NULL,'chasity.lowe@emard.co.uk',NULL,NULL,NULL,NULL,0,0,NULL,NULL,NULL,NULL,NULL,NULL,790710942,462093350,'2012-08-06 13:37:41','2012-08-06 13:37:41',NULL,NULL,NULL,NULL,NULL,NULL);
INSERT INTO "spree_users" VALUES(674206273,NULL,NULL,'brent.luettgen@rogahnledner.us',NULL,NULL,NULL,NULL,0,0,NULL,NULL,NULL,NULL,NULL,NULL,543218782,348875494,'2012-08-06 13:37:41','2012-08-06 13:37:41',NULL,NULL,NULL,NULL,NULL,NULL);
INSERT INTO "spree_users" VALUES(675148478,NULL,NULL,'gladys.stehr@nitzschebernier.biz',NULL,NULL,NULL,NULL,0,0,NULL,NULL,NULL,NULL,NULL,NULL,544390305,349768223,'2012-08-06 13:37:41','2012-08-06 13:37:41',NULL,NULL,NULL,NULL,NULL,NULL);
INSERT INTO "spree_users" VALUES(684206702,NULL,NULL,'matilda.hirthe@witting.uk',NULL,NULL,NULL,NULL,0,0,NULL,NULL,NULL,NULL,NULL,NULL,545743993,338481867,'2012-08-06 13:37:41','2012-08-06 13:37:41',NULL,NULL,NULL,NULL,NULL,NULL);
INSERT INTO "spree_users" VALUES(685394585,NULL,NULL,'rickey_considine@kesslerbins.us',NULL,NULL,NULL,NULL,0,0,NULL,NULL,NULL,NULL,NULL,NULL,546636942,339653170,'2012-08-06 13:37:41','2012-08-06 13:37:41',NULL,NULL,NULL,NULL,NULL,NULL);
INSERT INTO "spree_users" VALUES(711025848,NULL,NULL,'shannon@krajcikflatley.uk',NULL,NULL,NULL,NULL,0,0,NULL,NULL,NULL,NULL,NULL,NULL,573450925,377854995,'2012-08-06 13:37:41','2012-08-06 13:37:41',NULL,NULL,NULL,NULL,NULL,NULL);
INSERT INTO "spree_users" VALUES(712180813,NULL,NULL,'vella_oberbrunner@blandaprice.biz',NULL,NULL,NULL,NULL,0,0,NULL,NULL,NULL,NULL,NULL,NULL,574376536,379059436,'2012-08-06 13:37:41','2012-08-06 13:37:41',NULL,NULL,NULL,NULL,NULL,NULL);
INSERT INTO "spree_users" VALUES(737901126,NULL,NULL,'garth_connelly@hauck.info',NULL,NULL,NULL,NULL,0,0,NULL,NULL,NULL,NULL,NULL,NULL,599012441,387941095,'2012-08-06 13:37:41','2012-08-06 13:37:41',NULL,NULL,NULL,NULL,NULL,NULL);
INSERT INTO "spree_users" VALUES(755802289,NULL,NULL,'emile_raynor@funkkemmer.com',NULL,NULL,NULL,NULL,0,0,NULL,NULL,NULL,NULL,NULL,NULL,625209012,300439564,'2012-08-06 13:37:41','2012-08-06 13:37:41',NULL,NULL,NULL,NULL,NULL,NULL);
INSERT INTO "spree_users" VALUES(756990036,NULL,NULL,'ewald.roob@abshire.ca',NULL,NULL,NULL,NULL,0,0,NULL,NULL,NULL,NULL,NULL,NULL,626101841,301611251,'2012-08-06 13:37:41','2012-08-06 13:37:41',NULL,NULL,NULL,NULL,NULL,NULL);
INSERT INTO "spree_users" VALUES(771020115,NULL,NULL,'paolo.miller@parisiankshlerin.uk',NULL,NULL,NULL,NULL,0,0,NULL,NULL,NULL,NULL,NULL,NULL,719333514,813960457,'2012-08-06 13:37:41','2012-08-06 13:37:41',NULL,NULL,NULL,NULL,NULL,NULL);
INSERT INTO "spree_users" VALUES(792876634,NULL,NULL,'nathanial@koepp.info',NULL,NULL,NULL,NULL,0,0,NULL,NULL,NULL,NULL,NULL,NULL,655169605,329690879,'2012-08-06 13:37:41','2012-08-06 13:37:41',NULL,NULL,NULL,NULL,NULL,NULL);
INSERT INTO "spree_users" VALUES(793786021,NULL,NULL,'bianka@reichertruecker.name',NULL,NULL,NULL,NULL,0,0,NULL,NULL,NULL,NULL,NULL,NULL,656373946,330616326,'2012-08-06 13:37:41','2012-08-06 13:37:41',NULL,NULL,NULL,NULL,NULL,NULL);
INSERT INTO "spree_users" VALUES(799403637,NULL,NULL,'brannon.gerlach@rice.uk',NULL,NULL,NULL,NULL,0,0,NULL,NULL,NULL,NULL,NULL,NULL,669687922,323032786,'2012-08-06 13:37:41','2012-08-06 13:37:41',NULL,NULL,NULL,NULL,NULL,NULL);
INSERT INTO "spree_users" VALUES(800558738,NULL,NULL,'chadd@ernseranderson.info',NULL,NULL,NULL,NULL,0,0,NULL,NULL,NULL,NULL,NULL,NULL,670613653,324236843,'2012-08-06 13:37:41','2012-08-06 13:37:41',NULL,NULL,NULL,NULL,NULL,NULL);
INSERT INTO "spree_users" VALUES(824624125,NULL,NULL,'betsy@leannon.uk',NULL,NULL,NULL,NULL,0,0,NULL,NULL,NULL,NULL,NULL,NULL,963218914,230832990,'2012-08-06 13:37:41','2012-08-06 13:37:41',NULL,NULL,NULL,NULL,NULL,NULL);
INSERT INTO "spree_users" VALUES(825533186,NULL,NULL,'peyton@williamsonhoppe.us',NULL,NULL,NULL,NULL,0,0,NULL,NULL,NULL,NULL,NULL,NULL,964422941,231758759,'2012-08-06 13:37:41','2012-08-06 13:37:41',NULL,NULL,NULL,NULL,NULL,NULL);
INSERT INTO "spree_users" VALUES(834763738,NULL,NULL,'ricky.jacobson@hilpert.uk',NULL,NULL,NULL,NULL,0,0,NULL,NULL,NULL,NULL,NULL,NULL,965621197,220562291,'2012-08-06 13:37:41','2012-08-06 13:37:41',NULL,NULL,NULL,NULL,NULL,NULL);
INSERT INTO "spree_users" VALUES(835918637,NULL,NULL,'ena@gislason.uk',NULL,NULL,NULL,NULL,0,0,NULL,NULL,NULL,NULL,NULL,NULL,966546746,221766538,'2012-08-06 13:37:41','2012-08-06 13:37:41',NULL,NULL,NULL,NULL,NULL,NULL);
INSERT INTO "spree_users" VALUES(853560069,NULL,NULL,'markus@johnston.biz',NULL,NULL,NULL,NULL,0,0,NULL,NULL,NULL,NULL,NULL,NULL,984548634,235189158,'2012-08-06 13:37:41','2012-08-06 13:37:41',NULL,NULL,NULL,NULL,NULL,NULL);
INSERT INTO "spree_users" VALUES(862467340,NULL,NULL,'noemie@barton.us',NULL,NULL,NULL,NULL,0,0,NULL,NULL,NULL,NULL,NULL,NULL,992443161,260885931,'2012-08-06 13:37:41','2012-08-06 13:37:41',NULL,NULL,NULL,NULL,NULL,NULL);
INSERT INTO "spree_users" VALUES(863655417,NULL,NULL,'paxton.nolan@ruecker.info',NULL,NULL,NULL,NULL,0,0,NULL,NULL,NULL,NULL,NULL,NULL,993336300,262057300,'2012-08-06 13:37:41','2012-08-06 13:37:41',NULL,NULL,NULL,NULL,NULL,NULL);
INSERT INTO "spree_users" VALUES(872804629,NULL,NULL,'verlie@dooley.co.uk',NULL,NULL,NULL,NULL,0,0,NULL,NULL,NULL,NULL,NULL,NULL,1011531536,148965812,'2012-08-06 13:37:41','2012-08-06 13:37:41',NULL,NULL,NULL,NULL,NULL,NULL);
INSERT INTO "spree_users" VALUES(873959920,NULL,NULL,'jany.oga@harber.biz',NULL,NULL,NULL,NULL,0,0,NULL,NULL,NULL,NULL,NULL,NULL,1012457461,150169931,'2012-08-06 13:37:41','2012-08-06 13:37:41',NULL,NULL,NULL,NULL,NULL,NULL);
INSERT INTO "spree_users" VALUES(910886886,NULL,NULL,'nicolas_lowe@cremin.co.uk',NULL,NULL,NULL,NULL,0,0,NULL,NULL,NULL,NULL,NULL,NULL,1040468473,179306311,'2012-08-06 13:37:41','2012-08-06 13:37:41',NULL,NULL,NULL,NULL,NULL,NULL);
INSERT INTO "spree_users" VALUES(911828761,NULL,NULL,'johnathon@reichel.info',NULL,NULL,NULL,NULL,0,0,NULL,NULL,NULL,NULL,NULL,NULL,1041639686,180199358,'2012-08-06 13:37:41','2012-08-06 13:37:41',NULL,NULL,NULL,NULL,NULL,NULL);
INSERT INTO "spree_users" VALUES(917290961,NULL,NULL,'rahul.howell@mosciski.name',NULL,NULL,NULL,NULL,0,0,NULL,NULL,NULL,NULL,NULL,NULL,1055125974,172509034,'2012-08-06 13:37:41','2012-08-06 13:37:41',NULL,NULL,NULL,NULL,NULL,NULL);
INSERT INTO "spree_users" VALUES(918478646,NULL,NULL,'julian.gleason@tillman.us',NULL,NULL,NULL,NULL,0,0,NULL,NULL,NULL,NULL,NULL,NULL,1056018737,173680531,'2012-08-06 13:37:41','2012-08-06 13:37:41',NULL,NULL,NULL,NULL,NULL,NULL);
INSERT INTO "spree_users" VALUES(936450328,NULL,NULL,'casimir@okonabernathy.biz',NULL,NULL,NULL,NULL,0,0,NULL,NULL,NULL,NULL,NULL,NULL,1067341581,188080563,'2012-08-06 13:37:41','2012-08-06 13:37:41',NULL,NULL,NULL,NULL,NULL,NULL);
INSERT INTO "spree_users" VALUES(948998100,NULL,NULL,'vicky.lubowitz@fay.name',NULL,NULL,NULL,NULL,0,0,NULL,NULL,NULL,NULL,NULL,NULL,819970507,74741621,'2012-08-06 13:37:41','2012-08-06 13:37:41',NULL,NULL,NULL,NULL,NULL,NULL);
INSERT INTO "spree_users" VALUES(956993830,NULL,NULL,'donnie@armstrong.name',NULL,NULL,NULL,NULL,0,0,NULL,NULL,NULL,NULL,NULL,NULL,826662719,99510657,'2012-08-06 13:37:41','2012-08-06 13:37:41',NULL,NULL,NULL,NULL,NULL,NULL);
INSERT INTO "spree_users" VALUES(975572189,NULL,NULL,'jules.ohara@koelpinnitzsche.info',NULL,NULL,NULL,NULL,0,0,NULL,NULL,NULL,NULL,NULL,NULL,1026748676,660001923,'2012-08-06 13:37:41','2012-08-06 13:37:41',NULL,NULL,NULL,NULL,NULL,NULL);
INSERT INTO "spree_users" VALUES(994338771,NULL,NULL,'kim@volkman.us',NULL,NULL,NULL,NULL,0,0,NULL,NULL,NULL,NULL,NULL,NULL,856369612,127967096,'2012-08-06 13:37:41','2012-08-06 13:37:41',NULL,NULL,NULL,NULL,NULL,NULL);
INSERT INTO "spree_users" VALUES(995493676,NULL,NULL,'madaline.ziemann@wolf.info',NULL,NULL,NULL,NULL,0,0,NULL,NULL,NULL,NULL,NULL,NULL,857295155,129171341,'2012-08-06 13:37:41','2012-08-06 13:37:41',NULL,NULL,NULL,NULL,NULL,NULL);
INSERT INTO "spree_users" VALUES(1009361868,NULL,NULL,'stan_littel@terry.co.uk',NULL,NULL,NULL,NULL,0,0,NULL,NULL,NULL,NULL,NULL,NULL,879160787,13458289,'2012-08-06 13:37:41','2012-08-06 13:37:41',NULL,NULL,NULL,NULL,NULL,NULL);
INSERT INTO "spree_users" VALUES(1010549555,NULL,NULL,'lexi@quitzongutkowski.ca',NULL,NULL,NULL,NULL,0,0,NULL,NULL,NULL,NULL,NULL,NULL,880053548,14629780,'2012-08-06 13:37:41','2012-08-06 13:37:41',NULL,NULL,NULL,NULL,NULL,NULL);
INSERT INTO "spree_users" VALUES(1028376774,NULL,NULL,'armand.schumm@jacobi.co.uk',NULL,NULL,NULL,NULL,0,0,NULL,NULL,NULL,NULL,NULL,NULL,979318045,540741786,'2012-08-06 13:37:41','2012-08-06 13:37:41',NULL,NULL,NULL,NULL,NULL,NULL);
INSERT INTO "spree_users" VALUES(1034018247,NULL,NULL,'emmett_kuphal@farrellturcotte.com',NULL,NULL,NULL,NULL,0,0,NULL,NULL,NULL,NULL,NULL,NULL,904827870,21308770,'2012-08-06 13:37:41','2012-08-06 13:37:41',NULL,NULL,NULL,NULL,NULL,NULL);
INSERT INTO "spree_users" VALUES(1046959423,NULL,NULL,'alexandre.ullrich@ryanweimann.name',NULL,NULL,NULL,NULL,0,0,NULL,NULL,NULL,NULL,NULL,NULL,908598054,42184090,'2012-08-06 13:37:41','2012-08-06 13:37:41',NULL,NULL,NULL,NULL,NULL,NULL);
INSERT INTO "spree_users" VALUES(1057526559,NULL,NULL,'delmer@batz.ca',NULL,NULL,NULL,NULL,0,0,NULL,NULL,NULL,NULL,NULL,NULL,927456520,65825724,'2012-08-06 13:37:41','2012-08-06 13:37:41',NULL,NULL,NULL,NULL,NULL,NULL);
INSERT INTO "spree_users" VALUES(1057526560,'5dd3868f22212e9e79ed3b49454a87ba402ac6a36fa5aa889917968bfc91df1ec436e10f74fadceec1b3323603ccbcf80b096903ca9a1d4f8ab9dfee1158db4d','5TG18Gvz8YVyBmMZQqcz','vA643wDtU8zHH-Rb71y4@example.net',NULL,'vA643wDtU8zHH-Rb71y4',NULL,NULL,0,0,NULL,NULL,NULL,NULL,NULL,'vA643wDtU8zHH-Rb71y4@example.net',NULL,NULL,'2012-08-06 15:20:10.180066','2012-08-06 15:20:10.180066',NULL,NULL,NULL,NULL,NULL,NULL);
INSERT INTO "spree_users" VALUES(1057526561,'d6d40f301d581500f8f4665aba31f5bc5c7928b88f02ef501789764c658ad0e8bafc95ad74c39ac5b8ad223c0938ddfc474bd64d8665ace55b67dde99aa41641','yyfHUu3UHNqYWjF6xxtx','M7j2BXJfoB0-eC4ByJKY@example.net',NULL,'M7j2BXJfoB0-eC4ByJKY',NULL,NULL,0,0,NULL,NULL,NULL,NULL,NULL,'M7j2BXJfoB0-eC4ByJKY@example.net',NULL,NULL,'2012-08-06 15:26:02.699776','2012-08-06 15:26:02.699776',NULL,NULL,NULL,NULL,NULL,NULL);
INSERT INTO "spree_users" VALUES(1057526562,'ec2ff7e7947115b3ceb19c8dc97fda0d845c6e0f9b3eeeb7e68c1acdf6196d2aabe9d70d00d446a0d92314caa09dfb7b81fe50f186695164c8476e0855980315','xMsjLgP7p67rT7uVaLUX','3gwOjIUJFo5qmhuEWLRk@example.net',NULL,'3gwOjIUJFo5qmhuEWLRk',NULL,NULL,0,0,NULL,NULL,NULL,NULL,NULL,'3gwOjIUJFo5qmhuEWLRk@example.net',NULL,NULL,'2012-08-07 15:15:28.792038','2012-08-07 15:15:28.792038',NULL,NULL,NULL,NULL,NULL,NULL);
INSERT INTO "spree_users" VALUES(1057526563,'4c92700a5b10ab79d853dee64f308257a3751c212edc2fcd064e5d1713f4395211992070696ee02ff6884c507188cc93cd676e339cef70f83aa2a074f0bc0a2e','Diq3sKLSmZhYnwnPmrx5','a@b.com',NULL,NULL,NULL,NULL,1,0,NULL,'2012-08-13 12:23:08.123464','2012-08-13 12:23:08.123464','10.4.5.35','10.4.5.35','a@b.com',NULL,NULL,'2012-08-13 12:23:07.935703','2012-08-13 12:23:08.128115',NULL,NULL,NULL,NULL,NULL,NULL);
INSERT INTO "spree_users" VALUES(1057526564,'76c590f4ca1320c36251d65a069f9dd7ed0b5f239a0de9ca1354e84564932138ee6060a6c68db5892d9d0aa79e42f42defff245eef98000421977cebddbe42f4','PHtnai7mNZXUZbHb2yS4','OhuqM_BMCEXw1j3VWj4g@example.net',NULL,'OhuqM_BMCEXw1j3VWj4g',NULL,NULL,0,0,NULL,NULL,NULL,NULL,NULL,'OhuqM_BMCEXw1j3VWj4g@example.net',NULL,NULL,'2012-08-13 13:10:58.283978','2012-08-13 13:10:58.283978',NULL,NULL,NULL,NULL,NULL,NULL);
CREATE TABLE "spree_products_promotion_rules" ("product_id" integer, "promotion_rule_id" integer);
CREATE TABLE "spree_promotion_rules_users" ("user_id" integer, "promotion_rule_id" integer);
CREATE TABLE "spree_promotion_rules" ("id" INTEGER PRIMARY KEY AUTOINCREMENT NOT NULL, "activator_id" integer, "user_id" integer, "product_group_id" integer, "type" varchar(255), "created_at" datetime NOT NULL, "updated_at" datetime NOT NULL);
CREATE TABLE "spree_promotion_actions" ("id" INTEGER PRIMARY KEY AUTOINCREMENT NOT NULL, "activator_id" integer, "position" integer, "type" varchar(255));
CREATE TABLE "spree_promotion_action_line_items" ("id" INTEGER PRIMARY KEY AUTOINCREMENT NOT NULL, "promotion_action_id" integer, "variant_id" integer, "quantity" integer DEFAULT 1);
CREATE TABLE "spree_preferences" ("id" INTEGER PRIMARY KEY AUTOINCREMENT NOT NULL, "name" varchar(100), "owner_id" integer(30), "owner_type" varchar(50), "value" text(255), "created_at" datetime NOT NULL, "updated_at" datetime NOT NULL, "key" varchar(255), "value_type" varchar(255));
INSERT INTO "spree_preferences" VALUES(1,NULL,NULL,NULL,'5.0','2012-08-06 13:39:34.389895','2012-08-06 13:39:34.389895','spree/calculator/flat_rate/amount/574015644','decimal');
INSERT INTO "spree_preferences" VALUES(2,NULL,NULL,NULL,'15.0','2012-08-06 13:39:34.495042','2012-08-06 13:39:34.495042','spree/calculator/flat_rate/amount/13537749','decimal');
INSERT INTO "spree_preferences" VALUES(3,NULL,NULL,NULL,'10.0','2012-08-06 13:39:34.598239','2012-08-06 13:39:34.598239','spree/calculator/flat_rate/amount/192811543','decimal');
INSERT INTO "spree_preferences" VALUES(4,NULL,NULL,NULL,'13208','2012-08-06 13:49:07.996892','2012-08-06 13:49:07.996892','spree/dash_configuration/app_id','string');
INSERT INTO "spree_preferences" VALUES(5,NULL,NULL,NULL,'a652ec133a335a16066924f671501972','2012-08-06 13:49:08.198464','2012-08-06 13:49:08.198464','spree/dash_configuration/app_token','string');
INSERT INTO "spree_preferences" VALUES(6,NULL,NULL,NULL,'52822','2012-08-06 13:49:08.310079','2012-08-06 13:49:08.310079','spree/dash_configuration/site_id','string');
INSERT INTO "spree_preferences" VALUES(7,NULL,NULL,NULL,'fde1799f0e9f57eedeb3c03bd282883d','2012-08-06 13:49:08.418032','2012-08-06 13:49:08.418032','spree/dash_configuration/token','string');
CREATE TABLE "spree_pending_promotions" ("id" INTEGER PRIMARY KEY AUTOINCREMENT NOT NULL, "user_id" integer, "promotion_id" integer);
CREATE TABLE "spree_skrill_transactions" ("id" INTEGER PRIMARY KEY AUTOINCREMENT NOT NULL, "email" varchar(255), "amount" float, "currency" varchar(255), "transaction_id" integer, "customer_id" integer, "payment_type" varchar(255), "created_at" datetime NOT NULL, "updated_at" datetime NOT NULL);
CREATE TABLE SPREE_USER_BEHAVIORS("id" INTEGER PRIMARY KEY AUTOINCREMENT NOT NULL, "session_id" VARCHAR(200), "user_id" VARCHAR(50), "action" VARCHAR(200), "created_at" DATETIME, "parameters" VARCHAR(255));
INSERT INTO "SPREE_USER_BEHAVIORS" VALUES(56515,'c3033c30-e05e-012f-41d8-3c0754157aba','28020570','S','2012-09-14 05:55:50','{"product": 489273655}');
INSERT INTO "SPREE_USER_BEHAVIORS" VALUES(56516,'c3037f50-e05e-012f-41d8-3c0754157aba','661521543','S','2012-09-14 05:55:50','{"product": 1013589417}');
INSERT INTO "SPREE_USER_BEHAVIORS" VALUES(56517,'c303bac0-e05e-012f-41d8-3c0754157aba','661521543','S','2012-09-14 05:55:50','{"product": 1001480408}');
INSERT INTO "SPREE_USER_BEHAVIORS" VALUES(56518,'c303fa50-e05e-012f-41d8-3c0754157aba','956993830','S','2012-09-14 05:55:50','{"product": 489273655}');
INSERT INTO "SPREE_USER_BEHAVIORS" VALUES(56519,'c3044720-e05e-012f-41d8-3c0754157aba','956993830','S','2012-09-14 05:55:50','{"product": 52862384}');
INSERT INTO "SPREE_USER_BEHAVIORS" VALUES(56520,'c3048c70-e05e-012f-41d8-3c0754157aba','956993830','S','2012-09-14 05:55:50','{"product": 1013589426}');
INSERT INTO "SPREE_USER_BEHAVIORS" VALUES(56521,'c304d0d0-e05e-012f-41d8-3c0754157aba','261603145','S','2012-09-14 05:55:50','{"product": 599112055}');
INSERT INTO "SPREE_USER_BEHAVIORS" VALUES(56522,'c3051510-e05e-012f-41d8-3c0754157aba','936450328','S','2012-09-14 05:55:50','{"product": 1013589435}');
INSERT INTO "SPREE_USER_BEHAVIORS" VALUES(56523,'c3055990-e05e-012f-41d8-3c0754157aba','936450328','S','2012-09-14 05:55:50','{"product": 504220342}');
INSERT INTO "SPREE_USER_BEHAVIORS" VALUES(56524,'c3059b20-e05e-012f-41d8-3c0754157aba','936450328','S','2012-09-14 05:55:50','{"product": 1013589422}');
INSERT INTO "SPREE_USER_BEHAVIORS" VALUES(56525,'c305d7d0-e05e-012f-41d8-3c0754157aba','936450328','S','2012-09-14 05:55:50','{"product": 1013589417}');
INSERT INTO "SPREE_USER_BEHAVIORS" VALUES(56526,'c3062550-e05e-012f-41d8-3c0754157aba','936450328','S','2012-09-14 05:55:50','{"product": 429921481}');
INSERT INTO "SPREE_USER_BEHAVIORS" VALUES(56527,'c3066e70-e05e-012f-41d8-3c0754157aba','936450328','S','2012-09-14 05:55:50','{"product": 438855057}');
INSERT INTO "SPREE_USER_BEHAVIORS" VALUES(56528,'c306ba20-e05e-012f-41d8-3c0754157aba','172816471','S','2012-09-14 05:55:50','{"product": 336514991}');
INSERT INTO "SPREE_USER_BEHAVIORS" VALUES(56529,'c3071ee0-e05e-012f-41d8-3c0754157aba','172816471','S','2012-09-14 05:55:50','{"product": 438855057}');
INSERT INTO "SPREE_USER_BEHAVIORS" VALUES(56530,'c3077380-e05e-012f-41d8-3c0754157aba','172816471','S','2012-09-14 05:55:50','{"product": 157039898}');
INSERT INTO "SPREE_USER_BEHAVIORS" VALUES(56531,'c307bc40-e05e-012f-41d8-3c0754157aba','172816471','S','2012-09-14 05:55:50','{"product": 78660486}');
INSERT INTO "SPREE_USER_BEHAVIORS" VALUES(56532,'c3080860-e05e-012f-41d8-3c0754157aba','172816471','S','2012-09-14 05:55:50','{"product": 489273655}');
INSERT INTO "SPREE_USER_BEHAVIORS" VALUES(56533,'c30856b0-e05e-012f-41d8-3c0754157aba','172816471','S','2012-09-14 05:55:50','{"product": 489273655}');
INSERT INTO "SPREE_USER_BEHAVIORS" VALUES(56534,'c308a5e0-e05e-012f-41d8-3c0754157aba','172816471','S','2012-09-14 05:55:50','{"product": 1013589422}');
INSERT INTO "SPREE_USER_BEHAVIORS" VALUES(56535,'c308f190-e05e-012f-41d8-3c0754157aba','172816471','S','2012-09-14 05:55:50','{"product": 215054540}');
INSERT INTO "SPREE_USER_BEHAVIORS" VALUES(56536,'c30942d0-e05e-012f-41d8-3c0754157aba','835918637','S','2012-09-14 05:55:50','{"product": 748173072}');
INSERT INTO "SPREE_USER_BEHAVIORS" VALUES(56537,'c3098f40-e05e-012f-41d8-3c0754157aba','835918637','S','2012-09-14 05:55:50','{"product": 1013589415}');
INSERT INTO "SPREE_USER_BEHAVIORS" VALUES(56538,'c309d860-e05e-012f-41d8-3c0754157aba','872804629','S','2012-09-14 05:55:50','{"product": 954827632}');
INSERT INTO "SPREE_USER_BEHAVIORS" VALUES(56539,'c30a24b0-e05e-012f-41d8-3c0754157aba','872804629','S','2012-09-14 05:55:50','{"product": 1013589416}');
INSERT INTO "SPREE_USER_BEHAVIORS" VALUES(56540,'c30a6a90-e05e-012f-41d8-3c0754157aba','872804629','S','2012-09-14 05:55:50','{"product": 1013589449}');
INSERT INTO "SPREE_USER_BEHAVIORS" VALUES(56541,'c30ad1e0-e05e-012f-41d8-3c0754157aba','872804629','S','2012-09-14 05:55:50','{"product": 52862384}');
INSERT INTO "SPREE_USER_BEHAVIORS" VALUES(56542,'c30b1d10-e05e-012f-41d8-3c0754157aba','1057526564','S','2012-09-14 05:55:50','{"product": 52862384}');
INSERT INTO "SPREE_USER_BEHAVIORS" VALUES(56543,'c30b8640-e05e-012f-41d8-3c0754157aba','1057526564','S','2012-09-14 05:55:50','{"product": 52862384}');
INSERT INTO "SPREE_USER_BEHAVIORS" VALUES(56544,'c30bd450-e05e-012f-41d8-3c0754157aba','1057526564','S','2012-09-14 05:55:50','{"product": 1013589426}');
INSERT INTO "SPREE_USER_BEHAVIORS" VALUES(56545,'c30c1e30-e05e-012f-41d8-3c0754157aba','1057526564','S','2012-09-14 05:55:50','{"product": 504220342}');
INSERT INTO "SPREE_USER_BEHAVIORS" VALUES(56546,'c30c6e30-e05e-012f-41d8-3c0754157aba','1057526564','S','2012-09-14 05:55:50','{"product": 1013589442}');
INSERT INTO "SPREE_USER_BEHAVIORS" VALUES(56547,'c30ccc00-e05e-012f-41d8-3c0754157aba','1057526564','S','2012-09-14 05:55:50','{"product": 1013589428}');
INSERT INTO "SPREE_USER_BEHAVIORS" VALUES(56548,'c30d1960-e05e-012f-41d8-3c0754157aba','1057526564','S','2012-09-14 05:55:50','{"product": 1013589424}');
INSERT INTO "SPREE_USER_BEHAVIORS" VALUES(56549,'c30d67c0-e05e-012f-41d8-3c0754157aba','135242632','S','2012-09-14 05:55:50','{"product": 215054540}');
INSERT INTO "SPREE_USER_BEHAVIORS" VALUES(56550,'c30db270-e05e-012f-41d8-3c0754157aba','135242632','S','2012-09-14 05:55:50','{"product": 1013589413}');
INSERT INTO "SPREE_USER_BEHAVIORS" VALUES(56551,'c30e10f0-e05e-012f-41d8-3c0754157aba','113658691','S','2012-09-14 05:55:50','{"product": 1013589441}');
INSERT INTO "SPREE_USER_BEHAVIORS" VALUES(56552,'c30e5930-e05e-012f-41d8-3c0754157aba','113658691','S','2012-09-14 05:55:50','{"product": 1013589413}');
INSERT INTO "SPREE_USER_BEHAVIORS" VALUES(56553,'c30e9e30-e05e-012f-41d8-3c0754157aba','113658691','S','2012-09-14 05:55:50','{"product": 1013589448}');
INSERT INTO "SPREE_USER_BEHAVIORS" VALUES(56554,'c30edff0-e05e-012f-41d8-3c0754157aba','113658691','S','2012-09-14 05:55:50','{"product": 215054540}');
INSERT INTO "SPREE_USER_BEHAVIORS" VALUES(56555,'c30f2580-e05e-012f-41d8-3c0754157aba','711025848','S','2012-09-14 05:55:50','{"product": 1013589446}');
INSERT INTO "SPREE_USER_BEHAVIORS" VALUES(56556,'c30f6e30-e05e-012f-41d8-3c0754157aba','711025848','S','2012-09-14 05:55:50','{"product": 1013589414}');
INSERT INTO "SPREE_USER_BEHAVIORS" VALUES(56557,'c30fc630-e05e-012f-41d8-3c0754157aba','711025848','S','2012-09-14 05:55:50','{"product": 336514991}');
INSERT INTO "SPREE_USER_BEHAVIORS" VALUES(56558,'c3100fa0-e05e-012f-41d8-3c0754157aba','711025848','S','2012-09-14 05:55:50','{"product": 1013589426}');
INSERT INTO "SPREE_USER_BEHAVIORS" VALUES(56559,'c3105f70-e05e-012f-41d8-3c0754157aba','711025848','S','2012-09-14 05:55:50','{"product": 1013589442}');
INSERT INTO "SPREE_USER_BEHAVIORS" VALUES(56560,'c310a610-e05e-012f-41d8-3c0754157aba','711025848','S','2012-09-14 05:55:50','{"product": 52862384}');
INSERT INTO "SPREE_USER_BEHAVIORS" VALUES(56561,'c310f320-e05e-012f-41d8-3c0754157aba','711025848','S','2012-09-14 05:55:50','{"product": 748173072}');
INSERT INTO "SPREE_USER_BEHAVIORS" VALUES(56562,'c3113b40-e05e-012f-41d8-3c0754157aba','206649281','S','2012-09-14 05:55:50','{"product": 489273655}');
INSERT INTO "SPREE_USER_BEHAVIORS" VALUES(56563,'c3118b70-e05e-012f-41d8-3c0754157aba','206649281','S','2012-09-14 05:55:50','{"product": 1013589422}');
INSERT INTO "SPREE_USER_BEHAVIORS" VALUES(56564,'c311d810-e05e-012f-41d8-3c0754157aba','206649281','S','2012-09-14 05:55:50','{"product": 52862384}');
INSERT INTO "SPREE_USER_BEHAVIORS" VALUES(56565,'c31225b0-e05e-012f-41d8-3c0754157aba','206649281','S','2012-09-14 05:55:50','{"product": 1013589441}');
INSERT INTO "SPREE_USER_BEHAVIORS" VALUES(56566,'c3128070-e05e-012f-41d8-3c0754157aba','99056534','S','2012-09-14 05:55:50','{"product": 833839126}');
INSERT INTO "SPREE_USER_BEHAVIORS" VALUES(56567,'c312d030-e05e-012f-41d8-3c0754157aba','99056534','S','2012-09-14 05:55:50','{"product": 1013589447}');
INSERT INTO "SPREE_USER_BEHAVIORS" VALUES(56568,'c3132e10-e05e-012f-41d8-3c0754157aba','99056534','S','2012-09-14 05:55:50','{"product": 489273655}');
INSERT INTO "SPREE_USER_BEHAVIORS" VALUES(56569,'c3137b20-e05e-012f-41d8-3c0754157aba','99056534','S','2012-09-14 05:55:50','{"product": 1013589434}');
INSERT INTO "SPREE_USER_BEHAVIORS" VALUES(56570,'c313c580-e05e-012f-41d8-3c0754157aba','99056534','S','2012-09-14 05:55:50','{"product": 1013589449}');
INSERT INTO "SPREE_USER_BEHAVIORS" VALUES(56571,'c3140f60-e05e-012f-41d8-3c0754157aba','408356406','S','2012-09-14 05:55:50','{"product": 1013589434}');
INSERT INTO "SPREE_USER_BEHAVIORS" VALUES(56572,'c3145f50-e05e-012f-41d8-3c0754157aba','408356406','S','2012-09-14 05:55:50','{"product": 1013589448}');
INSERT INTO "SPREE_USER_BEHAVIORS" VALUES(56573,'c314ae70-e05e-012f-41d8-3c0754157aba','408356406','S','2012-09-14 05:55:50','{"product": 219452125}');
INSERT INTO "SPREE_USER_BEHAVIORS" VALUES(56574,'c314fc30-e05e-012f-41d8-3c0754157aba','408356406','S','2012-09-14 05:55:50','{"product": 1013589415}');
INSERT INTO "SPREE_USER_BEHAVIORS" VALUES(56575,'c3154a30-e05e-012f-41d8-3c0754157aba','408356406','S','2012-09-14 05:55:50','{"product": 1013589422}');
INSERT INTO "SPREE_USER_BEHAVIORS" VALUES(56576,'c3159a60-e05e-012f-41d8-3c0754157aba','408356406','S','2012-09-14 05:55:50','{"product": 219452125}');
INSERT INTO "SPREE_USER_BEHAVIORS" VALUES(56577,'c315e6a0-e05e-012f-41d8-3c0754157aba','408356406','S','2012-09-14 05:55:50','{"product": 1013589447}');
INSERT INTO "SPREE_USER_BEHAVIORS" VALUES(56578,'c31633f0-e05e-012f-41d8-3c0754157aba','408356406','S','2012-09-14 05:55:50','{"product": 1013589413}');
INSERT INTO "SPREE_USER_BEHAVIORS" VALUES(56579,'c3169040-e05e-012f-41d8-3c0754157aba','1','S','2012-09-14 05:55:50','{"product": 1013589415}');
INSERT INTO "SPREE_USER_BEHAVIORS" VALUES(56580,'c316e0c0-e05e-012f-41d8-3c0754157aba','1','S','2012-09-14 05:55:51','{"product": 1013589430}');
INSERT INTO "SPREE_USER_BEHAVIORS" VALUES(56581,'c3172ef0-e05e-012f-41d8-3c0754157aba','1','S','2012-09-14 05:55:51','{"product": 1013589414}');
INSERT INTO "SPREE_USER_BEHAVIORS" VALUES(56582,'c3177c30-e05e-012f-41d8-3c0754157aba','1','S','2012-09-14 05:55:51','{"product": 1013589426}');
INSERT INTO "SPREE_USER_BEHAVIORS" VALUES(56583,'c317c270-e05e-012f-41d8-3c0754157aba','1','S','2012-09-14 05:55:51','{"product": 1013589435}');
INSERT INTO "SPREE_USER_BEHAVIORS" VALUES(56584,'c3180900-e05e-012f-41d8-3c0754157aba','1','S','2012-09-14 05:55:51','{"product": 726086391}');
INSERT INTO "SPREE_USER_BEHAVIORS" VALUES(56585,'c3185610-e05e-012f-41d8-3c0754157aba','1','S','2012-09-14 05:55:51','{"product": 954827632}');
INSERT INTO "SPREE_USER_BEHAVIORS" VALUES(56586,'c318a600-e05e-012f-41d8-3c0754157aba','862467340','S','2012-09-14 05:55:51','{"product": 504220342}');
INSERT INTO "SPREE_USER_BEHAVIORS" VALUES(56587,'c318ed90-e05e-012f-41d8-3c0754157aba','862467340','S','2012-09-14 05:55:51','{"product": 219452125}');
INSERT INTO "SPREE_USER_BEHAVIORS" VALUES(56588,'c3193640-e05e-012f-41d8-3c0754157aba','862467340','S','2012-09-14 05:55:51','{"product": 1013589415}');
INSERT INTO "SPREE_USER_BEHAVIORS" VALUES(56589,'c3198280-e05e-012f-41d8-3c0754157aba','862467340','S','2012-09-14 05:55:51','{"product": 1013589428}');
INSERT INTO "SPREE_USER_BEHAVIORS" VALUES(56590,'c319e2b0-e05e-012f-41d8-3c0754157aba','862467340','S','2012-09-14 05:55:51','{"product": 833839126}');
INSERT INTO "SPREE_USER_BEHAVIORS" VALUES(56591,'c31a2cf0-e05e-012f-41d8-3c0754157aba','674206273','S','2012-09-14 05:55:51','{"product": 1013589428}');
INSERT INTO "SPREE_USER_BEHAVIORS" VALUES(56592,'c31a7460-e05e-012f-41d8-3c0754157aba','674206273','S','2012-09-14 05:55:51','{"product": 1013589424}');
INSERT INTO "SPREE_USER_BEHAVIORS" VALUES(56593,'c31ac300-e05e-012f-41d8-3c0754157aba','674206273','S','2012-09-14 05:55:51','{"product": 1013589449}');
INSERT INTO "SPREE_USER_BEHAVIORS" VALUES(56594,'c31b1640-e05e-012f-41d8-3c0754157aba','674206273','S','2012-09-14 05:55:51','{"product": 78660486}');
INSERT INTO "SPREE_USER_BEHAVIORS" VALUES(56595,'c31b6200-e05e-012f-41d8-3c0754157aba','1057526562','S','2012-09-14 05:55:51','{"product": 1001480408}');
INSERT INTO "SPREE_USER_BEHAVIORS" VALUES(56596,'c31bc050-e05e-012f-41d8-3c0754157aba','1057526562','S','2012-09-14 05:55:51','{"product": 78660486}');
INSERT INTO "SPREE_USER_BEHAVIORS" VALUES(56597,'c31c07a0-e05e-012f-41d8-3c0754157aba','1057526562','S','2012-09-14 05:55:51','{"product": 1013589436}');
INSERT INTO "SPREE_USER_BEHAVIORS" VALUES(56598,'c31c53a0-e05e-012f-41d8-3c0754157aba','1057526562','S','2012-09-14 05:55:51','{"product": 1013589413}');
INSERT INTO "SPREE_USER_BEHAVIORS" VALUES(56599,'c31c9ef0-e05e-012f-41d8-3c0754157aba','1057526562','S','2012-09-14 05:55:51','{"product": 599112055}');
INSERT INTO "SPREE_USER_BEHAVIORS" VALUES(56600,'c31cec20-e05e-012f-41d8-3c0754157aba','1057526562','S','2012-09-14 05:55:51','{"product": 219452125}');
INSERT INTO "SPREE_USER_BEHAVIORS" VALUES(56601,'c31d5320-e05e-012f-41d8-3c0754157aba','1057526562','S','2012-09-14 05:55:51','{"product": 1001480408}');
INSERT INTO "SPREE_USER_BEHAVIORS" VALUES(56602,'c31dabb0-e05e-012f-41d8-3c0754157aba','1057526562','S','2012-09-14 05:55:51','{"product": 833839126}');
INSERT INTO "SPREE_USER_BEHAVIORS" VALUES(56603,'c31dfcb0-e05e-012f-41d8-3c0754157aba','995493676','S','2012-09-14 05:55:51','{"product": 1013589441}');
INSERT INTO "SPREE_USER_BEHAVIORS" VALUES(56604,'c31e48c0-e05e-012f-41d8-3c0754157aba','995493676','S','2012-09-14 05:55:51','{"product": 1013589435}');
INSERT INTO "SPREE_USER_BEHAVIORS" VALUES(56605,'c31e9840-e05e-012f-41d8-3c0754157aba','995493676','S','2012-09-14 05:55:51','{"product": 954827632}');
INSERT INTO "SPREE_USER_BEHAVIORS" VALUES(56606,'c31f0750-e05e-012f-41d8-3c0754157aba','995493676','S','2012-09-14 05:55:51','{"product": 1013589415}');
INSERT INTO "SPREE_USER_BEHAVIORS" VALUES(56607,'c31f56b0-e05e-012f-41d8-3c0754157aba','995493676','S','2012-09-14 05:55:51','{"product": 429921481}');
INSERT INTO "SPREE_USER_BEHAVIORS" VALUES(56608,'c31fa680-e05e-012f-41d8-3c0754157aba','995493676','S','2012-09-14 05:55:51','{"product": 504220342}');
INSERT INTO "SPREE_USER_BEHAVIORS" VALUES(56609,'c31ff980-e05e-012f-41d8-3c0754157aba','995493676','S','2012-09-14 05:55:51','{"product": 1013589441}');
INSERT INTO "SPREE_USER_BEHAVIORS" VALUES(56610,'c3204a80-e05e-012f-41d8-3c0754157aba','834763738','S','2012-09-14 05:55:51','{"product": 1013589428}');
INSERT INTO "SPREE_USER_BEHAVIORS" VALUES(56611,'c320b4e0-e05e-012f-41d8-3c0754157aba','834763738','S','2012-09-14 05:55:51','{"product": 833839126}');
INSERT INTO "SPREE_USER_BEHAVIORS" VALUES(56612,'c320ffb0-e05e-012f-41d8-3c0754157aba','834763738','S','2012-09-14 05:55:51','{"product": 52862384}');
INSERT INTO "SPREE_USER_BEHAVIORS" VALUES(56613,'c3215470-e05e-012f-41d8-3c0754157aba','638820960','S','2012-09-14 05:55:51','{"product": 1013589417}');
INSERT INTO "SPREE_USER_BEHAVIORS" VALUES(56614,'c321b7b0-e05e-012f-41d8-3c0754157aba','638820960','S','2012-09-14 05:55:51','{"product": 52862384}');
INSERT INTO "SPREE_USER_BEHAVIORS" VALUES(56615,'c32208e0-e05e-012f-41d8-3c0754157aba','638820960','S','2012-09-14 05:55:51','{"product": 1013589424}');
INSERT INTO "SPREE_USER_BEHAVIORS" VALUES(56616,'c3225880-e05e-012f-41d8-3c0754157aba','638820960','S','2012-09-14 05:55:51','{"product": 1013589430}');
INSERT INTO "SPREE_USER_BEHAVIORS" VALUES(56617,'c322c080-e05e-012f-41d8-3c0754157aba','638820960','S','2012-09-14 05:55:51','{"product": 1013589424}');
INSERT INTO "SPREE_USER_BEHAVIORS" VALUES(56618,'c3231430-e05e-012f-41d8-3c0754157aba','638820960','S','2012-09-14 05:55:51','{"product": 1013589424}');
INSERT INTO "SPREE_USER_BEHAVIORS" VALUES(56619,'c3235fd0-e05e-012f-41d8-3c0754157aba','1057526563','S','2012-09-14 05:55:51','{"product": 1013589424}');
INSERT INTO "SPREE_USER_BEHAVIORS" VALUES(56620,'c323ae20-e05e-012f-41d8-3c0754157aba','1057526563','S','2012-09-14 05:55:51','{"product": 954827632}');
INSERT INTO "SPREE_USER_BEHAVIORS" VALUES(56621,'c3241740-e05e-012f-41d8-3c0754157aba','1057526563','S','2012-09-14 05:55:51','{"product": 1013589413}');
INSERT INTO "SPREE_USER_BEHAVIORS" VALUES(56622,'c3245f40-e05e-012f-41d8-3c0754157aba','1028376774','S','2012-09-14 05:55:51','{"product": 157039898}');
INSERT INTO "SPREE_USER_BEHAVIORS" VALUES(56623,'c324a5c0-e05e-012f-41d8-3c0754157aba','378310152','S','2012-09-14 05:55:51','{"product": 1013589414}');
INSERT INTO "SPREE_USER_BEHAVIORS" VALUES(56624,'c324f770-e05e-012f-41d8-3c0754157aba','378310152','S','2012-09-14 05:55:51','{"product": 1013589417}');
INSERT INTO "SPREE_USER_BEHAVIORS" VALUES(56625,'c32549f0-e05e-012f-41d8-3c0754157aba','378310152','S','2012-09-14 05:55:51','{"product": 438855057}');
INSERT INTO "SPREE_USER_BEHAVIORS" VALUES(56626,'c3259dc0-e05e-012f-41d8-3c0754157aba','378310152','S','2012-09-14 05:55:51','{"product": 1013589414}');
INSERT INTO "SPREE_USER_BEHAVIORS" VALUES(56627,'c325fc90-e05e-012f-41d8-3c0754157aba','378310152','S','2012-09-14 05:55:51','{"product": 52862384}');
INSERT INTO "SPREE_USER_BEHAVIORS" VALUES(56628,'c3264f80-e05e-012f-41d8-3c0754157aba','378310152','S','2012-09-14 05:55:51','{"product": 1013589426}');
INSERT INTO "SPREE_USER_BEHAVIORS" VALUES(56629,'c326b2f0-e05e-012f-41d8-3c0754157aba','378310152','S','2012-09-14 05:55:51','{"product": 1013589448}');
INSERT INTO "SPREE_USER_BEHAVIORS" VALUES(56630,'c3270360-e05e-012f-41d8-3c0754157aba','188543912','S','2012-09-14 05:55:51','{"product": 1013589413}');
INSERT INTO "SPREE_USER_BEHAVIORS" VALUES(56631,'c32758a0-e05e-012f-41d8-3c0754157aba','188543912','S','2012-09-14 05:55:51','{"product": 1013589441}');
INSERT INTO "SPREE_USER_BEHAVIORS" VALUES(56632,'c327a790-e05e-012f-41d8-3c0754157aba','188543912','S','2012-09-14 05:55:51','{"product": 1013589430}');
INSERT INTO "SPREE_USER_BEHAVIORS" VALUES(56633,'c327f640-e05e-012f-41d8-3c0754157aba','188543912','S','2012-09-14 05:55:51','{"product": 52862384}');
INSERT INTO "SPREE_USER_BEHAVIORS" VALUES(56634,'c3286360-e05e-012f-41d8-3c0754157aba','188543912','S','2012-09-14 05:55:51','{"product": 504220342}');
INSERT INTO "SPREE_USER_BEHAVIORS" VALUES(56635,'c328b040-e05e-012f-41d8-3c0754157aba','188543912','S','2012-09-14 05:55:51','{"product": 726086391}');
INSERT INTO "SPREE_USER_BEHAVIORS" VALUES(56636,'c3291ad0-e05e-012f-41d8-3c0754157aba','188543912','S','2012-09-14 05:55:51','{"product": 1013589434}');
INSERT INTO "SPREE_USER_BEHAVIORS" VALUES(56637,'c3297910-e05e-012f-41d8-3c0754157aba','1034018247','S','2012-09-14 05:55:51','{"product": 1013589448}');
INSERT INTO "SPREE_USER_BEHAVIORS" VALUES(56638,'c329ce10-e05e-012f-41d8-3c0754157aba','1034018247','S','2012-09-14 05:55:51','{"product": 1013589417}');
INSERT INTO "SPREE_USER_BEHAVIORS" VALUES(56639,'c32a2000-e05e-012f-41d8-3c0754157aba','1034018247','S','2012-09-14 05:55:51','{"product": 336514991}');
INSERT INTO "SPREE_USER_BEHAVIORS" VALUES(56640,'c32a6780-e05e-012f-41d8-3c0754157aba','323332591','S','2012-09-14 05:55:51','{"product": 489273655}');
INSERT INTO "SPREE_USER_BEHAVIORS" VALUES(56641,'c32ab590-e05e-012f-41d8-3c0754157aba','323332591','S','2012-09-14 05:55:51','{"product": 52862384}');
INSERT INTO "SPREE_USER_BEHAVIORS" VALUES(56642,'c32b1790-e05e-012f-41d8-3c0754157aba','323332591','S','2012-09-14 05:55:51','{"product": 1013589424}');
INSERT INTO "SPREE_USER_BEHAVIORS" VALUES(56643,'c32b66b0-e05e-012f-41d8-3c0754157aba','873959920','S','2012-09-14 05:55:51','{"product": 726086391}');
INSERT INTO "SPREE_USER_BEHAVIORS" VALUES(56644,'c32bc410-e05e-012f-41d8-3c0754157aba','873959920','S','2012-09-14 05:55:51','{"product": 954827632}');
INSERT INTO "SPREE_USER_BEHAVIORS" VALUES(56645,'c32c1140-e05e-012f-41d8-3c0754157aba','873959920','S','2012-09-14 05:55:51','{"product": 1013589413}');
INSERT INTO "SPREE_USER_BEHAVIORS" VALUES(56646,'c32c6420-e05e-012f-41d8-3c0754157aba','873959920','S','2012-09-14 05:55:51','{"product": 336514991}');
INSERT INTO "SPREE_USER_BEHAVIORS" VALUES(56647,'c32cb1a0-e05e-012f-41d8-3c0754157aba','873959920','S','2012-09-14 05:55:51','{"product": 1013589424}');
INSERT INTO "SPREE_USER_BEHAVIORS" VALUES(56648,'c32d00f0-e05e-012f-41d8-3c0754157aba','873959920','S','2012-09-14 05:55:51','{"product": 1013589428}');
INSERT INTO "SPREE_USER_BEHAVIORS" VALUES(56649,'c32d6830-e05e-012f-41d8-3c0754157aba','873959920','S','2012-09-14 05:55:51','{"product": 1013589442}');
INSERT INTO "SPREE_USER_BEHAVIORS" VALUES(56650,'c32db8e0-e05e-012f-41d8-3c0754157aba','873959920','S','2012-09-14 05:55:51','{"product": 336514991}');
INSERT INTO "SPREE_USER_BEHAVIORS" VALUES(56651,'c32e1e60-e05e-012f-41d8-3c0754157aba','873959920','S','2012-09-14 05:55:51','{"product": 1013589426}');
INSERT INTO "SPREE_USER_BEHAVIORS" VALUES(56652,'c32e75f0-e05e-012f-41d8-3c0754157aba','331209749','S','2012-09-14 05:55:51','{"product": 157039898}');
INSERT INTO "SPREE_USER_BEHAVIORS" VALUES(56653,'c32ec670-e05e-012f-41d8-3c0754157aba','331209749','S','2012-09-14 05:55:51','{"product": 215054540}');
INSERT INTO "SPREE_USER_BEHAVIORS" VALUES(56654,'c32f0f60-e05e-012f-41d8-3c0754157aba','331209749','S','2012-09-14 05:55:51','{"product": 1013589446}');
INSERT INTO "SPREE_USER_BEHAVIORS" VALUES(56655,'c32f5fc0-e05e-012f-41d8-3c0754157aba','331209749','S','2012-09-14 05:55:51','{"product": 599112055}');
INSERT INTO "SPREE_USER_BEHAVIORS" VALUES(56656,'c32fb400-e05e-012f-41d8-3c0754157aba','331209749','S','2012-09-14 05:55:51','{"product": 1001480408}');
INSERT INTO "SPREE_USER_BEHAVIORS" VALUES(56657,'c3301d10-e05e-012f-41d8-3c0754157aba','331209749','S','2012-09-14 05:55:51','{"product": 1013589436}');
INSERT INTO "SPREE_USER_BEHAVIORS" VALUES(56658,'c334ba30-e05e-012f-41d8-3c0754157aba','275330066','S','2012-09-14 05:55:51','{"product": 1013589424}');
INSERT INTO "SPREE_USER_BEHAVIORS" VALUES(56659,'c334ba30-e05e-012f-41d8-3c0754157aba','275330066','AC','2012-09-14 05:55:51','{"product": 1013589424, "availability": false, "quantity": 1}');
INSERT INTO "SPREE_USER_BEHAVIORS" VALUES(56660,'c3357930-e05e-012f-41d8-3c0754157aba','918478646','S','2012-09-14 05:55:51','{"product": 1013589422}');
INSERT INTO "SPREE_USER_BEHAVIORS" VALUES(56661,'c3357930-e05e-012f-41d8-3c0754157aba','918478646','AC','2012-09-14 05:55:51','{"product": 1013589422, "availability": false, "quantity": 1}');
INSERT INTO "SPREE_USER_BEHAVIORS" VALUES(56662,'c33631d0-e05e-012f-41d8-3c0754157aba','235774389','S','2012-09-14 05:55:51','{"product": 1013589424}');
INSERT INTO "SPREE_USER_BEHAVIORS" VALUES(56663,'c33631d0-e05e-012f-41d8-3c0754157aba','235774389','AC','2012-09-14 05:55:51','{"product": 1013589424, "availability": false, "quantity": 1}');
INSERT INTO "SPREE_USER_BEHAVIORS" VALUES(56664,'c336eff0-e05e-012f-41d8-3c0754157aba','75326820','S','2012-09-14 05:55:51','{"product": 1013589422}');
INSERT INTO "SPREE_USER_BEHAVIORS" VALUES(56665,'c336eff0-e05e-012f-41d8-3c0754157aba','75326820','AC','2012-09-14 05:55:51','{"product": 1013589422, "availability": false, "quantity": 1}');
INSERT INTO "SPREE_USER_BEHAVIORS" VALUES(56666,'c337aff0-e05e-012f-41d8-3c0754157aba','323332591','S','2012-09-14 05:55:51','{"product": 1013589428}');
INSERT INTO "SPREE_USER_BEHAVIORS" VALUES(56667,'c337aff0-e05e-012f-41d8-3c0754157aba','323332591','AC','2012-09-14 05:55:51','{"product": 1013589428, "availability": false, "quantity": 1}');
INSERT INTO "SPREE_USER_BEHAVIORS" VALUES(56668,'c3385ea0-e05e-012f-41d8-3c0754157aba','286560969','S','2012-09-14 05:55:51','{"product": 1013589428}');
INSERT INTO "SPREE_USER_BEHAVIORS" VALUES(56669,'c3385ea0-e05e-012f-41d8-3c0754157aba','286560969','AC','2012-09-14 05:55:51','{"product": 1013589428, "availability": false, "quantity": 1}');
INSERT INTO "SPREE_USER_BEHAVIORS" VALUES(56670,'c338f920-e05e-012f-41d8-3c0754157aba','437907651','S','2012-09-14 05:55:51','{"product": 1013589417}');
INSERT INTO "SPREE_USER_BEHAVIORS" VALUES(56671,'c338f920-e05e-012f-41d8-3c0754157aba','437907651','AC','2012-09-14 05:55:51','{"product": 1013589417, "availability": false, "quantity": 1}');
INSERT INTO "SPREE_USER_BEHAVIORS" VALUES(56672,'c3399670-e05e-012f-41d8-3c0754157aba','286560969','S','2012-09-14 05:55:51','{"product": 1013589417}');
INSERT INTO "SPREE_USER_BEHAVIORS" VALUES(56673,'c3399670-e05e-012f-41d8-3c0754157aba','286560969','AC','2012-09-14 05:55:51','{"product": 1013589417, "availability": false, "quantity": 1}');
INSERT INTO "SPREE_USER_BEHAVIORS" VALUES(56674,'c33a4740-e05e-012f-41d8-3c0754157aba','590306657','S','2012-09-14 05:55:51','{"product": 1013589428}');
INSERT INTO "SPREE_USER_BEHAVIORS" VALUES(56675,'c33a4740-e05e-012f-41d8-3c0754157aba','590306657','AC','2012-09-14 05:55:51','{"product": 1013589428, "availability": false, "quantity": 1}');
INSERT INTO "SPREE_USER_BEHAVIORS" VALUES(56676,'c33adf20-e05e-012f-41d8-3c0754157aba','140587364','S','2012-09-14 05:55:51','{"product": 1013589417}');
INSERT INTO "SPREE_USER_BEHAVIORS" VALUES(56677,'c33adf20-e05e-012f-41d8-3c0754157aba','140587364','AC','2012-09-14 05:55:51','{"product": 1013589417, "availability": false, "quantity": 1}');
INSERT INTO "SPREE_USER_BEHAVIORS" VALUES(56678,'c33b7250-e05e-012f-41d8-3c0754157aba','917290961','S','2012-09-14 05:55:51','{"product": 1013589424}');
INSERT INTO "SPREE_USER_BEHAVIORS" VALUES(56679,'c33b7250-e05e-012f-41d8-3c0754157aba','917290961','AC','2012-09-14 05:55:51','{"product": 1013589424, "availability": false, "quantity": 1}');
INSERT INTO "SPREE_USER_BEHAVIORS" VALUES(56680,'c33c1860-e05e-012f-41d8-3c0754157aba','624071307','S','2012-09-14 05:55:51','{"product": 1013589424}');
INSERT INTO "SPREE_USER_BEHAVIORS" VALUES(56681,'c33c1860-e05e-012f-41d8-3c0754157aba','624071307','AC','2012-09-14 05:55:51','{"product": 1013589424, "availability": false, "quantity": 1}');
INSERT INTO "SPREE_USER_BEHAVIORS" VALUES(56682,'c33caff0-e05e-012f-41d8-3c0754157aba','140587364','S','2012-09-14 05:55:51','{"product": 1013589417}');
INSERT INTO "SPREE_USER_BEHAVIORS" VALUES(56683,'c33caff0-e05e-012f-41d8-3c0754157aba','140587364','AC','2012-09-14 05:55:51','{"product": 1013589417, "availability": false, "quantity": 1}');
INSERT INTO "SPREE_USER_BEHAVIORS" VALUES(56684,'c33d4800-e05e-012f-41d8-3c0754157aba','684206702','S','2012-09-14 05:55:51','{"product": 1013589424}');
INSERT INTO "SPREE_USER_BEHAVIORS" VALUES(56685,'c33d4800-e05e-012f-41d8-3c0754157aba','684206702','AC','2012-09-14 05:55:51','{"product": 1013589424, "availability": false, "quantity": 1}');
INSERT INTO "SPREE_USER_BEHAVIORS" VALUES(56686,'c33dde20-e05e-012f-41d8-3c0754157aba','562806419','S','2012-09-14 05:55:51','{"product": 1013589424}');
INSERT INTO "SPREE_USER_BEHAVIORS" VALUES(56687,'c33dde20-e05e-012f-41d8-3c0754157aba','562806419','AC','2012-09-14 05:55:51','{"product": 1013589424, "availability": false, "quantity": 1}');
INSERT INTO "SPREE_USER_BEHAVIORS" VALUES(56688,'c33e79a0-e05e-012f-41d8-3c0754157aba','1046959423','S','2012-09-14 05:55:51','{"product": 1013589426}');
INSERT INTO "SPREE_USER_BEHAVIORS" VALUES(56689,'c33e79a0-e05e-012f-41d8-3c0754157aba','1046959423','AC','2012-09-14 05:55:51','{"product": 1013589426, "availability": false, "quantity": 1}');
INSERT INTO "SPREE_USER_BEHAVIORS" VALUES(56690,'c33f25a0-e05e-012f-41d8-3c0754157aba','286560969','S','2012-09-14 05:55:51','{"product": 1013589428}');
INSERT INTO "SPREE_USER_BEHAVIORS" VALUES(56691,'c33f25a0-e05e-012f-41d8-3c0754157aba','286560969','AC','2012-09-14 05:55:51','{"product": 1013589428, "availability": false, "quantity": 1}');
INSERT INTO "SPREE_USER_BEHAVIORS" VALUES(56692,'c33fb7d0-e05e-012f-41d8-3c0754157aba','910886886','S','2012-09-14 05:55:51','{"product": 1013589426}');
INSERT INTO "SPREE_USER_BEHAVIORS" VALUES(56693,'c33fb7d0-e05e-012f-41d8-3c0754157aba','910886886','AC','2012-09-14 05:55:51','{"product": 1013589426, "availability": false, "quantity": 1}');
INSERT INTO "SPREE_USER_BEHAVIORS" VALUES(56694,'c3404640-e05e-012f-41d8-3c0754157aba','638820960','S','2012-09-14 05:55:51','{"product": 1013589424}');
INSERT INTO "SPREE_USER_BEHAVIORS" VALUES(56695,'c3404640-e05e-012f-41d8-3c0754157aba','638820960','AC','2012-09-14 05:55:51','{"product": 1013589424, "availability": false, "quantity": 1}');
INSERT INTO "SPREE_USER_BEHAVIORS" VALUES(56696,'c340ee20-e05e-012f-41d8-3c0754157aba','835918637','S','2012-09-14 05:55:51','{"product": 1013589426}');
INSERT INTO "SPREE_USER_BEHAVIORS" VALUES(56697,'c340ee20-e05e-012f-41d8-3c0754157aba','835918637','AC','2012-09-14 05:55:51','{"product": 1013589426, "availability": false, "quantity": 1}');
INSERT INTO "SPREE_USER_BEHAVIORS" VALUES(56698,'c344f9f0-e05e-012f-41d8-3c0754157aba','853560069','S','2012-09-14 05:55:51','{"product": 1013589426}');
INSERT INTO "SPREE_USER_BEHAVIORS" VALUES(56699,'c344f9f0-e05e-012f-41d8-3c0754157aba','853560069','AC','2012-09-14 05:55:51','{"product": 1013589426, "availability": true, "quantity": 1}');
INSERT INTO "SPREE_USER_BEHAVIORS" VALUES(56700,'c344f9f0-e05e-012f-41d8-3c0754157aba','853560069','S','2012-09-14 05:55:51','{"product": 1013589429}');
INSERT INTO "SPREE_USER_BEHAVIORS" VALUES(56701,'c344f9f0-e05e-012f-41d8-3c0754157aba','853560069','AC','2012-09-14 05:55:51','{"product": 1013589429, "availability": true, "quantity": 1}');
INSERT INTO "SPREE_USER_BEHAVIORS" VALUES(56702,'c344f9f0-e05e-012f-41d8-3c0754157aba','853560069','P','2012-09-14 05:55:51','{"order": 0}');
INSERT INTO "SPREE_USER_BEHAVIORS" VALUES(56703,'c346a750-e05e-012f-41d8-3c0754157aba','792876634','S','2012-09-14 05:55:51','{"product": 1013589436}');
INSERT INTO "SPREE_USER_BEHAVIORS" VALUES(56704,'c346a750-e05e-012f-41d8-3c0754157aba','792876634','AC','2012-09-14 05:55:51','{"product": 1013589436, "availability": true, "quantity": 1}');
INSERT INTO "SPREE_USER_BEHAVIORS" VALUES(56705,'c346a750-e05e-012f-41d8-3c0754157aba','792876634','P','2012-09-14 05:55:51','{"order": 1}');
INSERT INTO "SPREE_USER_BEHAVIORS" VALUES(56706,'c347c440-e05e-012f-41d8-3c0754157aba','104043415','S','2012-09-14 05:55:51','{"product": 1013589436}');
INSERT INTO "SPREE_USER_BEHAVIORS" VALUES(56707,'c347c440-e05e-012f-41d8-3c0754157aba','104043415','AC','2012-09-14 05:55:51','{"product": 1013589436, "availability": true, "quantity": 1}');
INSERT INTO "SPREE_USER_BEHAVIORS" VALUES(56708,'c347c440-e05e-012f-41d8-3c0754157aba','104043415','P','2012-09-14 05:55:51','{"order": 2}');
INSERT INTO "SPREE_USER_BEHAVIORS" VALUES(56709,'c348cb80-e05e-012f-41d8-3c0754157aba','135242632','S','2012-09-14 05:55:51','{"product": 1013589434}');
INSERT INTO "SPREE_USER_BEHAVIORS" VALUES(56710,'c348cb80-e05e-012f-41d8-3c0754157aba','135242632','AC','2012-09-14 05:55:51','{"product": 1013589434, "availability": true, "quantity": 1}');
INSERT INTO "SPREE_USER_BEHAVIORS" VALUES(56711,'c348cb80-e05e-012f-41d8-3c0754157aba','135242632','P','2012-09-14 05:55:51','{"order": 3}');
INSERT INTO "SPREE_USER_BEHAVIORS" VALUES(56712,'c349c280-e05e-012f-41d8-3c0754157aba','911828761','S','2012-09-14 05:55:51','{"product": 1013589429}');
INSERT INTO "SPREE_USER_BEHAVIORS" VALUES(56713,'c349c280-e05e-012f-41d8-3c0754157aba','911828761','AC','2012-09-14 05:55:51','{"product": 1013589429, "availability": true, "quantity": 1}');
INSERT INTO "SPREE_USER_BEHAVIORS" VALUES(56714,'c349c280-e05e-012f-41d8-3c0754157aba','911828761','P','2012-09-14 05:55:51','{"order": 4}');
INSERT INTO "SPREE_USER_BEHAVIORS" VALUES(56715,'c34ab040-e05e-012f-41d8-3c0754157aba','994338771','S','2012-09-14 05:55:51','{"product": 1013589430}');
INSERT INTO "SPREE_USER_BEHAVIORS" VALUES(56716,'c34ab040-e05e-012f-41d8-3c0754157aba','994338771','AC','2012-09-14 05:55:51','{"product": 1013589430, "availability": true, "quantity": 1}');
INSERT INTO "SPREE_USER_BEHAVIORS" VALUES(56717,'c34ab040-e05e-012f-41d8-3c0754157aba','994338771','S','2012-09-14 05:55:51','{"product": 1013589436}');
INSERT INTO "SPREE_USER_BEHAVIORS" VALUES(56718,'c34ab040-e05e-012f-41d8-3c0754157aba','994338771','AC','2012-09-14 05:55:51','{"product": 1013589436, "availability": true, "quantity": 1}');
INSERT INTO "SPREE_USER_BEHAVIORS" VALUES(56719,'c34ab040-e05e-012f-41d8-3c0754157aba','994338771','P','2012-09-14 05:55:51','{"order": 5}');
INSERT INTO "SPREE_USER_BEHAVIORS" VALUES(56720,'c34c39b0-e05e-012f-41d8-3c0754157aba','863655417','S','2012-09-14 05:55:51','{"product": 1013589429}');
INSERT INTO "SPREE_USER_BEHAVIORS" VALUES(56721,'c34c39b0-e05e-012f-41d8-3c0754157aba','863655417','AC','2012-09-14 05:55:51','{"product": 1013589429, "availability": true, "quantity": 1}');
INSERT INTO "SPREE_USER_BEHAVIORS" VALUES(56722,'c34c39b0-e05e-012f-41d8-3c0754157aba','863655417','P','2012-09-14 05:55:51','{"order": 6}');
INSERT INTO "SPREE_USER_BEHAVIORS" VALUES(56723,'c34d4040-e05e-012f-41d8-3c0754157aba','616230022','S','2012-09-14 05:55:51','{"product": 1013589429}');
INSERT INTO "SPREE_USER_BEHAVIORS" VALUES(56724,'c34d4040-e05e-012f-41d8-3c0754157aba','616230022','AC','2012-09-14 05:55:51','{"product": 1013589429, "availability": true, "quantity": 1}');
INSERT INTO "SPREE_USER_BEHAVIORS" VALUES(56725,'c34d4040-e05e-012f-41d8-3c0754157aba','616230022','P','2012-09-14 05:55:51','{"order": 7}');
INSERT INTO "SPREE_USER_BEHAVIORS" VALUES(56726,'c34e2ac0-e05e-012f-41d8-3c0754157aba','661521543','S','2012-09-14 05:55:51','{"product": 1013589426}');
INSERT INTO "SPREE_USER_BEHAVIORS" VALUES(56727,'c34e2ac0-e05e-012f-41d8-3c0754157aba','661521543','AC','2012-09-14 05:55:51','{"product": 1013589426, "availability": true, "quantity": 1}');
INSERT INTO "SPREE_USER_BEHAVIORS" VALUES(56728,'c34e2ac0-e05e-012f-41d8-3c0754157aba','661521543','S','2012-09-14 05:55:51','{"product": 1013589429}');
INSERT INTO "SPREE_USER_BEHAVIORS" VALUES(56729,'c34e2ac0-e05e-012f-41d8-3c0754157aba','661521543','AC','2012-09-14 05:55:51','{"product": 1013589429, "availability": true, "quantity": 1}');
INSERT INTO "SPREE_USER_BEHAVIORS" VALUES(56730,'c34e2ac0-e05e-012f-41d8-3c0754157aba','661521543','P','2012-09-14 05:55:51','{"order": 8}');
INSERT INTO "SPREE_USER_BEHAVIORS" VALUES(56731,'c3404640-e05e-012f-41d8-3c0754157aba','638820960','S','2012-09-14 05:55:51','{"product": 1013589434}');
INSERT INTO "SPREE_USER_BEHAVIORS" VALUES(56732,'c3404640-e05e-012f-41d8-3c0754157aba','638820960','AC','2012-09-14 05:55:51','{"product": 1013589434, "availability": true, "quantity": 1}');
INSERT INTO "SPREE_USER_BEHAVIORS" VALUES(56733,'c3404640-e05e-012f-41d8-3c0754157aba','638820960','P','2012-09-14 05:55:51','{"order": 9}');
INSERT INTO "SPREE_USER_BEHAVIORS" VALUES(56734,'c350c940-e05e-012f-41d8-3c0754157aba','756990036','S','2012-09-14 05:55:51','{"product": 1013589428}');
INSERT INTO "SPREE_USER_BEHAVIORS" VALUES(56735,'c350c940-e05e-012f-41d8-3c0754157aba','756990036','AC','2012-09-14 05:55:51','{"product": 1013589428, "availability": true, "quantity": 1}');
INSERT INTO "SPREE_USER_BEHAVIORS" VALUES(56736,'c350c940-e05e-012f-41d8-3c0754157aba','756990036','P','2012-09-14 05:55:51','{"order": 10}');
INSERT INTO "SPREE_USER_BEHAVIORS" VALUES(56737,'c351c140-e05e-012f-41d8-3c0754157aba','51421563','S','2012-09-14 05:55:51','{"product": 1013589430}');
INSERT INTO "SPREE_USER_BEHAVIORS" VALUES(56738,'c351c140-e05e-012f-41d8-3c0754157aba','51421563','AC','2012-09-14 05:55:51','{"product": 1013589430, "availability": true, "quantity": 1}');
INSERT INTO "SPREE_USER_BEHAVIORS" VALUES(56739,'c351c140-e05e-012f-41d8-3c0754157aba','51421563','S','2012-09-14 05:55:51','{"product": 1013589436}');
INSERT INTO "SPREE_USER_BEHAVIORS" VALUES(56740,'c351c140-e05e-012f-41d8-3c0754157aba','51421563','AC','2012-09-14 05:55:51','{"product": 1013589436, "availability": true, "quantity": 1}');
INSERT INTO "SPREE_USER_BEHAVIORS" VALUES(56741,'c351c140-e05e-012f-41d8-3c0754157aba','51421563','P','2012-09-14 05:55:51','{"order": 11}');
INSERT INTO "SPREE_USER_BEHAVIORS" VALUES(56742,'c3536b80-e05e-012f-41d8-3c0754157aba','1034018247','S','2012-09-14 05:55:51','{"product": 1013589416}');
INSERT INTO "SPREE_USER_BEHAVIORS" VALUES(56743,'c3536b80-e05e-012f-41d8-3c0754157aba','1034018247','AC','2012-09-14 05:55:51','{"product": 1013589416, "availability": true, "quantity": 1}');
INSERT INTO "SPREE_USER_BEHAVIORS" VALUES(56744,'c3536b80-e05e-012f-41d8-3c0754157aba','1034018247','P','2012-09-14 05:55:51','{"order": 12}');
INSERT INTO "SPREE_USER_BEHAVIORS" VALUES(56745,'c35481f0-e05e-012f-41d8-3c0754157aba','711025848','S','2012-09-14 05:55:51','{"product": 1013589415}');
INSERT INTO "SPREE_USER_BEHAVIORS" VALUES(56746,'c35481f0-e05e-012f-41d8-3c0754157aba','711025848','AC','2012-09-14 05:55:51','{"product": 1013589415, "availability": true, "quantity": 1}');
INSERT INTO "SPREE_USER_BEHAVIORS" VALUES(56747,'c35481f0-e05e-012f-41d8-3c0754157aba','711025848','S','2012-09-14 05:55:51','{"product": 1013589430}');
INSERT INTO "SPREE_USER_BEHAVIORS" VALUES(56748,'c35481f0-e05e-012f-41d8-3c0754157aba','711025848','AC','2012-09-14 05:55:51','{"product": 1013589430, "availability": true, "quantity": 1}');
INSERT INTO "SPREE_USER_BEHAVIORS" VALUES(56749,'c35481f0-e05e-012f-41d8-3c0754157aba','711025848','P','2012-09-14 05:55:51','{"order": 13}');
INSERT INTO "SPREE_USER_BEHAVIORS" VALUES(56750,'c33e79a0-e05e-012f-41d8-3c0754157aba','1046959423','S','2012-09-14 05:55:51','{"product": 1013589434}');
INSERT INTO "SPREE_USER_BEHAVIORS" VALUES(56751,'c33e79a0-e05e-012f-41d8-3c0754157aba','1046959423','AC','2012-09-14 05:55:51','{"product": 1013589434, "availability": true, "quantity": 1}');
INSERT INTO "SPREE_USER_BEHAVIORS" VALUES(56752,'c33e79a0-e05e-012f-41d8-3c0754157aba','1046959423','S','2012-09-14 05:55:51','{"product": 1013589424}');
INSERT INTO "SPREE_USER_BEHAVIORS" VALUES(56753,'c33e79a0-e05e-012f-41d8-3c0754157aba','1046959423','AC','2012-09-14 05:55:51','{"product": 1013589424, "availability": true, "quantity": 1}');
INSERT INTO "SPREE_USER_BEHAVIORS" VALUES(56754,'c33e79a0-e05e-012f-41d8-3c0754157aba','1046959423','P','2012-09-14 05:55:51','{"order": 14}');
INSERT INTO "SPREE_USER_BEHAVIORS" VALUES(56755,'c357ca60-e05e-012f-41d8-3c0754157aba','712180813','S','2012-09-14 05:55:51','{"product": 1013589417}');
INSERT INTO "SPREE_USER_BEHAVIORS" VALUES(56756,'c357ca60-e05e-012f-41d8-3c0754157aba','712180813','AC','2012-09-14 05:55:51','{"product": 1013589417, "availability": true, "quantity": 1}');
INSERT INTO "SPREE_USER_BEHAVIORS" VALUES(56757,'c357ca60-e05e-012f-41d8-3c0754157aba','712180813','S','2012-09-14 05:55:51','{"product": 1013589424}');
INSERT INTO "SPREE_USER_BEHAVIORS" VALUES(56758,'c357ca60-e05e-012f-41d8-3c0754157aba','712180813','AC','2012-09-14 05:55:51','{"product": 1013589424, "availability": true, "quantity": 1}');
INSERT INTO "SPREE_USER_BEHAVIORS" VALUES(56759,'c357ca60-e05e-012f-41d8-3c0754157aba','712180813','P','2012-09-14 05:55:51','{"order": 15}');
INSERT INTO "SPREE_USER_BEHAVIORS" VALUES(56760,'c3596850-e05e-012f-41d8-3c0754157aba','114568122','S','2012-09-14 05:55:51','{"product": 1013589434}');
INSERT INTO "SPREE_USER_BEHAVIORS" VALUES(56761,'c3596850-e05e-012f-41d8-3c0754157aba','114568122','AC','2012-09-14 05:55:51','{"product": 1013589434, "availability": true, "quantity": 1}');
INSERT INTO "SPREE_USER_BEHAVIORS" VALUES(56762,'c3596850-e05e-012f-41d8-3c0754157aba','114568122','P','2012-09-14 05:55:51','{"order": 16}');
INSERT INTO "SPREE_USER_BEHAVIORS" VALUES(56763,'c35a7140-e05e-012f-41d8-3c0754157aba','407201487','S','2012-09-14 05:55:51','{"product": 1013589416}');
INSERT INTO "SPREE_USER_BEHAVIORS" VALUES(56764,'c35a7140-e05e-012f-41d8-3c0754157aba','407201487','AC','2012-09-14 05:55:51','{"product": 1013589416, "availability": true, "quantity": 1}');
INSERT INTO "SPREE_USER_BEHAVIORS" VALUES(56765,'c35a7140-e05e-012f-41d8-3c0754157aba','407201487','P','2012-09-14 05:55:51','{"order": 17}');
INSERT INTO "SPREE_USER_BEHAVIORS" VALUES(56766,'c35b78c0-e05e-012f-41d8-3c0754157aba','799403637','S','2012-09-14 05:55:51','{"product": 1013589426}');
INSERT INTO "SPREE_USER_BEHAVIORS" VALUES(56767,'c35b78c0-e05e-012f-41d8-3c0754157aba','799403637','AC','2012-09-14 05:55:51','{"product": 1013589426, "availability": true, "quantity": 1}');
INSERT INTO "SPREE_USER_BEHAVIORS" VALUES(56768,'c35b78c0-e05e-012f-41d8-3c0754157aba','799403637','S','2012-09-14 05:55:51','{"product": 1013589429}');
INSERT INTO "SPREE_USER_BEHAVIORS" VALUES(56769,'c35b78c0-e05e-012f-41d8-3c0754157aba','799403637','AC','2012-09-14 05:55:51','{"product": 1013589429, "availability": true, "quantity": 1}');
INSERT INTO "SPREE_USER_BEHAVIORS" VALUES(56770,'c35b78c0-e05e-012f-41d8-3c0754157aba','799403637','P','2012-09-14 05:55:51','{"order": 18}');
INSERT INTO "SPREE_USER_BEHAVIORS" VALUES(56771,'c35d0f10-e05e-012f-41d8-3c0754157aba','834763738','S','2012-09-14 05:55:51','{"product": 1013589436}');
INSERT INTO "SPREE_USER_BEHAVIORS" VALUES(56772,'c35d0f10-e05e-012f-41d8-3c0754157aba','834763738','AC','2012-09-14 05:55:51','{"product": 1013589436, "availability": true, "quantity": 1}');
INSERT INTO "SPREE_USER_BEHAVIORS" VALUES(56773,'c35d0f10-e05e-012f-41d8-3c0754157aba','834763738','P','2012-09-14 05:55:51','{"order": 19}');
INSERT INTO "SPREE_USER_BEHAVIORS" VALUES(56774,'c35e1b30-e05e-012f-41d8-3c0754157aba','1028376774','S','2012-09-14 05:55:51','{"product": 1013589430}');
INSERT INTO "SPREE_USER_BEHAVIORS" VALUES(56775,'c35e1b30-e05e-012f-41d8-3c0754157aba','1028376774','AC','2012-09-14 05:55:51','{"product": 1013589430, "availability": true, "quantity": 1}');
INSERT INTO "SPREE_USER_BEHAVIORS" VALUES(56776,'c35e1b30-e05e-012f-41d8-3c0754157aba','1028376774','S','2012-09-14 05:55:51','{"product": 1013589436}');
INSERT INTO "SPREE_USER_BEHAVIORS" VALUES(56777,'c35e1b30-e05e-012f-41d8-3c0754157aba','1028376774','AC','2012-09-14 05:55:51','{"product": 1013589436, "availability": true, "quantity": 1}');
INSERT INTO "SPREE_USER_BEHAVIORS" VALUES(56778,'c35e1b30-e05e-012f-41d8-3c0754157aba','1028376774','P','2012-09-14 05:55:51','{"order": 20}');
INSERT INTO "SPREE_USER_BEHAVIORS" VALUES(56779,'c35fc730-e05e-012f-41d8-3c0754157aba','452191684','S','2012-09-14 05:55:51','{"product": 1013589434}');
INSERT INTO "SPREE_USER_BEHAVIORS" VALUES(56780,'c35fc730-e05e-012f-41d8-3c0754157aba','452191684','AC','2012-09-14 05:55:51','{"product": 1013589434, "availability": true, "quantity": 1}');
INSERT INTO "SPREE_USER_BEHAVIORS" VALUES(56781,'c35fc730-e05e-012f-41d8-3c0754157aba','452191684','P','2012-09-14 05:55:51','{"order": 21}');
INSERT INTO "SPREE_USER_BEHAVIORS" VALUES(56782,'c360dbc0-e05e-012f-41d8-3c0754157aba','537116830','S','2012-09-14 05:55:51','{"product": 1013589430}');
INSERT INTO "SPREE_USER_BEHAVIORS" VALUES(56783,'c360dbc0-e05e-012f-41d8-3c0754157aba','537116830','AC','2012-09-14 05:55:51','{"product": 1013589430, "availability": true, "quantity": 1}');
INSERT INTO "SPREE_USER_BEHAVIORS" VALUES(56784,'c360dbc0-e05e-012f-41d8-3c0754157aba','537116830','S','2012-09-14 05:55:51','{"product": 1013589436}');
INSERT INTO "SPREE_USER_BEHAVIORS" VALUES(56785,'c360dbc0-e05e-012f-41d8-3c0754157aba','537116830','AC','2012-09-14 05:55:51','{"product": 1013589436, "availability": true, "quantity": 1}');
INSERT INTO "SPREE_USER_BEHAVIORS" VALUES(56786,'c360dbc0-e05e-012f-41d8-3c0754157aba','537116830','P','2012-09-14 05:55:51','{"order": 22}');
INSERT INTO "SPREE_USER_BEHAVIORS" VALUES(56787,'c3629ea0-e05e-012f-41d8-3c0754157aba','413327074','S','2012-09-14 05:55:51','{"product": 1013589417}');
INSERT INTO "SPREE_USER_BEHAVIORS" VALUES(56788,'c3629ea0-e05e-012f-41d8-3c0754157aba','413327074','AC','2012-09-14 05:55:51','{"product": 1013589417, "availability": true, "quantity": 1}');
INSERT INTO "SPREE_USER_BEHAVIORS" VALUES(56789,'c3629ea0-e05e-012f-41d8-3c0754157aba','413327074','S','2012-09-14 05:55:51','{"product": 1013589424}');
INSERT INTO "SPREE_USER_BEHAVIORS" VALUES(56790,'c3629ea0-e05e-012f-41d8-3c0754157aba','413327074','AC','2012-09-14 05:55:51','{"product": 1013589424, "availability": true, "quantity": 1}');
INSERT INTO "SPREE_USER_BEHAVIORS" VALUES(56791,'c3629ea0-e05e-012f-41d8-3c0754157aba','413327074','P','2012-09-14 05:55:51','{"order": 23}');
INSERT INTO "SPREE_USER_BEHAVIORS" VALUES(56792,'c33631d0-e05e-012f-41d8-3c0754157aba','235774389','S','2012-09-14 05:55:51','{"product": 1013589417}');
INSERT INTO "SPREE_USER_BEHAVIORS" VALUES(56793,'c33631d0-e05e-012f-41d8-3c0754157aba','235774389','AC','2012-09-14 05:55:51','{"product": 1013589417, "availability": true, "quantity": 1}');
INSERT INTO "SPREE_USER_BEHAVIORS" VALUES(56794,'c33631d0-e05e-012f-41d8-3c0754157aba','235774389','S','2012-09-14 05:55:51','{"product": 1013589434}');
INSERT INTO "SPREE_USER_BEHAVIORS" VALUES(56795,'c33631d0-e05e-012f-41d8-3c0754157aba','235774389','AC','2012-09-14 05:55:51','{"product": 1013589434, "availability": true, "quantity": 1}');
INSERT INTO "SPREE_USER_BEHAVIORS" VALUES(56796,'c33631d0-e05e-012f-41d8-3c0754157aba','235774389','S','2012-09-14 05:55:51','{"product": 1013589426}');
INSERT INTO "SPREE_USER_BEHAVIORS" VALUES(56797,'c33631d0-e05e-012f-41d8-3c0754157aba','235774389','AC','2012-09-14 05:55:51','{"product": 1013589426, "availability": true, "quantity": 1}');
INSERT INTO "SPREE_USER_BEHAVIORS" VALUES(56798,'c33631d0-e05e-012f-41d8-3c0754157aba','235774389','P','2012-09-14 05:55:51','{"order": 24}');
INSERT INTO "SPREE_USER_BEHAVIORS" VALUES(56799,'c3677a80-e05e-012f-41d8-3c0754157aba','14035331','S','2012-09-14 05:55:51','{"product": 1013589426}');
INSERT INTO "SPREE_USER_BEHAVIORS" VALUES(56800,'c3677a80-e05e-012f-41d8-3c0754157aba','14035331','AC','2012-09-14 05:55:51','{"product": 1013589426, "availability": true, "quantity": 1}');
INSERT INTO "SPREE_USER_BEHAVIORS" VALUES(56801,'c3677a80-e05e-012f-41d8-3c0754157aba','14035331','S','2012-09-14 05:55:51','{"product": 1013589429}');
INSERT INTO "SPREE_USER_BEHAVIORS" VALUES(56802,'c3677a80-e05e-012f-41d8-3c0754157aba','14035331','AC','2012-09-14 05:55:51','{"product": 1013589429, "availability": true, "quantity": 1}');
INSERT INTO "SPREE_USER_BEHAVIORS" VALUES(56803,'c3677a80-e05e-012f-41d8-3c0754157aba','14035331','P','2012-09-14 05:55:51','{"order": 25}');
INSERT INTO "SPREE_USER_BEHAVIORS" VALUES(56804,'c33a4740-e05e-012f-41d8-3c0754157aba','590306657','S','2012-09-14 05:55:51','{"product": 1013589415}');
INSERT INTO "SPREE_USER_BEHAVIORS" VALUES(56805,'c33a4740-e05e-012f-41d8-3c0754157aba','590306657','AC','2012-09-14 05:55:51','{"product": 1013589415, "availability": true, "quantity": 1}');
INSERT INTO "SPREE_USER_BEHAVIORS" VALUES(56806,'c33a4740-e05e-012f-41d8-3c0754157aba','590306657','S','2012-09-14 05:55:51','{"product": 1013589430}');
INSERT INTO "SPREE_USER_BEHAVIORS" VALUES(56807,'c33a4740-e05e-012f-41d8-3c0754157aba','590306657','AC','2012-09-14 05:55:51','{"product": 1013589430, "availability": true, "quantity": 1}');
INSERT INTO "SPREE_USER_BEHAVIORS" VALUES(56808,'c33a4740-e05e-012f-41d8-3c0754157aba','590306657','P','2012-09-14 05:55:51','{"order": 26}');
INSERT INTO "SPREE_USER_BEHAVIORS" VALUES(56809,'c36c2430-e05e-012f-41d8-3c0754157aba','576673428','S','2012-09-14 05:55:51','{"product": 1013589434}');
INSERT INTO "SPREE_USER_BEHAVIORS" VALUES(56810,'c36c2430-e05e-012f-41d8-3c0754157aba','576673428','AC','2012-09-14 05:55:51','{"product": 1013589434, "availability": true, "quantity": 1}');
INSERT INTO "SPREE_USER_BEHAVIORS" VALUES(56811,'c36c2430-e05e-012f-41d8-3c0754157aba','576673428','S','2012-09-14 05:55:51','{"product": 1013589424}');
INSERT INTO "SPREE_USER_BEHAVIORS" VALUES(56812,'c36c2430-e05e-012f-41d8-3c0754157aba','576673428','AC','2012-09-14 05:55:51','{"product": 1013589424, "availability": true, "quantity": 1}');
INSERT INTO "SPREE_USER_BEHAVIORS" VALUES(56813,'c36c2430-e05e-012f-41d8-3c0754157aba','576673428','P','2012-09-14 05:55:51','{"order": 27}');
INSERT INTO "SPREE_USER_BEHAVIORS" VALUES(56814,'c36dc2d0-e05e-012f-41d8-3c0754157aba','357172992','S','2012-09-14 05:55:51','{"product": 1013589429}');
INSERT INTO "SPREE_USER_BEHAVIORS" VALUES(56815,'c36dc2d0-e05e-012f-41d8-3c0754157aba','357172992','AC','2012-09-14 05:55:51','{"product": 1013589429, "availability": true, "quantity": 1}');
INSERT INTO "SPREE_USER_BEHAVIORS" VALUES(56816,'c36dc2d0-e05e-012f-41d8-3c0754157aba','357172992','P','2012-09-14 05:55:51','{"order": 28}');
INSERT INTO "SPREE_USER_BEHAVIORS" VALUES(56817,'c3703bf0-e05e-012f-41d8-3c0754157aba','872804629','S','2012-09-14 05:55:51','{"product": 1013589429}');
INSERT INTO "SPREE_USER_BEHAVIORS" VALUES(56818,'c3703bf0-e05e-012f-41d8-3c0754157aba','872804629','AC','2012-09-14 05:55:51','{"product": 1013589429, "availability": true, "quantity": 1}');
INSERT INTO "SPREE_USER_BEHAVIORS" VALUES(56819,'c3703bf0-e05e-012f-41d8-3c0754157aba','872804629','P','2012-09-14 05:55:51','{"order": 29}');
INSERT INTO "SPREE_USER_BEHAVIORS" VALUES(56820,'c37142b0-e05e-012f-41d8-3c0754157aba','99056534','S','2012-09-14 05:55:51','{"product": 1013589430}');
INSERT INTO "SPREE_USER_BEHAVIORS" VALUES(56821,'c37142b0-e05e-012f-41d8-3c0754157aba','99056534','AC','2012-09-14 05:55:51','{"product": 1013589430, "availability": true, "quantity": 1}');
INSERT INTO "SPREE_USER_BEHAVIORS" VALUES(56822,'c37142b0-e05e-012f-41d8-3c0754157aba','99056534','S','2012-09-14 05:55:51','{"product": 1013589436}');
INSERT INTO "SPREE_USER_BEHAVIORS" VALUES(56823,'c37142b0-e05e-012f-41d8-3c0754157aba','99056534','AC','2012-09-14 05:55:51','{"product": 1013589436, "availability": true, "quantity": 1}');
INSERT INTO "SPREE_USER_BEHAVIORS" VALUES(56824,'c37142b0-e05e-012f-41d8-3c0754157aba','99056534','P','2012-09-14 05:55:51','{"order": 30}');
INSERT INTO "SPREE_USER_BEHAVIORS" VALUES(56825,'c3749900-e05e-012f-41d8-3c0754157aba','948998100','S','2012-09-14 05:55:51','{"product": 1013589417}');
INSERT INTO "SPREE_USER_BEHAVIORS" VALUES(56826,'c3749900-e05e-012f-41d8-3c0754157aba','948998100','AC','2012-09-14 05:55:51','{"product": 1013589417, "availability": true, "quantity": 1}');
INSERT INTO "SPREE_USER_BEHAVIORS" VALUES(56827,'c3749900-e05e-012f-41d8-3c0754157aba','948998100','S','2012-09-14 05:55:51','{"product": 1013589434}');
INSERT INTO "SPREE_USER_BEHAVIORS" VALUES(56828,'c3749900-e05e-012f-41d8-3c0754157aba','948998100','AC','2012-09-14 05:55:51','{"product": 1013589434, "availability": true, "quantity": 1}');
INSERT INTO "SPREE_USER_BEHAVIORS" VALUES(56829,'c3749900-e05e-012f-41d8-3c0754157aba','948998100','S','2012-09-14 05:55:51','{"product": 1013589426}');
INSERT INTO "SPREE_USER_BEHAVIORS" VALUES(56830,'c3749900-e05e-012f-41d8-3c0754157aba','948998100','AC','2012-09-14 05:55:51','{"product": 1013589426, "availability": true, "quantity": 1}');
INSERT INTO "SPREE_USER_BEHAVIORS" VALUES(56831,'c3749900-e05e-012f-41d8-3c0754157aba','948998100','P','2012-09-14 05:55:51','{"order": 31}');
INSERT INTO "SPREE_USER_BEHAVIORS" VALUES(56832,'c378fe70-e05e-012f-41d8-3c0754157aba','1009361868','S','2012-09-14 05:55:51','{"product": 1013589426}');
INSERT INTO "SPREE_USER_BEHAVIORS" VALUES(56833,'c378fe70-e05e-012f-41d8-3c0754157aba','1009361868','AC','2012-09-14 05:55:51','{"product": 1013589426, "availability": true, "quantity": 1}');
INSERT INTO "SPREE_USER_BEHAVIORS" VALUES(56834,'c378fe70-e05e-012f-41d8-3c0754157aba','1009361868','S','2012-09-14 05:55:51','{"product": 1013589429}');
INSERT INTO "SPREE_USER_BEHAVIORS" VALUES(56835,'c378fe70-e05e-012f-41d8-3c0754157aba','1009361868','AC','2012-09-14 05:55:51','{"product": 1013589429, "availability": true, "quantity": 1}');
INSERT INTO "SPREE_USER_BEHAVIORS" VALUES(56836,'c378fe70-e05e-012f-41d8-3c0754157aba','1009361868','P','2012-09-14 05:55:51','{"order": 32}');
INSERT INTO "SPREE_USER_BEHAVIORS" VALUES(56837,'c37aaa60-e05e-012f-41d8-3c0754157aba','533666555','S','2012-09-14 05:55:51','{"product": 1013589434}');
INSERT INTO "SPREE_USER_BEHAVIORS" VALUES(56838,'c37aaa60-e05e-012f-41d8-3c0754157aba','533666555','AC','2012-09-14 05:55:51','{"product": 1013589434, "availability": true, "quantity": 1}');
INSERT INTO "SPREE_USER_BEHAVIORS" VALUES(56839,'c37aaa60-e05e-012f-41d8-3c0754157aba','533666555','S','2012-09-14 05:55:51','{"product": 1013589424}');
INSERT INTO "SPREE_USER_BEHAVIORS" VALUES(56840,'c37aaa60-e05e-012f-41d8-3c0754157aba','533666555','AC','2012-09-14 05:55:51','{"product": 1013589424, "availability": true, "quantity": 1}');
INSERT INTO "SPREE_USER_BEHAVIORS" VALUES(56841,'c37aaa60-e05e-012f-41d8-3c0754157aba','533666555','P','2012-09-14 05:55:51','{"order": 33}');
INSERT INTO "SPREE_USER_BEHAVIORS" VALUES(56842,'c37ecaf0-e05e-012f-41d8-3c0754157aba','936450328','S','2012-09-14 05:55:51','{"product": 1013589436}');
INSERT INTO "SPREE_USER_BEHAVIORS" VALUES(56843,'c37ecaf0-e05e-012f-41d8-3c0754157aba','936450328','AC','2012-09-14 05:55:51','{"product": 1013589436, "availability": true, "quantity": 1}');
INSERT INTO "SPREE_USER_BEHAVIORS" VALUES(56844,'c37ecaf0-e05e-012f-41d8-3c0754157aba','936450328','P','2012-09-14 05:55:51','{"order": 34}');
INSERT INTO "SPREE_USER_BEHAVIORS" VALUES(56845,'c37fb3c0-e05e-012f-41d8-3c0754157aba','608344442','S','2012-09-14 05:55:51','{"product": 1013589436}');
INSERT INTO "SPREE_USER_BEHAVIORS" VALUES(56846,'c37fb3c0-e05e-012f-41d8-3c0754157aba','608344442','AC','2012-09-14 05:55:51','{"product": 1013589436, "availability": true, "quantity": 1}');
INSERT INTO "SPREE_USER_BEHAVIORS" VALUES(56847,'c37fb3c0-e05e-012f-41d8-3c0754157aba','608344442','P','2012-09-14 05:55:51','{"order": 35}');
INSERT INTO "SPREE_USER_BEHAVIORS" VALUES(56848,'c337aff0-e05e-012f-41d8-3c0754157aba','323332591','S','2012-09-14 05:55:51','{"product": 1013589415}');
INSERT INTO "SPREE_USER_BEHAVIORS" VALUES(56849,'c337aff0-e05e-012f-41d8-3c0754157aba','323332591','AC','2012-09-14 05:55:51','{"product": 1013589415, "availability": true, "quantity": 1}');
INSERT INTO "SPREE_USER_BEHAVIORS" VALUES(56850,'c337aff0-e05e-012f-41d8-3c0754157aba','323332591','S','2012-09-14 05:55:51','{"product": 1013589430}');
INSERT INTO "SPREE_USER_BEHAVIORS" VALUES(56851,'c337aff0-e05e-012f-41d8-3c0754157aba','323332591','AC','2012-09-14 05:55:51','{"product": 1013589430, "availability": true, "quantity": 1}');
INSERT INTO "SPREE_USER_BEHAVIORS" VALUES(56852,'c337aff0-e05e-012f-41d8-3c0754157aba','323332591','P','2012-09-14 05:55:51','{"order": 36}');
INSERT INTO "SPREE_USER_BEHAVIORS" VALUES(56853,'c384cc40-e05e-012f-41d8-3c0754157aba','206649281','S','2012-09-14 05:55:51','{"product": 1013589417}');
INSERT INTO "SPREE_USER_BEHAVIORS" VALUES(56854,'c384cc40-e05e-012f-41d8-3c0754157aba','206649281','AC','2012-09-14 05:55:51','{"product": 1013589417, "availability": true, "quantity": 1}');
INSERT INTO "SPREE_USER_BEHAVIORS" VALUES(56855,'c384cc40-e05e-012f-41d8-3c0754157aba','206649281','S','2012-09-14 05:55:51','{"product": 1013589424}');
INSERT INTO "SPREE_USER_BEHAVIORS" VALUES(56856,'c384cc40-e05e-012f-41d8-3c0754157aba','206649281','AC','2012-09-14 05:55:51','{"product": 1013589424, "availability": true, "quantity": 1}');
INSERT INTO "SPREE_USER_BEHAVIORS" VALUES(56857,'c384cc40-e05e-012f-41d8-3c0754157aba','206649281','P','2012-09-14 05:55:51','{"order": 37}');
INSERT INTO "SPREE_USER_BEHAVIORS" VALUES(56858,'c3889d40-e05e-012f-41d8-3c0754157aba','187601757','S','2012-09-14 05:55:51','{"product": 1013589428}');
INSERT INTO "SPREE_USER_BEHAVIORS" VALUES(56859,'c3889d40-e05e-012f-41d8-3c0754157aba','187601757','AC','2012-09-14 05:55:51','{"product": 1013589428, "availability": true, "quantity": 1}');
INSERT INTO "SPREE_USER_BEHAVIORS" VALUES(56860,'c3889d40-e05e-012f-41d8-3c0754157aba','187601757','P','2012-09-14 05:55:51','{"order": 38}');
INSERT INTO "SPREE_USER_BEHAVIORS" VALUES(56861,'c389aa60-e05e-012f-41d8-3c0754157aba','534608386','S','2012-09-14 05:55:51','{"product": 1013589429}');
INSERT INTO "SPREE_USER_BEHAVIORS" VALUES(56862,'c389aa60-e05e-012f-41d8-3c0754157aba','534608386','AC','2012-09-14 05:55:51','{"product": 1013589429, "availability": true, "quantity": 1}');
INSERT INTO "SPREE_USER_BEHAVIORS" VALUES(56863,'c389aa60-e05e-012f-41d8-3c0754157aba','534608386','P','2012-09-14 05:55:51','{"order": 39}');
INSERT INTO "SPREE_USER_BEHAVIORS" VALUES(56864,'c38d46c0-e05e-012f-41d8-3c0754157aba','522756822','S','2012-09-14 05:55:51','{"product": 1013589415}');
INSERT INTO "SPREE_USER_BEHAVIORS" VALUES(56865,'c38d46c0-e05e-012f-41d8-3c0754157aba','522756822','AC','2012-09-14 05:55:51','{"product": 1013589415, "availability": true, "quantity": 1}');
INSERT INTO "SPREE_USER_BEHAVIORS" VALUES(56866,'c38d46c0-e05e-012f-41d8-3c0754157aba','522756822','S','2012-09-14 05:55:51','{"product": 1013589430}');
INSERT INTO "SPREE_USER_BEHAVIORS" VALUES(56867,'c38d46c0-e05e-012f-41d8-3c0754157aba','522756822','AC','2012-09-14 05:55:51','{"product": 1013589430, "availability": true, "quantity": 1}');
INSERT INTO "SPREE_USER_BEHAVIORS" VALUES(56868,'c38d46c0-e05e-012f-41d8-3c0754157aba','522756822','P','2012-09-14 05:55:51','{"order": 40}');
INSERT INTO "SPREE_USER_BEHAVIORS" VALUES(56869,'c38ee800-e05e-012f-41d8-3c0754157aba','522756822','S','2012-09-14 05:55:51','{"product": 1013589415}');
INSERT INTO "SPREE_USER_BEHAVIORS" VALUES(56870,'c38ee800-e05e-012f-41d8-3c0754157aba','522756822','AC','2012-09-14 05:55:51','{"product": 1013589415, "availability": true, "quantity": 1}');
INSERT INTO "SPREE_USER_BEHAVIORS" VALUES(56871,'c38ee800-e05e-012f-41d8-3c0754157aba','522756822','S','2012-09-14 05:55:51','{"product": 1013589430}');
INSERT INTO "SPREE_USER_BEHAVIORS" VALUES(56872,'c38ee800-e05e-012f-41d8-3c0754157aba','522756822','AC','2012-09-14 05:55:51','{"product": 1013589430, "availability": true, "quantity": 1}');
INSERT INTO "SPREE_USER_BEHAVIORS" VALUES(56873,'c38ee800-e05e-012f-41d8-3c0754157aba','522756822','P','2012-09-14 05:55:51','{"order": 41}');
INSERT INTO "SPREE_USER_BEHAVIORS" VALUES(56874,'c3931f40-e05e-012f-41d8-3c0754157aba','675148478','S','2012-09-14 05:55:51','{"product": 1013589434}');
INSERT INTO "SPREE_USER_BEHAVIORS" VALUES(56875,'c3931f40-e05e-012f-41d8-3c0754157aba','675148478','AC','2012-09-14 05:55:51','{"product": 1013589434, "availability": true, "quantity": 1}');
INSERT INTO "SPREE_USER_BEHAVIORS" VALUES(56876,'c3931f40-e05e-012f-41d8-3c0754157aba','675148478','P','2012-09-14 05:55:51','{"order": 42}');
INSERT INTO "SPREE_USER_BEHAVIORS" VALUES(56877,'c3940ec0-e05e-012f-41d8-3c0754157aba','675148478','S','2012-09-14 05:55:51','{"product": 1013589434}');
INSERT INTO "SPREE_USER_BEHAVIORS" VALUES(56878,'c3940ec0-e05e-012f-41d8-3c0754157aba','675148478','AC','2012-09-14 05:55:51','{"product": 1013589434, "availability": true, "quantity": 1}');
INSERT INTO "SPREE_USER_BEHAVIORS" VALUES(56879,'c3940ec0-e05e-012f-41d8-3c0754157aba','675148478','P','2012-09-14 05:55:51','{"order": 43}');
INSERT INTO "SPREE_USER_BEHAVIORS" VALUES(56880,'c3977fe0-e05e-012f-41d8-3c0754157aba','261603145','S','2012-09-14 05:55:51','{"product": 1013589426}');
INSERT INTO "SPREE_USER_BEHAVIORS" VALUES(56881,'c3977fe0-e05e-012f-41d8-3c0754157aba','261603145','AC','2012-09-14 05:55:51','{"product": 1013589426, "availability": true, "quantity": 1}');
INSERT INTO "SPREE_USER_BEHAVIORS" VALUES(56882,'c3977fe0-e05e-012f-41d8-3c0754157aba','261603145','S','2012-09-14 05:55:51','{"product": 1013589429}');
INSERT INTO "SPREE_USER_BEHAVIORS" VALUES(56883,'c3977fe0-e05e-012f-41d8-3c0754157aba','261603145','AC','2012-09-14 05:55:51','{"product": 1013589429, "availability": true, "quantity": 1}');
INSERT INTO "SPREE_USER_BEHAVIORS" VALUES(56884,'c3977fe0-e05e-012f-41d8-3c0754157aba','261603145','P','2012-09-14 05:55:51','{"order": 44}');
INSERT INTO "SPREE_USER_BEHAVIORS" VALUES(56885,'c3991e40-e05e-012f-41d8-3c0754157aba','261603145','S','2012-09-14 05:55:51','{"product": 1013589426}');
INSERT INTO "SPREE_USER_BEHAVIORS" VALUES(56886,'c3991e40-e05e-012f-41d8-3c0754157aba','261603145','AC','2012-09-14 05:55:51','{"product": 1013589426, "availability": true, "quantity": 1}');
INSERT INTO "SPREE_USER_BEHAVIORS" VALUES(56887,'c3991e40-e05e-012f-41d8-3c0754157aba','261603145','S','2012-09-14 05:55:51','{"product": 1013589429}');
INSERT INTO "SPREE_USER_BEHAVIORS" VALUES(56888,'c3991e40-e05e-012f-41d8-3c0754157aba','261603145','AC','2012-09-14 05:55:51','{"product": 1013589429, "availability": true, "quantity": 1}');
INSERT INTO "SPREE_USER_BEHAVIORS" VALUES(56889,'c3991e40-e05e-012f-41d8-3c0754157aba','261603145','P','2012-09-14 05:55:51','{"order": 45}');
INSERT INTO "SPREE_USER_BEHAVIORS" VALUES(56890,'c340ee20-e05e-012f-41d8-3c0754157aba','835918637','S','2012-09-14 05:55:51','{"product": 1013589434}');
INSERT INTO "SPREE_USER_BEHAVIORS" VALUES(56891,'c340ee20-e05e-012f-41d8-3c0754157aba','835918637','AC','2012-09-14 05:55:51','{"product": 1013589434, "availability": true, "quantity": 1}');
INSERT INTO "SPREE_USER_BEHAVIORS" VALUES(56892,'c340ee20-e05e-012f-41d8-3c0754157aba','835918637','S','2012-09-14 05:55:51','{"product": 1013589424}');
INSERT INTO "SPREE_USER_BEHAVIORS" VALUES(56893,'c340ee20-e05e-012f-41d8-3c0754157aba','835918637','AC','2012-09-14 05:55:51','{"product": 1013589424, "availability": true, "quantity": 1}');
INSERT INTO "SPREE_USER_BEHAVIORS" VALUES(56894,'c340ee20-e05e-012f-41d8-3c0754157aba','835918637','P','2012-09-14 05:55:51','{"order": 46}');
INSERT INTO "SPREE_USER_BEHAVIORS" VALUES(56895,'c39ef440-e05e-012f-41d8-3c0754157aba','835918637','S','2012-09-14 05:55:51','{"product": 1013589434}');
INSERT INTO "SPREE_USER_BEHAVIORS" VALUES(56896,'c39ef440-e05e-012f-41d8-3c0754157aba','835918637','AC','2012-09-14 05:55:51','{"product": 1013589434, "availability": true, "quantity": 1}');
INSERT INTO "SPREE_USER_BEHAVIORS" VALUES(56897,'c39ef440-e05e-012f-41d8-3c0754157aba','835918637','S','2012-09-14 05:55:51','{"product": 1013589424}');
INSERT INTO "SPREE_USER_BEHAVIORS" VALUES(56898,'c39ef440-e05e-012f-41d8-3c0754157aba','835918637','AC','2012-09-14 05:55:51','{"product": 1013589424, "availability": true, "quantity": 1}');
INSERT INTO "SPREE_USER_BEHAVIORS" VALUES(56899,'c39ef440-e05e-012f-41d8-3c0754157aba','835918637','P','2012-09-14 05:55:51','{"order": 47}');
INSERT INTO "SPREE_USER_BEHAVIORS" VALUES(56900,'c3a30140-e05e-012f-41d8-3c0754157aba','825533186','S','2012-09-14 05:55:51','{"product": 1013589430}');
INSERT INTO "SPREE_USER_BEHAVIORS" VALUES(56901,'c3a30140-e05e-012f-41d8-3c0754157aba','825533186','AC','2012-09-14 05:55:51','{"product": 1013589430, "availability": true, "quantity": 1}');
INSERT INTO "SPREE_USER_BEHAVIORS" VALUES(56902,'c3a30140-e05e-012f-41d8-3c0754157aba','825533186','S','2012-09-14 05:55:51','{"product": 1013589436}');
INSERT INTO "SPREE_USER_BEHAVIORS" VALUES(56903,'c3a30140-e05e-012f-41d8-3c0754157aba','825533186','AC','2012-09-14 05:55:51','{"product": 1013589436, "availability": true, "quantity": 1}');
INSERT INTO "SPREE_USER_BEHAVIORS" VALUES(56904,'c3a30140-e05e-012f-41d8-3c0754157aba','825533186','P','2012-09-14 05:55:51','{"order": 48}');
INSERT INTO "SPREE_USER_BEHAVIORS" VALUES(56905,'c3a6c110-e05e-012f-41d8-3c0754157aba','825533186','S','2012-09-14 05:55:51','{"product": 1013589428}');
INSERT INTO "SPREE_USER_BEHAVIORS" VALUES(56906,'c3a6c110-e05e-012f-41d8-3c0754157aba','825533186','AC','2012-09-14 05:55:51','{"product": 1013589428, "availability": true, "quantity": 1}');
INSERT INTO "SPREE_USER_BEHAVIORS" VALUES(56907,'c3a6c110-e05e-012f-41d8-3c0754157aba','825533186','P','2012-09-14 05:55:51','{"order": 49}');
INSERT INTO "SPREE_USER_BEHAVIORS" VALUES(56908,'c33d4800-e05e-012f-41d8-3c0754157aba','684206702','S','2012-09-14 05:55:51','{"product": 1013589417}');
INSERT INTO "SPREE_USER_BEHAVIORS" VALUES(56909,'c33d4800-e05e-012f-41d8-3c0754157aba','684206702','AC','2012-09-14 05:55:51','{"product": 1013589417, "availability": true, "quantity": 1}');
INSERT INTO "SPREE_USER_BEHAVIORS" VALUES(56910,'c33d4800-e05e-012f-41d8-3c0754157aba','684206702','S','2012-09-14 05:55:51','{"product": 1013589434}');
INSERT INTO "SPREE_USER_BEHAVIORS" VALUES(56911,'c33d4800-e05e-012f-41d8-3c0754157aba','684206702','AC','2012-09-14 05:55:51','{"product": 1013589434, "availability": true, "quantity": 1}');
INSERT INTO "SPREE_USER_BEHAVIORS" VALUES(56912,'c33d4800-e05e-012f-41d8-3c0754157aba','684206702','S','2012-09-14 05:55:51','{"product": 1013589426}');
INSERT INTO "SPREE_USER_BEHAVIORS" VALUES(56913,'c33d4800-e05e-012f-41d8-3c0754157aba','684206702','AC','2012-09-14 05:55:51','{"product": 1013589426, "availability": true, "quantity": 1}');
INSERT INTO "SPREE_USER_BEHAVIORS" VALUES(56914,'c33d4800-e05e-012f-41d8-3c0754157aba','684206702','P','2012-09-14 05:55:51','{"order": 50}');
INSERT INTO "SPREE_USER_BEHAVIORS" VALUES(56915,'c3ac83f0-e05e-012f-41d8-3c0754157aba','684206702','S','2012-09-14 05:55:51','{"product": 1013589422}');
INSERT INTO "SPREE_USER_BEHAVIORS" VALUES(56916,'c3ac83f0-e05e-012f-41d8-3c0754157aba','684206702','AC','2012-09-14 05:55:51','{"product": 1013589422, "availability": true, "quantity": 1}');
INSERT INTO "SPREE_USER_BEHAVIORS" VALUES(56917,'c3ac83f0-e05e-012f-41d8-3c0754157aba','684206702','S','2012-09-14 05:55:51','{"product": 1013589434}');
INSERT INTO "SPREE_USER_BEHAVIORS" VALUES(56918,'c3ac83f0-e05e-012f-41d8-3c0754157aba','684206702','AC','2012-09-14 05:55:51','{"product": 1013589434, "availability": true, "quantity": 1}');
INSERT INTO "SPREE_USER_BEHAVIORS" VALUES(56919,'c3ac83f0-e05e-012f-41d8-3c0754157aba','684206702','P','2012-09-14 05:55:51','{"order": 51}');
INSERT INTO "SPREE_USER_BEHAVIORS" VALUES(56920,'c3ae3240-e05e-012f-41d8-3c0754157aba','975572189','S','2012-09-14 05:55:51','{"product": 1013589434}');
INSERT INTO "SPREE_USER_BEHAVIORS" VALUES(56921,'c3ae3240-e05e-012f-41d8-3c0754157aba','975572189','AC','2012-09-14 05:55:52','{"product": 1013589434, "availability": true, "quantity": 1}');
INSERT INTO "SPREE_USER_BEHAVIORS" VALUES(56922,'c3ae3240-e05e-012f-41d8-3c0754157aba','975572189','P','2012-09-14 05:55:52','{"order": 52}');
INSERT INTO "SPREE_USER_BEHAVIORS" VALUES(56923,'c3b19f20-e05e-012f-41d8-3c0754157aba','975572189','S','2012-09-14 05:55:52','{"product": 1013589434}');
INSERT INTO "SPREE_USER_BEHAVIORS" VALUES(56924,'c3b19f20-e05e-012f-41d8-3c0754157aba','975572189','AC','2012-09-14 05:55:52','{"product": 1013589434, "availability": true, "quantity": 1}');
INSERT INTO "SPREE_USER_BEHAVIORS" VALUES(56925,'c3b19f20-e05e-012f-41d8-3c0754157aba','975572189','S','2012-09-14 05:55:52','{"product": 1013589424}');
INSERT INTO "SPREE_USER_BEHAVIORS" VALUES(56926,'c3b19f20-e05e-012f-41d8-3c0754157aba','975572189','AC','2012-09-14 05:55:52','{"product": 1013589424, "availability": true, "quantity": 1}');
INSERT INTO "SPREE_USER_BEHAVIORS" VALUES(56927,'c3b19f20-e05e-012f-41d8-3c0754157aba','975572189','P','2012-09-14 05:55:52','{"order": 53}');
INSERT INTO "SPREE_USER_BEHAVIORS" VALUES(56928,'c336eff0-e05e-012f-41d8-3c0754157aba','75326820','S','2012-09-14 05:55:52','{"product": 1013589417}');
INSERT INTO "SPREE_USER_BEHAVIORS" VALUES(56929,'c336eff0-e05e-012f-41d8-3c0754157aba','75326820','AC','2012-09-14 05:55:52','{"product": 1013589417, "availability": true, "quantity": 1}');
INSERT INTO "SPREE_USER_BEHAVIORS" VALUES(56930,'c336eff0-e05e-012f-41d8-3c0754157aba','75326820','S','2012-09-14 05:55:52','{"product": 1013589434}');
INSERT INTO "SPREE_USER_BEHAVIORS" VALUES(56931,'c336eff0-e05e-012f-41d8-3c0754157aba','75326820','AC','2012-09-14 05:55:52','{"product": 1013589434, "availability": true, "quantity": 1}');
INSERT INTO "SPREE_USER_BEHAVIORS" VALUES(56932,'c336eff0-e05e-012f-41d8-3c0754157aba','75326820','S','2012-09-14 05:55:52','{"product": 1013589426}');
INSERT INTO "SPREE_USER_BEHAVIORS" VALUES(56933,'c336eff0-e05e-012f-41d8-3c0754157aba','75326820','AC','2012-09-14 05:55:52','{"product": 1013589426, "availability": true, "quantity": 1}');
INSERT INTO "SPREE_USER_BEHAVIORS" VALUES(56934,'c336eff0-e05e-012f-41d8-3c0754157aba','75326820','P','2012-09-14 05:55:52','{"order": 54}');
INSERT INTO "SPREE_USER_BEHAVIORS" VALUES(56935,'c3b79460-e05e-012f-41d8-3c0754157aba','75326820','S','2012-09-14 05:55:52','{"product": 1013589422}');
INSERT INTO "SPREE_USER_BEHAVIORS" VALUES(56936,'c3b79460-e05e-012f-41d8-3c0754157aba','75326820','AC','2012-09-14 05:55:52','{"product": 1013589422, "availability": true, "quantity": 1}');
INSERT INTO "SPREE_USER_BEHAVIORS" VALUES(56937,'c3b79460-e05e-012f-41d8-3c0754157aba','75326820','S','2012-09-14 05:55:52','{"product": 1013589434}');
INSERT INTO "SPREE_USER_BEHAVIORS" VALUES(56938,'c3b79460-e05e-012f-41d8-3c0754157aba','75326820','AC','2012-09-14 05:55:52','{"product": 1013589434, "availability": true, "quantity": 1}');
INSERT INTO "SPREE_USER_BEHAVIORS" VALUES(56939,'c3b79460-e05e-012f-41d8-3c0754157aba','75326820','P','2012-09-14 05:55:52','{"order": 55}');
INSERT INTO "SPREE_USER_BEHAVIORS" VALUES(56940,'c3bbd8f0-e05e-012f-41d8-3c0754157aba','28020570','S','2012-09-14 05:55:52','{"product": 1013589434}');
INSERT INTO "SPREE_USER_BEHAVIORS" VALUES(56941,'c3bbd8f0-e05e-012f-41d8-3c0754157aba','28020570','AC','2012-09-14 05:55:52','{"product": 1013589434, "availability": true, "quantity": 1}');
INSERT INTO "SPREE_USER_BEHAVIORS" VALUES(56942,'c3bbd8f0-e05e-012f-41d8-3c0754157aba','28020570','S','2012-09-14 05:55:52','{"product": 1013589424}');
INSERT INTO "SPREE_USER_BEHAVIORS" VALUES(56943,'c3bbd8f0-e05e-012f-41d8-3c0754157aba','28020570','AC','2012-09-14 05:55:52','{"product": 1013589424, "availability": true, "quantity": 1}');
INSERT INTO "SPREE_USER_BEHAVIORS" VALUES(56944,'c3bbd8f0-e05e-012f-41d8-3c0754157aba','28020570','P','2012-09-14 05:55:52','{"order": 56}');
INSERT INTO "SPREE_USER_BEHAVIORS" VALUES(56945,'c3bd89b0-e05e-012f-41d8-3c0754157aba','28020570','S','2012-09-14 05:55:52','{"product": 1013589434}');
INSERT INTO "SPREE_USER_BEHAVIORS" VALUES(56946,'c3bd89b0-e05e-012f-41d8-3c0754157aba','28020570','AC','2012-09-14 05:55:52','{"product": 1013589434, "availability": true, "quantity": 1}');
INSERT INTO "SPREE_USER_BEHAVIORS" VALUES(56947,'c3bd89b0-e05e-012f-41d8-3c0754157aba','28020570','S','2012-09-14 05:55:52','{"product": 1013589424}');
INSERT INTO "SPREE_USER_BEHAVIORS" VALUES(56948,'c3bd89b0-e05e-012f-41d8-3c0754157aba','28020570','AC','2012-09-14 05:55:52','{"product": 1013589424, "availability": true, "quantity": 1}');
INSERT INTO "SPREE_USER_BEHAVIORS" VALUES(56949,'c3bd89b0-e05e-012f-41d8-3c0754157aba','28020570','P','2012-09-14 05:55:52','{"order": 57}');
INSERT INTO "SPREE_USER_BEHAVIORS" VALUES(56950,'c3c14bc0-e05e-012f-41d8-3c0754157aba','157312430','S','2012-09-14 05:55:52','{"product": 1013589436}');
INSERT INTO "SPREE_USER_BEHAVIORS" VALUES(56951,'c3c14bc0-e05e-012f-41d8-3c0754157aba','157312430','AC','2012-09-14 05:55:52','{"product": 1013589436, "availability": true, "quantity": 1}');
INSERT INTO "SPREE_USER_BEHAVIORS" VALUES(56952,'c3c14bc0-e05e-012f-41d8-3c0754157aba','157312430','P','2012-09-14 05:55:52','{"order": 58}');
INSERT INTO "SPREE_USER_BEHAVIORS" VALUES(56953,'c3c25220-e05e-012f-41d8-3c0754157aba','157312430','S','2012-09-14 05:55:52','{"product": 1013589434}');
INSERT INTO "SPREE_USER_BEHAVIORS" VALUES(56954,'c3c25220-e05e-012f-41d8-3c0754157aba','157312430','AC','2012-09-14 05:55:52','{"product": 1013589434, "availability": true, "quantity": 1}');
INSERT INTO "SPREE_USER_BEHAVIORS" VALUES(56955,'c3c25220-e05e-012f-41d8-3c0754157aba','157312430','P','2012-09-14 05:55:52','{"order": 59}');
INSERT INTO "SPREE_USER_BEHAVIORS" VALUES(56956,'c3c59c60-e05e-012f-41d8-3c0754157aba','436965436','S','2012-09-14 05:55:52','{"product": 1013589429}');
INSERT INTO "SPREE_USER_BEHAVIORS" VALUES(56957,'c3c59c60-e05e-012f-41d8-3c0754157aba','436965436','AC','2012-09-14 05:55:52','{"product": 1013589429, "availability": true, "quantity": 1}');
INSERT INTO "SPREE_USER_BEHAVIORS" VALUES(56958,'c3c59c60-e05e-012f-41d8-3c0754157aba','436965436','P','2012-09-14 05:55:52','{"order": 60}');
INSERT INTO "SPREE_USER_BEHAVIORS" VALUES(56959,'c3c69e20-e05e-012f-41d8-3c0754157aba','436965436','S','2012-09-14 05:55:52','{"product": 1013589428}');
INSERT INTO "SPREE_USER_BEHAVIORS" VALUES(56960,'c3c69e20-e05e-012f-41d8-3c0754157aba','436965436','AC','2012-09-14 05:55:52','{"product": 1013589428, "availability": true, "quantity": 1}');
INSERT INTO "SPREE_USER_BEHAVIORS" VALUES(56961,'c3c69e20-e05e-012f-41d8-3c0754157aba','436965436','P','2012-09-14 05:55:52','{"order": 61}');
INSERT INTO "SPREE_USER_BEHAVIORS" VALUES(56962,'c3c7ae30-e05e-012f-41d8-3c0754157aba','800558738','S','2012-09-14 05:55:52','{"product": 1013589415}');
INSERT INTO "SPREE_USER_BEHAVIORS" VALUES(56963,'c3c7ae30-e05e-012f-41d8-3c0754157aba','800558738','AC','2012-09-14 05:55:52','{"product": 1013589415, "availability": true, "quantity": 1}');
INSERT INTO "SPREE_USER_BEHAVIORS" VALUES(56964,'c3c7ae30-e05e-012f-41d8-3c0754157aba','800558738','S','2012-09-14 05:55:52','{"product": 1013589430}');
INSERT INTO "SPREE_USER_BEHAVIORS" VALUES(56965,'c3c7ae30-e05e-012f-41d8-3c0754157aba','800558738','AC','2012-09-14 05:55:52','{"product": 1013589430, "availability": true, "quantity": 1}');
INSERT INTO "SPREE_USER_BEHAVIORS" VALUES(56966,'c3c7ae30-e05e-012f-41d8-3c0754157aba','800558738','P','2012-09-14 05:55:52','{"order": 62}');
INSERT INTO "SPREE_USER_BEHAVIORS" VALUES(56967,'c3cb53f0-e05e-012f-41d8-3c0754157aba','800558738','S','2012-09-14 05:55:52','{"product": 1013589415}');
INSERT INTO "SPREE_USER_BEHAVIORS" VALUES(56968,'c3cb53f0-e05e-012f-41d8-3c0754157aba','800558738','AC','2012-09-14 05:55:52','{"product": 1013589415, "availability": true, "quantity": 1}');
INSERT INTO "SPREE_USER_BEHAVIORS" VALUES(56969,'c3cb53f0-e05e-012f-41d8-3c0754157aba','800558738','S','2012-09-14 05:55:52','{"product": 1013589430}');
INSERT INTO "SPREE_USER_BEHAVIORS" VALUES(56970,'c3cb53f0-e05e-012f-41d8-3c0754157aba','800558738','AC','2012-09-14 05:55:52','{"product": 1013589430, "availability": true, "quantity": 1}');
INSERT INTO "SPREE_USER_BEHAVIORS" VALUES(56971,'c3cb53f0-e05e-012f-41d8-3c0754157aba','800558738','P','2012-09-14 05:55:52','{"order": 63}');
INSERT INTO "SPREE_USER_BEHAVIORS" VALUES(56972,'c3cf7970-e05e-012f-41d8-3c0754157aba','793786021','S','2012-09-14 05:55:52','{"product": 1013589434}');
INSERT INTO "SPREE_USER_BEHAVIORS" VALUES(56973,'c3cf7970-e05e-012f-41d8-3c0754157aba','793786021','AC','2012-09-14 05:55:52','{"product": 1013589434, "availability": true, "quantity": 1}');
INSERT INTO "SPREE_USER_BEHAVIORS" VALUES(56974,'c3cf7970-e05e-012f-41d8-3c0754157aba','793786021','P','2012-09-14 05:55:52','{"order": 64}');
INSERT INTO "SPREE_USER_BEHAVIORS" VALUES(56975,'c3d08120-e05e-012f-41d8-3c0754157aba','793786021','S','2012-09-14 05:55:52','{"product": 1013589436}');
INSERT INTO "SPREE_USER_BEHAVIORS" VALUES(56976,'c3d08120-e05e-012f-41d8-3c0754157aba','793786021','AC','2012-09-14 05:55:52','{"product": 1013589436, "availability": true, "quantity": 1}');
INSERT INTO "SPREE_USER_BEHAVIORS" VALUES(56977,'c3d08120-e05e-012f-41d8-3c0754157aba','793786021','P','2012-09-14 05:55:52','{"order": 65}');
INSERT INTO "SPREE_USER_BEHAVIORS" VALUES(56978,'c3d19540-e05e-012f-41d8-3c0754157aba','995493676','S','2012-09-14 05:55:52','{"product": 1013589417}');
INSERT INTO "SPREE_USER_BEHAVIORS" VALUES(56979,'c3d19540-e05e-012f-41d8-3c0754157aba','995493676','AC','2012-09-14 05:55:52','{"product": 1013589417, "availability": true, "quantity": 1}');
INSERT INTO "SPREE_USER_BEHAVIORS" VALUES(56980,'c3d19540-e05e-012f-41d8-3c0754157aba','995493676','S','2012-09-14 05:55:52','{"product": 1013589434}');
INSERT INTO "SPREE_USER_BEHAVIORS" VALUES(56981,'c3d19540-e05e-012f-41d8-3c0754157aba','995493676','AC','2012-09-14 05:55:52','{"product": 1013589434, "availability": true, "quantity": 1}');
INSERT INTO "SPREE_USER_BEHAVIORS" VALUES(56982,'c3d19540-e05e-012f-41d8-3c0754157aba','995493676','S','2012-09-14 05:55:52','{"product": 1013589426}');
INSERT INTO "SPREE_USER_BEHAVIORS" VALUES(56983,'c3d19540-e05e-012f-41d8-3c0754157aba','995493676','AC','2012-09-14 05:55:52','{"product": 1013589426, "availability": true, "quantity": 1}');
INSERT INTO "SPREE_USER_BEHAVIORS" VALUES(56984,'c3d19540-e05e-012f-41d8-3c0754157aba','995493676','P','2012-09-14 05:55:52','{"order": 66}');
INSERT INTO "SPREE_USER_BEHAVIORS" VALUES(56985,'c3d5d120-e05e-012f-41d8-3c0754157aba','995493676','S','2012-09-14 05:55:52','{"product": 1013589416}');
INSERT INTO "SPREE_USER_BEHAVIORS" VALUES(56986,'c3d5d120-e05e-012f-41d8-3c0754157aba','995493676','AC','2012-09-14 05:55:52','{"product": 1013589416, "availability": true, "quantity": 1}');
INSERT INTO "SPREE_USER_BEHAVIORS" VALUES(56987,'c3d5d120-e05e-012f-41d8-3c0754157aba','995493676','P','2012-09-14 05:55:52','{"order": 67}');
INSERT INTO "SPREE_USER_BEHAVIORS" VALUES(56988,'c3d6e8c0-e05e-012f-41d8-3c0754157aba','50512260','S','2012-09-14 05:55:52','{"product": 1013589429}');
INSERT INTO "SPREE_USER_BEHAVIORS" VALUES(56989,'c3d6e8c0-e05e-012f-41d8-3c0754157aba','50512260','AC','2012-09-14 05:55:52','{"product": 1013589429, "availability": true, "quantity": 1}');
INSERT INTO "SPREE_USER_BEHAVIORS" VALUES(56990,'c3d6e8c0-e05e-012f-41d8-3c0754157aba','50512260','P','2012-09-14 05:55:52','{"order": 68}');
INSERT INTO "SPREE_USER_BEHAVIORS" VALUES(56991,'c3da5e40-e05e-012f-41d8-3c0754157aba','50512260','S','2012-09-14 05:55:52','{"product": 1013589430}');
INSERT INTO "SPREE_USER_BEHAVIORS" VALUES(56992,'c3da5e40-e05e-012f-41d8-3c0754157aba','50512260','AC','2012-09-14 05:55:52','{"product": 1013589430, "availability": true, "quantity": 1}');
INSERT INTO "SPREE_USER_BEHAVIORS" VALUES(56993,'c3da5e40-e05e-012f-41d8-3c0754157aba','50512260','S','2012-09-14 05:55:52','{"product": 1013589436}');
INSERT INTO "SPREE_USER_BEHAVIORS" VALUES(56994,'c3da5e40-e05e-012f-41d8-3c0754157aba','50512260','AC','2012-09-14 05:55:52','{"product": 1013589436, "availability": true, "quantity": 1}');
INSERT INTO "SPREE_USER_BEHAVIORS" VALUES(56995,'c3da5e40-e05e-012f-41d8-3c0754157aba','50512260','P','2012-09-14 05:55:52','{"order": 69}');
INSERT INTO "SPREE_USER_BEHAVIORS" VALUES(56996,'c3dc0d60-e05e-012f-41d8-3c0754157aba','21772151','S','2012-09-14 05:55:52','{"product": 1013589436}');
INSERT INTO "SPREE_USER_BEHAVIORS" VALUES(56997,'c3dc0d60-e05e-012f-41d8-3c0754157aba','21772151','AC','2012-09-14 05:55:52','{"product": 1013589436, "availability": true, "quantity": 1}');
INSERT INTO "SPREE_USER_BEHAVIORS" VALUES(56998,'c3dc0d60-e05e-012f-41d8-3c0754157aba','21772151','P','2012-09-14 05:55:52','{"order": 70}');
INSERT INTO "SPREE_USER_BEHAVIORS" VALUES(56999,'c3df0250-e05e-012f-41d8-3c0754157aba','21772151','S','2012-09-14 05:55:52','{"product": 1013589434}');
INSERT INTO "SPREE_USER_BEHAVIORS" VALUES(57000,'c3df0250-e05e-012f-41d8-3c0754157aba','21772151','AC','2012-09-14 05:55:52','{"product": 1013589434, "availability": true, "quantity": 1}');
INSERT INTO "SPREE_USER_BEHAVIORS" VALUES(57001,'c3df0250-e05e-012f-41d8-3c0754157aba','21772151','P','2012-09-14 05:55:52','{"order": 71}');
INSERT INTO "SPREE_USER_BEHAVIORS" VALUES(57002,'c3e00f00-e05e-012f-41d8-3c0754157aba','205739844','S','2012-09-14 05:55:52','{"product": 1013589436}');
INSERT INTO "SPREE_USER_BEHAVIORS" VALUES(57003,'c3e00f00-e05e-012f-41d8-3c0754157aba','205739844','AC','2012-09-14 05:55:52','{"product": 1013589436, "availability": true, "quantity": 1}');
INSERT INTO "SPREE_USER_BEHAVIORS" VALUES(57004,'c3e00f00-e05e-012f-41d8-3c0754157aba','205739844','P','2012-09-14 05:55:52','{"order": 72}');
INSERT INTO "SPREE_USER_BEHAVIORS" VALUES(57005,'c3e11640-e05e-012f-41d8-3c0754157aba','205739844','S','2012-09-14 05:55:52','{"product": 1013589434}');
INSERT INTO "SPREE_USER_BEHAVIORS" VALUES(57006,'c3e11640-e05e-012f-41d8-3c0754157aba','205739844','AC','2012-09-14 05:55:52','{"product": 1013589434, "availability": true, "quantity": 1}');
INSERT INTO "SPREE_USER_BEHAVIORS" VALUES(57007,'c3e11640-e05e-012f-41d8-3c0754157aba','205739844','P','2012-09-14 05:55:52','{"order": 73}');
INSERT INTO "SPREE_USER_BEHAVIORS" VALUES(57008,'c3e41d30-e05e-012f-41d8-3c0754157aba','378310152','S','2012-09-14 05:55:52','{"product": 1013589430}');
INSERT INTO "SPREE_USER_BEHAVIORS" VALUES(57009,'c3e41d30-e05e-012f-41d8-3c0754157aba','378310152','AC','2012-09-14 05:55:52','{"product": 1013589430, "availability": true, "quantity": 1}');
INSERT INTO "SPREE_USER_BEHAVIORS" VALUES(57010,'c3e41d30-e05e-012f-41d8-3c0754157aba','378310152','S','2012-09-14 05:55:52','{"product": 1013589436}');
INSERT INTO "SPREE_USER_BEHAVIORS" VALUES(57011,'c3e41d30-e05e-012f-41d8-3c0754157aba','378310152','AC','2012-09-14 05:55:52','{"product": 1013589436, "availability": true, "quantity": 1}');
INSERT INTO "SPREE_USER_BEHAVIORS" VALUES(57012,'c3e41d30-e05e-012f-41d8-3c0754157aba','378310152','P','2012-09-14 05:55:52','{"order": 74}');
INSERT INTO "SPREE_USER_BEHAVIORS" VALUES(57013,'c3e5e2a0-e05e-012f-41d8-3c0754157aba','378310152','S','2012-09-14 05:55:52','{"product": 1013589430}');
INSERT INTO "SPREE_USER_BEHAVIORS" VALUES(57014,'c3e5e2a0-e05e-012f-41d8-3c0754157aba','378310152','AC','2012-09-14 05:55:52','{"product": 1013589430, "availability": true, "quantity": 1}');
INSERT INTO "SPREE_USER_BEHAVIORS" VALUES(57015,'c3e5e2a0-e05e-012f-41d8-3c0754157aba','378310152','S','2012-09-14 05:55:52','{"product": 1013589436}');
INSERT INTO "SPREE_USER_BEHAVIORS" VALUES(57016,'c3e5e2a0-e05e-012f-41d8-3c0754157aba','378310152','AC','2012-09-14 05:55:52','{"product": 1013589436, "availability": true, "quantity": 1}');
INSERT INTO "SPREE_USER_BEHAVIORS" VALUES(57017,'c3e5e2a0-e05e-012f-41d8-3c0754157aba','378310152','P','2012-09-14 05:55:52','{"order": 75}');
INSERT INTO "SPREE_USER_BEHAVIORS" VALUES(57018,'c3e99dd0-e05e-012f-41d8-3c0754157aba','408356406','S','2012-09-14 05:55:52','{"product": 1013589434}');
INSERT INTO "SPREE_USER_BEHAVIORS" VALUES(57019,'c3e99dd0-e05e-012f-41d8-3c0754157aba','408356406','AC','2012-09-14 05:55:52','{"product": 1013589434, "availability": true, "quantity": 1}');
INSERT INTO "SPREE_USER_BEHAVIORS" VALUES(57020,'c3e99dd0-e05e-012f-41d8-3c0754157aba','408356406','S','2012-09-14 05:55:52','{"product": 1013589424}');
INSERT INTO "SPREE_USER_BEHAVIORS" VALUES(57021,'c3e99dd0-e05e-012f-41d8-3c0754157aba','408356406','AC','2012-09-14 05:55:52','{"product": 1013589424, "availability": true, "quantity": 1}');
INSERT INTO "SPREE_USER_BEHAVIORS" VALUES(57022,'c3e99dd0-e05e-012f-41d8-3c0754157aba','408356406','P','2012-09-14 05:55:52','{"order": 76}');
INSERT INTO "SPREE_USER_BEHAVIORS" VALUES(57023,'c3eb4ca0-e05e-012f-41d8-3c0754157aba','408356406','S','2012-09-14 05:55:52','{"product": 1013589434}');
INSERT INTO "SPREE_USER_BEHAVIORS" VALUES(57024,'c3eb4ca0-e05e-012f-41d8-3c0754157aba','408356406','AC','2012-09-14 05:55:52','{"product": 1013589434, "availability": true, "quantity": 1}');
INSERT INTO "SPREE_USER_BEHAVIORS" VALUES(57025,'c3eb4ca0-e05e-012f-41d8-3c0754157aba','408356406','S','2012-09-14 05:55:52','{"product": 1013589424}');
INSERT INTO "SPREE_USER_BEHAVIORS" VALUES(57026,'c3eb4ca0-e05e-012f-41d8-3c0754157aba','408356406','AC','2012-09-14 05:55:52','{"product": 1013589424, "availability": true, "quantity": 1}');
INSERT INTO "SPREE_USER_BEHAVIORS" VALUES(57027,'c3eb4ca0-e05e-012f-41d8-3c0754157aba','408356406','P','2012-09-14 05:55:52','{"order": 77}');
INSERT INTO "SPREE_USER_BEHAVIORS" VALUES(57028,'c3ef4ff0-e05e-012f-41d8-3c0754157aba','737901126','S','2012-09-14 05:55:52','{"product": 1013589430}');
INSERT INTO "SPREE_USER_BEHAVIORS" VALUES(57029,'c3ef4ff0-e05e-012f-41d8-3c0754157aba','737901126','AC','2012-09-14 05:55:52','{"product": 1013589430, "availability": true, "quantity": 1}');
INSERT INTO "SPREE_USER_BEHAVIORS" VALUES(57030,'c3ef4ff0-e05e-012f-41d8-3c0754157aba','737901126','S','2012-09-14 05:55:52','{"product": 1013589436}');
INSERT INTO "SPREE_USER_BEHAVIORS" VALUES(57031,'c3ef4ff0-e05e-012f-41d8-3c0754157aba','737901126','AC','2012-09-14 05:55:52','{"product": 1013589436, "availability": true, "quantity": 1}');
INSERT INTO "SPREE_USER_BEHAVIORS" VALUES(57032,'c3ef4ff0-e05e-012f-41d8-3c0754157aba','737901126','P','2012-09-14 05:55:52','{"order": 78}');
INSERT INTO "SPREE_USER_BEHAVIORS" VALUES(57033,'c3f31370-e05e-012f-41d8-3c0754157aba','737901126','S','2012-09-14 05:55:52','{"product": 1013589428}');
INSERT INTO "SPREE_USER_BEHAVIORS" VALUES(57034,'c3f31370-e05e-012f-41d8-3c0754157aba','737901126','AC','2012-09-14 05:55:52','{"product": 1013589428, "availability": true, "quantity": 1}');
INSERT INTO "SPREE_USER_BEHAVIORS" VALUES(57035,'c3f31370-e05e-012f-41d8-3c0754157aba','737901126','P','2012-09-14 05:55:52','{"order": 79}');
INSERT INTO "SPREE_USER_BEHAVIORS" VALUES(57036,'c3f42960-e05e-012f-41d8-3c0754157aba','386199561','S','2012-09-14 05:55:52','{"product": 1013589428}');
INSERT INTO "SPREE_USER_BEHAVIORS" VALUES(57037,'c3f42960-e05e-012f-41d8-3c0754157aba','386199561','AC','2012-09-14 05:55:52','{"product": 1013589428, "availability": true, "quantity": 1}');
INSERT INTO "SPREE_USER_BEHAVIORS" VALUES(57038,'c3f42960-e05e-012f-41d8-3c0754157aba','386199561','P','2012-09-14 05:55:52','{"order": 80}');
INSERT INTO "SPREE_USER_BEHAVIORS" VALUES(57039,'c3f53810-e05e-012f-41d8-3c0754157aba','386199561','S','2012-09-14 05:55:52','{"product": 1013589428}');
INSERT INTO "SPREE_USER_BEHAVIORS" VALUES(57040,'c3f53810-e05e-012f-41d8-3c0754157aba','386199561','AC','2012-09-14 05:55:52','{"product": 1013589428, "availability": true, "quantity": 1}');
INSERT INTO "SPREE_USER_BEHAVIORS" VALUES(57041,'c3f53810-e05e-012f-41d8-3c0754157aba','386199561','P','2012-09-14 05:55:52','{"order": 81}');
INSERT INTO "SPREE_USER_BEHAVIORS" VALUES(57042,'c3f80ff0-e05e-012f-41d8-3c0754157aba','386199561','S','2012-09-14 05:55:52','{"product": 1013589428}');
INSERT INTO "SPREE_USER_BEHAVIORS" VALUES(57043,'c3f80ff0-e05e-012f-41d8-3c0754157aba','386199561','AC','2012-09-14 05:55:52','{"product": 1013589428, "availability": true, "quantity": 1}');
INSERT INTO "SPREE_USER_BEHAVIORS" VALUES(57044,'c3f80ff0-e05e-012f-41d8-3c0754157aba','386199561','P','2012-09-14 05:55:52','{"order": 82}');
INSERT INTO "SPREE_USER_BEHAVIORS" VALUES(57045,'c3f91790-e05e-012f-41d8-3c0754157aba','386199561','S','2012-09-14 05:55:52','{"product": 1013589428}');
INSERT INTO "SPREE_USER_BEHAVIORS" VALUES(57046,'c3f91790-e05e-012f-41d8-3c0754157aba','386199561','AC','2012-09-14 05:55:52','{"product": 1013589428, "availability": true, "quantity": 1}');
INSERT INTO "SPREE_USER_BEHAVIORS" VALUES(57047,'c3f91790-e05e-012f-41d8-3c0754157aba','386199561','P','2012-09-14 05:55:52','{"order": 83}');
INSERT INTO "SPREE_USER_BEHAVIORS" VALUES(57048,'c334ba30-e05e-012f-41d8-3c0754157aba','275330066','S','2012-09-14 05:55:52','{"product": 1013589434}');
INSERT INTO "SPREE_USER_BEHAVIORS" VALUES(57049,'c334ba30-e05e-012f-41d8-3c0754157aba','275330066','AC','2012-09-14 05:55:52','{"product": 1013589434, "availability": true, "quantity": 1}');
INSERT INTO "SPREE_USER_BEHAVIORS" VALUES(57050,'c334ba30-e05e-012f-41d8-3c0754157aba','275330066','S','2012-09-14 05:55:52','{"product": 1013589424}');
INSERT INTO "SPREE_USER_BEHAVIORS" VALUES(57051,'c334ba30-e05e-012f-41d8-3c0754157aba','275330066','AC','2012-09-14 05:55:52','{"product": 1013589424, "availability": true, "quantity": 1}');
INSERT INTO "SPREE_USER_BEHAVIORS" VALUES(57052,'c334ba30-e05e-012f-41d8-3c0754157aba','275330066','P','2012-09-14 05:55:52','{"order": 84}');
INSERT INTO "SPREE_USER_BEHAVIORS" VALUES(57053,'c3fdee30-e05e-012f-41d8-3c0754157aba','275330066','S','2012-09-14 05:55:52','{"product": 1013589434}');
INSERT INTO "SPREE_USER_BEHAVIORS" VALUES(57054,'c3fdee30-e05e-012f-41d8-3c0754157aba','275330066','AC','2012-09-14 05:55:52','{"product": 1013589434, "availability": true, "quantity": 1}');
INSERT INTO "SPREE_USER_BEHAVIORS" VALUES(57055,'c3fdee30-e05e-012f-41d8-3c0754157aba','275330066','P','2012-09-14 05:55:52','{"order": 85}');
INSERT INTO "SPREE_USER_BEHAVIORS" VALUES(57056,'c3fed210-e05e-012f-41d8-3c0754157aba','275330066','S','2012-09-14 05:55:52','{"product": 1013589436}');
INSERT INTO "SPREE_USER_BEHAVIORS" VALUES(57057,'c3fed210-e05e-012f-41d8-3c0754157aba','275330066','AC','2012-09-14 05:55:52','{"product": 1013589436, "availability": true, "quantity": 1}');
INSERT INTO "SPREE_USER_BEHAVIORS" VALUES(57058,'c3fed210-e05e-012f-41d8-3c0754157aba','275330066','P','2012-09-14 05:55:52','{"order": 86}');
INSERT INTO "SPREE_USER_BEHAVIORS" VALUES(57059,'c4025450-e05e-012f-41d8-3c0754157aba','275330066','S','2012-09-14 05:55:52','{"product": 1013589436}');
INSERT INTO "SPREE_USER_BEHAVIORS" VALUES(57060,'c4025450-e05e-012f-41d8-3c0754157aba','275330066','AC','2012-09-14 05:55:52','{"product": 1013589436, "availability": true, "quantity": 1}');
INSERT INTO "SPREE_USER_BEHAVIORS" VALUES(57061,'c4025450-e05e-012f-41d8-3c0754157aba','275330066','P','2012-09-14 05:55:52','{"order": 87}');
INSERT INTO "SPREE_USER_BEHAVIORS" VALUES(57062,'c33c1860-e05e-012f-41d8-3c0754157aba','624071307','S','2012-09-14 05:55:52','{"product": 1013589434}');
INSERT INTO "SPREE_USER_BEHAVIORS" VALUES(57063,'c33c1860-e05e-012f-41d8-3c0754157aba','624071307','AC','2012-09-14 05:55:52','{"product": 1013589434, "availability": true, "quantity": 1}');
INSERT INTO "SPREE_USER_BEHAVIORS" VALUES(57064,'c33c1860-e05e-012f-41d8-3c0754157aba','624071307','P','2012-09-14 05:55:52','{"order": 88}');
INSERT INTO "SPREE_USER_BEHAVIORS" VALUES(57065,'c4047060-e05e-012f-41d8-3c0754157aba','624071307','S','2012-09-14 05:55:52','{"product": 1013589434}');
INSERT INTO "SPREE_USER_BEHAVIORS" VALUES(57066,'c4047060-e05e-012f-41d8-3c0754157aba','624071307','AC','2012-09-14 05:55:52','{"product": 1013589434, "availability": true, "quantity": 1}');
INSERT INTO "SPREE_USER_BEHAVIORS" VALUES(57067,'c4047060-e05e-012f-41d8-3c0754157aba','624071307','S','2012-09-14 05:55:52','{"product": 1013589424}');
INSERT INTO "SPREE_USER_BEHAVIORS" VALUES(57068,'c4047060-e05e-012f-41d8-3c0754157aba','624071307','AC','2012-09-14 05:55:52','{"product": 1013589424, "availability": true, "quantity": 1}');
INSERT INTO "SPREE_USER_BEHAVIORS" VALUES(57069,'c4047060-e05e-012f-41d8-3c0754157aba','624071307','P','2012-09-14 05:55:52','{"order": 89}');
INSERT INTO "SPREE_USER_BEHAVIORS" VALUES(57070,'c40828b0-e05e-012f-41d8-3c0754157aba','624071307','S','2012-09-14 05:55:52','{"product": 1013589434}');
INSERT INTO "SPREE_USER_BEHAVIORS" VALUES(57071,'c40828b0-e05e-012f-41d8-3c0754157aba','624071307','AC','2012-09-14 05:55:52','{"product": 1013589434, "availability": true, "quantity": 1}');
INSERT INTO "SPREE_USER_BEHAVIORS" VALUES(57072,'c40828b0-e05e-012f-41d8-3c0754157aba','624071307','S','2012-09-14 05:55:52','{"product": 1013589424}');
INSERT INTO "SPREE_USER_BEHAVIORS" VALUES(57073,'c40828b0-e05e-012f-41d8-3c0754157aba','624071307','AC','2012-09-14 05:55:52','{"product": 1013589424, "availability": true, "quantity": 1}');
INSERT INTO "SPREE_USER_BEHAVIORS" VALUES(57074,'c40828b0-e05e-012f-41d8-3c0754157aba','624071307','P','2012-09-14 05:55:52','{"order": 90}');
INSERT INTO "SPREE_USER_BEHAVIORS" VALUES(57075,'c409e570-e05e-012f-41d8-3c0754157aba','624071307','S','2012-09-14 05:55:52','{"product": 1013589434}');
INSERT INTO "SPREE_USER_BEHAVIORS" VALUES(57076,'c409e570-e05e-012f-41d8-3c0754157aba','624071307','AC','2012-09-14 05:55:52','{"product": 1013589434, "availability": true, "quantity": 1}');
INSERT INTO "SPREE_USER_BEHAVIORS" VALUES(57077,'c409e570-e05e-012f-41d8-3c0754157aba','624071307','P','2012-09-14 05:55:52','{"order": 91}');
INSERT INTO "SPREE_USER_BEHAVIORS" VALUES(57078,'c40d3950-e05e-012f-41d8-3c0754157aba','178711894','S','2012-09-14 05:55:52','{"product": 1013589436}');
INSERT INTO "SPREE_USER_BEHAVIORS" VALUES(57079,'c40d3950-e05e-012f-41d8-3c0754157aba','178711894','AC','2012-09-14 05:55:52','{"product": 1013589436, "availability": true, "quantity": 1}');
INSERT INTO "SPREE_USER_BEHAVIORS" VALUES(57080,'c40d3950-e05e-012f-41d8-3c0754157aba','178711894','P','2012-09-14 05:55:52','{"order": 92}');
INSERT INTO "SPREE_USER_BEHAVIORS" VALUES(57081,'c40e2480-e05e-012f-41d8-3c0754157aba','178711894','S','2012-09-14 05:55:52','{"product": 1013589434}');
INSERT INTO "SPREE_USER_BEHAVIORS" VALUES(57082,'c40e2480-e05e-012f-41d8-3c0754157aba','178711894','AC','2012-09-14 05:55:52','{"product": 1013589434, "availability": true, "quantity": 1}');
INSERT INTO "SPREE_USER_BEHAVIORS" VALUES(57083,'c40e2480-e05e-012f-41d8-3c0754157aba','178711894','S','2012-09-14 05:55:52','{"product": 1013589424}');
INSERT INTO "SPREE_USER_BEHAVIORS" VALUES(57084,'c40e2480-e05e-012f-41d8-3c0754157aba','178711894','AC','2012-09-14 05:55:52','{"product": 1013589424, "availability": true, "quantity": 1}');
INSERT INTO "SPREE_USER_BEHAVIORS" VALUES(57085,'c40e2480-e05e-012f-41d8-3c0754157aba','178711894','P','2012-09-14 05:55:52','{"order": 93}');
INSERT INTO "SPREE_USER_BEHAVIORS" VALUES(57086,'c411e420-e05e-012f-41d8-3c0754157aba','178711894','S','2012-09-14 05:55:52','{"product": 1013589434}');
INSERT INTO "SPREE_USER_BEHAVIORS" VALUES(57087,'c411e420-e05e-012f-41d8-3c0754157aba','178711894','AC','2012-09-14 05:55:52','{"product": 1013589434, "availability": true, "quantity": 1}');
INSERT INTO "SPREE_USER_BEHAVIORS" VALUES(57088,'c411e420-e05e-012f-41d8-3c0754157aba','178711894','S','2012-09-14 05:55:52','{"product": 1013589424}');
INSERT INTO "SPREE_USER_BEHAVIORS" VALUES(57089,'c411e420-e05e-012f-41d8-3c0754157aba','178711894','AC','2012-09-14 05:55:52','{"product": 1013589424, "availability": true, "quantity": 1}');
INSERT INTO "SPREE_USER_BEHAVIORS" VALUES(57090,'c411e420-e05e-012f-41d8-3c0754157aba','178711894','P','2012-09-14 05:55:52','{"order": 94}');
INSERT INTO "SPREE_USER_BEHAVIORS" VALUES(57091,'c413a8f0-e05e-012f-41d8-3c0754157aba','178711894','S','2012-09-14 05:55:52','{"product": 1013589436}');
INSERT INTO "SPREE_USER_BEHAVIORS" VALUES(57092,'c413a8f0-e05e-012f-41d8-3c0754157aba','178711894','AC','2012-09-14 05:55:52','{"product": 1013589436, "availability": true, "quantity": 1}');
INSERT INTO "SPREE_USER_BEHAVIORS" VALUES(57093,'c413a8f0-e05e-012f-41d8-3c0754157aba','178711894','P','2012-09-14 05:55:52','{"order": 95}');
INSERT INTO "SPREE_USER_BEHAVIORS" VALUES(57094,'c33fb7d0-e05e-012f-41d8-3c0754157aba','910886886','S','2012-09-14 05:55:52','{"product": 1013589436}');
INSERT INTO "SPREE_USER_BEHAVIORS" VALUES(57095,'c33fb7d0-e05e-012f-41d8-3c0754157aba','910886886','AC','2012-09-14 05:55:52','{"product": 1013589436, "availability": true, "quantity": 1}');
INSERT INTO "SPREE_USER_BEHAVIORS" VALUES(57096,'c33fb7d0-e05e-012f-41d8-3c0754157aba','910886886','P','2012-09-14 05:55:52','{"order": 96}');
INSERT INTO "SPREE_USER_BEHAVIORS" VALUES(57097,'c417b7a0-e05e-012f-41d8-3c0754157aba','910886886','S','2012-09-14 05:55:52','{"product": 1013589434}');
INSERT INTO "SPREE_USER_BEHAVIORS" VALUES(57098,'c417b7a0-e05e-012f-41d8-3c0754157aba','910886886','AC','2012-09-14 05:55:52','{"product": 1013589434, "availability": true, "quantity": 1}');
INSERT INTO "SPREE_USER_BEHAVIORS" VALUES(57099,'c417b7a0-e05e-012f-41d8-3c0754157aba','910886886','S','2012-09-14 05:55:52','{"product": 1013589424}');
INSERT INTO "SPREE_USER_BEHAVIORS" VALUES(57100,'c417b7a0-e05e-012f-41d8-3c0754157aba','910886886','AC','2012-09-14 05:55:52','{"product": 1013589424, "availability": true, "quantity": 1}');
INSERT INTO "SPREE_USER_BEHAVIORS" VALUES(57101,'c417b7a0-e05e-012f-41d8-3c0754157aba','910886886','P','2012-09-14 05:55:52','{"order": 97}');
INSERT INTO "SPREE_USER_BEHAVIORS" VALUES(57102,'c41a06e0-e05e-012f-41d8-3c0754157aba','910886886','S','2012-09-14 05:55:52','{"product": 1013589434}');
INSERT INTO "SPREE_USER_BEHAVIORS" VALUES(57103,'c41a06e0-e05e-012f-41d8-3c0754157aba','910886886','AC','2012-09-14 05:55:52','{"product": 1013589434, "availability": true, "quantity": 1}');
INSERT INTO "SPREE_USER_BEHAVIORS" VALUES(57104,'c41a06e0-e05e-012f-41d8-3c0754157aba','910886886','S','2012-09-14 05:55:52','{"product": 1013589424}');
INSERT INTO "SPREE_USER_BEHAVIORS" VALUES(57105,'c41a06e0-e05e-012f-41d8-3c0754157aba','910886886','AC','2012-09-14 05:55:52','{"product": 1013589424, "availability": true, "quantity": 1}');
INSERT INTO "SPREE_USER_BEHAVIORS" VALUES(57106,'c41a06e0-e05e-012f-41d8-3c0754157aba','910886886','P','2012-09-14 05:55:52','{"order": 98}');
INSERT INTO "SPREE_USER_BEHAVIORS" VALUES(57107,'c41d2990-e05e-012f-41d8-3c0754157aba','910886886','S','2012-09-14 05:55:52','{"product": 1013589434}');
INSERT INTO "SPREE_USER_BEHAVIORS" VALUES(57108,'c41d2990-e05e-012f-41d8-3c0754157aba','910886886','AC','2012-09-14 05:55:52','{"product": 1013589434, "availability": true, "quantity": 1}');
INSERT INTO "SPREE_USER_BEHAVIORS" VALUES(57109,'c41d2990-e05e-012f-41d8-3c0754157aba','910886886','P','2012-09-14 05:55:52','{"order": 99}');
INSERT INTO "SPREE_USER_BEHAVIORS" VALUES(57110,'c41f27d0-e05e-012f-41d8-3c0754157aba','685394585','S','2012-09-14 05:55:52','{"product": 1013589434}');
INSERT INTO "SPREE_USER_BEHAVIORS" VALUES(57111,'c41f27d0-e05e-012f-41d8-3c0754157aba','685394585','AC','2012-09-14 05:55:52','{"product": 1013589434, "availability": true, "quantity": 1}');
INSERT INTO "SPREE_USER_BEHAVIORS" VALUES(57112,'c41f27d0-e05e-012f-41d8-3c0754157aba','685394585','S','2012-09-14 05:55:52','{"product": 1013589424}');
INSERT INTO "SPREE_USER_BEHAVIORS" VALUES(57113,'c41f27d0-e05e-012f-41d8-3c0754157aba','685394585','AC','2012-09-14 05:55:52','{"product": 1013589424, "availability": true, "quantity": 1}');
INSERT INTO "SPREE_USER_BEHAVIORS" VALUES(57114,'c41f27d0-e05e-012f-41d8-3c0754157aba','685394585','P','2012-09-14 05:55:52','{"order": 100}');
INSERT INTO "SPREE_USER_BEHAVIORS" VALUES(57115,'c4223590-e05e-012f-41d8-3c0754157aba','685394585','S','2012-09-14 05:55:52','{"product": 1013589436}');
INSERT INTO "SPREE_USER_BEHAVIORS" VALUES(57116,'c4223590-e05e-012f-41d8-3c0754157aba','685394585','AC','2012-09-14 05:55:52','{"product": 1013589436, "availability": true, "quantity": 1}');
INSERT INTO "SPREE_USER_BEHAVIORS" VALUES(57117,'c4223590-e05e-012f-41d8-3c0754157aba','685394585','P','2012-09-14 05:55:52','{"order": 101}');
INSERT INTO "SPREE_USER_BEHAVIORS" VALUES(57118,'c425dae0-e05e-012f-41d8-3c0754157aba','685394585','S','2012-09-14 05:55:52','{"product": 1013589434}');
INSERT INTO "SPREE_USER_BEHAVIORS" VALUES(57119,'c425dae0-e05e-012f-41d8-3c0754157aba','685394585','AC','2012-09-14 05:55:52','{"product": 1013589434, "availability": true, "quantity": 1}');
INSERT INTO "SPREE_USER_BEHAVIORS" VALUES(57120,'c425dae0-e05e-012f-41d8-3c0754157aba','685394585','S','2012-09-14 05:55:52','{"product": 1013589424}');
INSERT INTO "SPREE_USER_BEHAVIORS" VALUES(57121,'c425dae0-e05e-012f-41d8-3c0754157aba','685394585','AC','2012-09-14 05:55:52','{"product": 1013589424, "availability": true, "quantity": 1}');
INSERT INTO "SPREE_USER_BEHAVIORS" VALUES(57122,'c425dae0-e05e-012f-41d8-3c0754157aba','685394585','P','2012-09-14 05:55:52','{"order": 102}');
INSERT INTO "SPREE_USER_BEHAVIORS" VALUES(57123,'c4277ee0-e05e-012f-41d8-3c0754157aba','685394585','S','2012-09-14 05:55:52','{"product": 1013589434}');
INSERT INTO "SPREE_USER_BEHAVIORS" VALUES(57124,'c4277ee0-e05e-012f-41d8-3c0754157aba','685394585','AC','2012-09-14 05:55:52','{"product": 1013589434, "availability": true, "quantity": 1}');
INSERT INTO "SPREE_USER_BEHAVIORS" VALUES(57125,'c4277ee0-e05e-012f-41d8-3c0754157aba','685394585','P','2012-09-14 05:55:52','{"order": 103}');
INSERT INTO "SPREE_USER_BEHAVIORS" VALUES(57126,'c3357930-e05e-012f-41d8-3c0754157aba','918478646','S','2012-09-14 05:55:52','{"product": 1013589426}');
INSERT INTO "SPREE_USER_BEHAVIORS" VALUES(57127,'c3357930-e05e-012f-41d8-3c0754157aba','918478646','AC','2012-09-14 05:55:52','{"product": 1013589426, "availability": true, "quantity": 1}');
INSERT INTO "SPREE_USER_BEHAVIORS" VALUES(57128,'c3357930-e05e-012f-41d8-3c0754157aba','918478646','S','2012-09-14 05:55:52','{"product": 1013589429}');
INSERT INTO "SPREE_USER_BEHAVIORS" VALUES(57129,'c3357930-e05e-012f-41d8-3c0754157aba','918478646','AC','2012-09-14 05:55:52','{"product": 1013589429, "availability": true, "quantity": 1}');
INSERT INTO "SPREE_USER_BEHAVIORS" VALUES(57130,'c3357930-e05e-012f-41d8-3c0754157aba','918478646','P','2012-09-14 05:55:52','{"order": 104}');
INSERT INTO "SPREE_USER_BEHAVIORS" VALUES(57131,'c42c7100-e05e-012f-41d8-3c0754157aba','918478646','S','2012-09-14 05:55:52','{"product": 1013589417}');
INSERT INTO "SPREE_USER_BEHAVIORS" VALUES(57132,'c42c7100-e05e-012f-41d8-3c0754157aba','918478646','AC','2012-09-14 05:55:52','{"product": 1013589417, "availability": true, "quantity": 1}');
INSERT INTO "SPREE_USER_BEHAVIORS" VALUES(57133,'c42c7100-e05e-012f-41d8-3c0754157aba','918478646','S','2012-09-14 05:55:52','{"product": 1013589424}');
INSERT INTO "SPREE_USER_BEHAVIORS" VALUES(57134,'c42c7100-e05e-012f-41d8-3c0754157aba','918478646','AC','2012-09-14 05:55:52','{"product": 1013589424, "availability": true, "quantity": 1}');
INSERT INTO "SPREE_USER_BEHAVIORS" VALUES(57135,'c42c7100-e05e-012f-41d8-3c0754157aba','918478646','P','2012-09-14 05:55:52','{"order": 105}');
INSERT INTO "SPREE_USER_BEHAVIORS" VALUES(57136,'c430c950-e05e-012f-41d8-3c0754157aba','918478646','S','2012-09-14 05:55:52','{"product": 1013589426}');
INSERT INTO "SPREE_USER_BEHAVIORS" VALUES(57137,'c430c950-e05e-012f-41d8-3c0754157aba','918478646','AC','2012-09-14 05:55:52','{"product": 1013589426, "availability": true, "quantity": 1}');
INSERT INTO "SPREE_USER_BEHAVIORS" VALUES(57138,'c430c950-e05e-012f-41d8-3c0754157aba','918478646','S','2012-09-14 05:55:52','{"product": 1013589429}');
INSERT INTO "SPREE_USER_BEHAVIORS" VALUES(57139,'c430c950-e05e-012f-41d8-3c0754157aba','918478646','AC','2012-09-14 05:55:52','{"product": 1013589429, "availability": true, "quantity": 1}');
INSERT INTO "SPREE_USER_BEHAVIORS" VALUES(57140,'c430c950-e05e-012f-41d8-3c0754157aba','918478646','P','2012-09-14 05:55:52','{"order": 106}');
INSERT INTO "SPREE_USER_BEHAVIORS" VALUES(57141,'c432a8e0-e05e-012f-41d8-3c0754157aba','918478646','S','2012-09-14 05:55:52','{"product": 1013589417}');
INSERT INTO "SPREE_USER_BEHAVIORS" VALUES(57142,'c432a8e0-e05e-012f-41d8-3c0754157aba','918478646','AC','2012-09-14 05:55:52','{"product": 1013589417, "availability": true, "quantity": 1}');
INSERT INTO "SPREE_USER_BEHAVIORS" VALUES(57143,'c432a8e0-e05e-012f-41d8-3c0754157aba','918478646','S','2012-09-14 05:55:52','{"product": 1013589424}');
INSERT INTO "SPREE_USER_BEHAVIORS" VALUES(57144,'c432a8e0-e05e-012f-41d8-3c0754157aba','918478646','AC','2012-09-14 05:55:52','{"product": 1013589424, "availability": true, "quantity": 1}');
INSERT INTO "SPREE_USER_BEHAVIORS" VALUES(57145,'c432a8e0-e05e-012f-41d8-3c0754157aba','918478646','P','2012-09-14 05:55:52','{"order": 107}');
INSERT INTO "SPREE_USER_BEHAVIORS" VALUES(57146,'c4367920-e05e-012f-41d8-3c0754157aba','575485547','S','2012-09-14 05:55:52','{"product": 1013589428}');
INSERT INTO "SPREE_USER_BEHAVIORS" VALUES(57147,'c4367920-e05e-012f-41d8-3c0754157aba','575485547','AC','2012-09-14 05:55:52','{"product": 1013589428, "availability": true, "quantity": 1}');
INSERT INTO "SPREE_USER_BEHAVIORS" VALUES(57148,'c4367920-e05e-012f-41d8-3c0754157aba','575485547','P','2012-09-14 05:55:52','{"order": 108}');
INSERT INTO "SPREE_USER_BEHAVIORS" VALUES(57149,'c4378580-e05e-012f-41d8-3c0754157aba','575485547','S','2012-09-14 05:55:52','{"product": 1013589430}');
INSERT INTO "SPREE_USER_BEHAVIORS" VALUES(57150,'c4378580-e05e-012f-41d8-3c0754157aba','575485547','AC','2012-09-14 05:55:52','{"product": 1013589430, "availability": true, "quantity": 1}');
INSERT INTO "SPREE_USER_BEHAVIORS" VALUES(57151,'c4378580-e05e-012f-41d8-3c0754157aba','575485547','S','2012-09-14 05:55:52','{"product": 1013589436}');
INSERT INTO "SPREE_USER_BEHAVIORS" VALUES(57152,'c4378580-e05e-012f-41d8-3c0754157aba','575485547','AC','2012-09-14 05:55:52','{"product": 1013589436, "availability": true, "quantity": 1}');
INSERT INTO "SPREE_USER_BEHAVIORS" VALUES(57153,'c4378580-e05e-012f-41d8-3c0754157aba','575485547','P','2012-09-14 05:55:52','{"order": 109}');
INSERT INTO "SPREE_USER_BEHAVIORS" VALUES(57154,'c43b4930-e05e-012f-41d8-3c0754157aba','575485547','S','2012-09-14 05:55:52','{"product": 1013589428}');
INSERT INTO "SPREE_USER_BEHAVIORS" VALUES(57155,'c43b4930-e05e-012f-41d8-3c0754157aba','575485547','AC','2012-09-14 05:55:52','{"product": 1013589428, "availability": true, "quantity": 1}');
INSERT INTO "SPREE_USER_BEHAVIORS" VALUES(57156,'c43b4930-e05e-012f-41d8-3c0754157aba','575485547','P','2012-09-14 05:55:52','{"order": 110}');
INSERT INTO "SPREE_USER_BEHAVIORS" VALUES(57157,'c43c4ae0-e05e-012f-41d8-3c0754157aba','575485547','S','2012-09-14 05:55:52','{"product": 1013589429}');
INSERT INTO "SPREE_USER_BEHAVIORS" VALUES(57158,'c43c4ae0-e05e-012f-41d8-3c0754157aba','575485547','AC','2012-09-14 05:55:52','{"product": 1013589429, "availability": true, "quantity": 1}');
INSERT INTO "SPREE_USER_BEHAVIORS" VALUES(57159,'c43c4ae0-e05e-012f-41d8-3c0754157aba','575485547','P','2012-09-14 05:55:52','{"order": 111}');
INSERT INTO "SPREE_USER_BEHAVIORS" VALUES(57160,'c43db140-e05e-012f-41d8-3c0754157aba','22960014','S','2012-09-14 05:55:52','{"product": 1013589434}');
INSERT INTO "SPREE_USER_BEHAVIORS" VALUES(57161,'c43db140-e05e-012f-41d8-3c0754157aba','22960014','AC','2012-09-14 05:55:52','{"product": 1013589434, "availability": true, "quantity": 1}');
INSERT INTO "SPREE_USER_BEHAVIORS" VALUES(57162,'c43db140-e05e-012f-41d8-3c0754157aba','22960014','S','2012-09-14 05:55:52','{"product": 1013589424}');
INSERT INTO "SPREE_USER_BEHAVIORS" VALUES(57163,'c43db140-e05e-012f-41d8-3c0754157aba','22960014','AC','2012-09-14 05:55:52','{"product": 1013589424, "availability": true, "quantity": 1}');
INSERT INTO "SPREE_USER_BEHAVIORS" VALUES(57164,'c43db140-e05e-012f-41d8-3c0754157aba','22960014','P','2012-09-14 05:55:52','{"order": 112}');
INSERT INTO "SPREE_USER_BEHAVIORS" VALUES(57165,'c440cb80-e05e-012f-41d8-3c0754157aba','22960014','S','2012-09-14 05:55:52','{"product": 1013589436}');
INSERT INTO "SPREE_USER_BEHAVIORS" VALUES(57166,'c440cb80-e05e-012f-41d8-3c0754157aba','22960014','AC','2012-09-14 05:55:52','{"product": 1013589436, "availability": true, "quantity": 1}');
INSERT INTO "SPREE_USER_BEHAVIORS" VALUES(57167,'c440cb80-e05e-012f-41d8-3c0754157aba','22960014','P','2012-09-14 05:55:52','{"order": 113}');
INSERT INTO "SPREE_USER_BEHAVIORS" VALUES(57168,'c4446210-e05e-012f-41d8-3c0754157aba','22960014','S','2012-09-14 05:55:52','{"product": 1013589436}');
INSERT INTO "SPREE_USER_BEHAVIORS" VALUES(57169,'c4446210-e05e-012f-41d8-3c0754157aba','22960014','AC','2012-09-14 05:55:52','{"product": 1013589436, "availability": true, "quantity": 1}');
INSERT INTO "SPREE_USER_BEHAVIORS" VALUES(57170,'c4446210-e05e-012f-41d8-3c0754157aba','22960014','P','2012-09-14 05:55:52','{"order": 114}');
INSERT INTO "SPREE_USER_BEHAVIORS" VALUES(57171,'c4457010-e05e-012f-41d8-3c0754157aba','22960014','S','2012-09-14 05:55:52','{"product": 1013589436}');
INSERT INTO "SPREE_USER_BEHAVIORS" VALUES(57172,'c4457010-e05e-012f-41d8-3c0754157aba','22960014','AC','2012-09-14 05:55:52','{"product": 1013589436, "availability": true, "quantity": 1}');
INSERT INTO "SPREE_USER_BEHAVIORS" VALUES(57173,'c4457010-e05e-012f-41d8-3c0754157aba','22960014','P','2012-09-14 05:55:52','{"order": 115}');
INSERT INTO "SPREE_USER_BEHAVIORS" VALUES(57174,'c33dde20-e05e-012f-41d8-3c0754157aba','562806419','S','2012-09-14 05:55:52','{"product": 1013589416}');
INSERT INTO "SPREE_USER_BEHAVIORS" VALUES(57175,'c33dde20-e05e-012f-41d8-3c0754157aba','562806419','AC','2012-09-14 05:55:52','{"product": 1013589416, "availability": true, "quantity": 1}');
INSERT INTO "SPREE_USER_BEHAVIORS" VALUES(57176,'c33dde20-e05e-012f-41d8-3c0754157aba','562806419','P','2012-09-14 05:55:52','{"order": 116}');
INSERT INTO "SPREE_USER_BEHAVIORS" VALUES(57177,'c4498970-e05e-012f-41d8-3c0754157aba','562806419','S','2012-09-14 05:55:53','{"product": 1013589422}');
INSERT INTO "SPREE_USER_BEHAVIORS" VALUES(57178,'c4498970-e05e-012f-41d8-3c0754157aba','562806419','AC','2012-09-14 05:55:53','{"product": 1013589422, "availability": true, "quantity": 1}');
INSERT INTO "SPREE_USER_BEHAVIORS" VALUES(57179,'c4498970-e05e-012f-41d8-3c0754157aba','562806419','S','2012-09-14 05:55:53','{"product": 1013589434}');
INSERT INTO "SPREE_USER_BEHAVIORS" VALUES(57180,'c4498970-e05e-012f-41d8-3c0754157aba','562806419','AC','2012-09-14 05:55:53','{"product": 1013589434, "availability": true, "quantity": 1}');
INSERT INTO "SPREE_USER_BEHAVIORS" VALUES(57181,'c4498970-e05e-012f-41d8-3c0754157aba','562806419','P','2012-09-14 05:55:53','{"order": 117}');
INSERT INTO "SPREE_USER_BEHAVIORS" VALUES(57182,'c44b2770-e05e-012f-41d8-3c0754157aba','562806419','S','2012-09-14 05:55:53','{"product": 1013589416}');
INSERT INTO "SPREE_USER_BEHAVIORS" VALUES(57183,'c44b2770-e05e-012f-41d8-3c0754157aba','562806419','AC','2012-09-14 05:55:53','{"product": 1013589416, "availability": true, "quantity": 1}');
INSERT INTO "SPREE_USER_BEHAVIORS" VALUES(57184,'c44b2770-e05e-012f-41d8-3c0754157aba','562806419','P','2012-09-14 05:55:53','{"order": 118}');
INSERT INTO "SPREE_USER_BEHAVIORS" VALUES(57185,'c44e9d50-e05e-012f-41d8-3c0754157aba','562806419','S','2012-09-14 05:55:53','{"product": 1013589422}');
INSERT INTO "SPREE_USER_BEHAVIORS" VALUES(57186,'c44e9d50-e05e-012f-41d8-3c0754157aba','562806419','AC','2012-09-14 05:55:53','{"product": 1013589422, "availability": true, "quantity": 1}');
INSERT INTO "SPREE_USER_BEHAVIORS" VALUES(57187,'c44e9d50-e05e-012f-41d8-3c0754157aba','562806419','S','2012-09-14 05:55:53','{"product": 1013589434}');
INSERT INTO "SPREE_USER_BEHAVIORS" VALUES(57188,'c44e9d50-e05e-012f-41d8-3c0754157aba','562806419','AC','2012-09-14 05:55:53','{"product": 1013589434, "availability": true, "quantity": 1}');
INSERT INTO "SPREE_USER_BEHAVIORS" VALUES(57189,'c44e9d50-e05e-012f-41d8-3c0754157aba','562806419','P','2012-09-14 05:55:53','{"order": 119}');
INSERT INTO "SPREE_USER_BEHAVIORS" VALUES(57190,'c4505540-e05e-012f-41d8-3c0754157aba','862467340','S','2012-09-14 05:55:53','{"product": 1013589428}');
INSERT INTO "SPREE_USER_BEHAVIORS" VALUES(57191,'c4505540-e05e-012f-41d8-3c0754157aba','862467340','AC','2012-09-14 05:55:53','{"product": 1013589428, "availability": true, "quantity": 1}');
INSERT INTO "SPREE_USER_BEHAVIORS" VALUES(57192,'c4505540-e05e-012f-41d8-3c0754157aba','862467340','P','2012-09-14 05:55:53','{"order": 120}');
INSERT INTO "SPREE_USER_BEHAVIORS" VALUES(57193,'c453b340-e05e-012f-41d8-3c0754157aba','862467340','S','2012-09-14 05:55:53','{"product": 1013589430}');
INSERT INTO "SPREE_USER_BEHAVIORS" VALUES(57194,'c453b340-e05e-012f-41d8-3c0754157aba','862467340','AC','2012-09-14 05:55:53','{"product": 1013589430, "availability": true, "quantity": 1}');
INSERT INTO "SPREE_USER_BEHAVIORS" VALUES(57195,'c453b340-e05e-012f-41d8-3c0754157aba','862467340','S','2012-09-14 05:55:53','{"product": 1013589436}');
INSERT INTO "SPREE_USER_BEHAVIORS" VALUES(57196,'c453b340-e05e-012f-41d8-3c0754157aba','862467340','AC','2012-09-14 05:55:53','{"product": 1013589436, "availability": true, "quantity": 1}');
INSERT INTO "SPREE_USER_BEHAVIORS" VALUES(57197,'c453b340-e05e-012f-41d8-3c0754157aba','862467340','P','2012-09-14 05:55:53','{"order": 121}');
INSERT INTO "SPREE_USER_BEHAVIORS" VALUES(57198,'c4554ad0-e05e-012f-41d8-3c0754157aba','862467340','S','2012-09-14 05:55:53','{"product": 1013589428}');
INSERT INTO "SPREE_USER_BEHAVIORS" VALUES(57199,'c4554ad0-e05e-012f-41d8-3c0754157aba','862467340','AC','2012-09-14 05:55:53','{"product": 1013589428, "availability": true, "quantity": 1}');
INSERT INTO "SPREE_USER_BEHAVIORS" VALUES(57200,'c4554ad0-e05e-012f-41d8-3c0754157aba','862467340','P','2012-09-14 05:55:53','{"order": 122}');
INSERT INTO "SPREE_USER_BEHAVIORS" VALUES(57201,'c458c850-e05e-012f-41d8-3c0754157aba','862467340','S','2012-09-14 05:55:53','{"product": 1013589429}');
INSERT INTO "SPREE_USER_BEHAVIORS" VALUES(57202,'c458c850-e05e-012f-41d8-3c0754157aba','862467340','AC','2012-09-14 05:55:53','{"product": 1013589429, "availability": true, "quantity": 1}');
INSERT INTO "SPREE_USER_BEHAVIORS" VALUES(57203,'c458c850-e05e-012f-41d8-3c0754157aba','862467340','P','2012-09-14 05:55:53','{"order": 123}');
INSERT INTO "SPREE_USER_BEHAVIORS" VALUES(57204,'c459d460-e05e-012f-41d8-3c0754157aba','862467340','S','2012-09-14 05:55:53','{"product": 1013589430}');
INSERT INTO "SPREE_USER_BEHAVIORS" VALUES(57205,'c459d460-e05e-012f-41d8-3c0754157aba','862467340','AC','2012-09-14 05:55:53','{"product": 1013589430, "availability": true, "quantity": 1}');
INSERT INTO "SPREE_USER_BEHAVIORS" VALUES(57206,'c459d460-e05e-012f-41d8-3c0754157aba','862467340','S','2012-09-14 05:55:53','{"product": 1013589436}');
INSERT INTO "SPREE_USER_BEHAVIORS" VALUES(57207,'c459d460-e05e-012f-41d8-3c0754157aba','862467340','AC','2012-09-14 05:55:53','{"product": 1013589436, "availability": true, "quantity": 1}');
INSERT INTO "SPREE_USER_BEHAVIORS" VALUES(57208,'c459d460-e05e-012f-41d8-3c0754157aba','862467340','P','2012-09-14 05:55:53','{"order": 124}');
INSERT INTO "SPREE_USER_BEHAVIORS" VALUES(57209,'c45de870-e05e-012f-41d8-3c0754157aba','862467340','S','2012-09-14 05:55:53','{"product": 1013589428}');
INSERT INTO "SPREE_USER_BEHAVIORS" VALUES(57210,'c45de870-e05e-012f-41d8-3c0754157aba','862467340','AC','2012-09-14 05:55:53','{"product": 1013589428, "availability": true, "quantity": 1}');
INSERT INTO "SPREE_USER_BEHAVIORS" VALUES(57211,'c45de870-e05e-012f-41d8-3c0754157aba','862467340','P','2012-09-14 05:55:53','{"order": 125}');
INSERT INTO "SPREE_USER_BEHAVIORS" VALUES(57212,'c45ef960-e05e-012f-41d8-3c0754157aba','771020115','S','2012-09-14 05:55:53','{"product": 1013589428}');
INSERT INTO "SPREE_USER_BEHAVIORS" VALUES(57213,'c45ef960-e05e-012f-41d8-3c0754157aba','771020115','AC','2012-09-14 05:55:53','{"product": 1013589428, "availability": true, "quantity": 1}');
INSERT INTO "SPREE_USER_BEHAVIORS" VALUES(57214,'c45ef960-e05e-012f-41d8-3c0754157aba','771020115','P','2012-09-14 05:55:53','{"order": 126}');
INSERT INTO "SPREE_USER_BEHAVIORS" VALUES(57215,'c46001b0-e05e-012f-41d8-3c0754157aba','771020115','S','2012-09-14 05:55:53','{"product": 1013589429}');
INSERT INTO "SPREE_USER_BEHAVIORS" VALUES(57216,'c46001b0-e05e-012f-41d8-3c0754157aba','771020115','AC','2012-09-14 05:55:53','{"product": 1013589429, "availability": true, "quantity": 1}');
INSERT INTO "SPREE_USER_BEHAVIORS" VALUES(57217,'c46001b0-e05e-012f-41d8-3c0754157aba','771020115','P','2012-09-14 05:55:53','{"order": 127}');
INSERT INTO "SPREE_USER_BEHAVIORS" VALUES(57218,'c462fb10-e05e-012f-41d8-3c0754157aba','771020115','S','2012-09-14 05:55:53','{"product": 1013589428}');
INSERT INTO "SPREE_USER_BEHAVIORS" VALUES(57219,'c462fb10-e05e-012f-41d8-3c0754157aba','771020115','AC','2012-09-14 05:55:53','{"product": 1013589428, "availability": true, "quantity": 1}');
INSERT INTO "SPREE_USER_BEHAVIORS" VALUES(57220,'c462fb10-e05e-012f-41d8-3c0754157aba','771020115','P','2012-09-14 05:55:53','{"order": 128}');
INSERT INTO "SPREE_USER_BEHAVIORS" VALUES(57221,'c46401c0-e05e-012f-41d8-3c0754157aba','771020115','S','2012-09-14 05:55:53','{"product": 1013589428}');
INSERT INTO "SPREE_USER_BEHAVIORS" VALUES(57222,'c46401c0-e05e-012f-41d8-3c0754157aba','771020115','AC','2012-09-14 05:55:53','{"product": 1013589428, "availability": true, "quantity": 1}');
INSERT INTO "SPREE_USER_BEHAVIORS" VALUES(57223,'c46401c0-e05e-012f-41d8-3c0754157aba','771020115','P','2012-09-14 05:55:53','{"order": 129}');
INSERT INTO "SPREE_USER_BEHAVIORS" VALUES(57224,'c4650de0-e05e-012f-41d8-3c0754157aba','771020115','S','2012-09-14 05:55:53','{"product": 1013589429}');
INSERT INTO "SPREE_USER_BEHAVIORS" VALUES(57225,'c4650de0-e05e-012f-41d8-3c0754157aba','771020115','AC','2012-09-14 05:55:53','{"product": 1013589429, "availability": true, "quantity": 1}');
INSERT INTO "SPREE_USER_BEHAVIORS" VALUES(57226,'c4650de0-e05e-012f-41d8-3c0754157aba','771020115','P','2012-09-14 05:55:53','{"order": 130}');
INSERT INTO "SPREE_USER_BEHAVIORS" VALUES(57227,'c467fb00-e05e-012f-41d8-3c0754157aba','771020115','S','2012-09-14 05:55:53','{"product": 1013589430}');
INSERT INTO "SPREE_USER_BEHAVIORS" VALUES(57228,'c467fb00-e05e-012f-41d8-3c0754157aba','771020115','AC','2012-09-14 05:55:53','{"product": 1013589430, "availability": true, "quantity": 1}');
INSERT INTO "SPREE_USER_BEHAVIORS" VALUES(57229,'c467fb00-e05e-012f-41d8-3c0754157aba','771020115','S','2012-09-14 05:55:53','{"product": 1013589436}');
INSERT INTO "SPREE_USER_BEHAVIORS" VALUES(57230,'c467fb00-e05e-012f-41d8-3c0754157aba','771020115','AC','2012-09-14 05:55:53','{"product": 1013589436, "availability": true, "quantity": 1}');
INSERT INTO "SPREE_USER_BEHAVIORS" VALUES(57231,'c467fb00-e05e-012f-41d8-3c0754157aba','771020115','P','2012-09-14 05:55:53','{"order": 131}');
INSERT INTO "SPREE_USER_BEHAVIORS" VALUES(57232,'c469a250-e05e-012f-41d8-3c0754157aba','771020115','S','2012-09-14 05:55:53','{"product": 1013589429}');
INSERT INTO "SPREE_USER_BEHAVIORS" VALUES(57233,'c469a250-e05e-012f-41d8-3c0754157aba','771020115','AC','2012-09-14 05:55:53','{"product": 1013589429, "availability": true, "quantity": 1}');
INSERT INTO "SPREE_USER_BEHAVIORS" VALUES(57234,'c469a250-e05e-012f-41d8-3c0754157aba','771020115','P','2012-09-14 05:55:53','{"order": 132}');
INSERT INTO "SPREE_USER_BEHAVIORS" VALUES(57235,'c46d2370-e05e-012f-41d8-3c0754157aba','771020115','S','2012-09-14 05:55:53','{"product": 1013589430}');
INSERT INTO "SPREE_USER_BEHAVIORS" VALUES(57236,'c46d2370-e05e-012f-41d8-3c0754157aba','771020115','AC','2012-09-14 05:55:53','{"product": 1013589430, "availability": true, "quantity": 1}');
INSERT INTO "SPREE_USER_BEHAVIORS" VALUES(57237,'c46d2370-e05e-012f-41d8-3c0754157aba','771020115','S','2012-09-14 05:55:53','{"product": 1013589436}');
INSERT INTO "SPREE_USER_BEHAVIORS" VALUES(57238,'c46d2370-e05e-012f-41d8-3c0754157aba','771020115','AC','2012-09-14 05:55:53','{"product": 1013589436, "availability": true, "quantity": 1}');
INSERT INTO "SPREE_USER_BEHAVIORS" VALUES(57239,'c46d2370-e05e-012f-41d8-3c0754157aba','771020115','P','2012-09-14 05:55:53','{"order": 133}');
INSERT INTO "SPREE_USER_BEHAVIORS" VALUES(57240,'c46ed190-e05e-012f-41d8-3c0754157aba','304595689','S','2012-09-14 05:55:53','{"product": 1013589415}');
INSERT INTO "SPREE_USER_BEHAVIORS" VALUES(57241,'c46ed190-e05e-012f-41d8-3c0754157aba','304595689','AC','2012-09-14 05:55:53','{"product": 1013589415, "availability": true, "quantity": 1}');
INSERT INTO "SPREE_USER_BEHAVIORS" VALUES(57242,'c46ed190-e05e-012f-41d8-3c0754157aba','304595689','S','2012-09-14 05:55:53','{"product": 1013589430}');
INSERT INTO "SPREE_USER_BEHAVIORS" VALUES(57243,'c46ed190-e05e-012f-41d8-3c0754157aba','304595689','AC','2012-09-14 05:55:53','{"product": 1013589430, "availability": true, "quantity": 1}');
INSERT INTO "SPREE_USER_BEHAVIORS" VALUES(57244,'c46ed190-e05e-012f-41d8-3c0754157aba','304595689','P','2012-09-14 05:55:53','{"order": 134}');
INSERT INTO "SPREE_USER_BEHAVIORS" VALUES(57245,'c472f270-e05e-012f-41d8-3c0754157aba','304595689','S','2012-09-14 05:55:53','{"product": 1013589417}');
INSERT INTO "SPREE_USER_BEHAVIORS" VALUES(57246,'c472f270-e05e-012f-41d8-3c0754157aba','304595689','AC','2012-09-14 05:55:53','{"product": 1013589417, "availability": true, "quantity": 1}');
INSERT INTO "SPREE_USER_BEHAVIORS" VALUES(57247,'c472f270-e05e-012f-41d8-3c0754157aba','304595689','S','2012-09-14 05:55:53','{"product": 1013589424}');
INSERT INTO "SPREE_USER_BEHAVIORS" VALUES(57248,'c472f270-e05e-012f-41d8-3c0754157aba','304595689','AC','2012-09-14 05:55:53','{"product": 1013589424, "availability": true, "quantity": 1}');
INSERT INTO "SPREE_USER_BEHAVIORS" VALUES(57249,'c472f270-e05e-012f-41d8-3c0754157aba','304595689','P','2012-09-14 05:55:53','{"order": 135}');
INSERT INTO "SPREE_USER_BEHAVIORS" VALUES(57250,'c4749b40-e05e-012f-41d8-3c0754157aba','304595689','S','2012-09-14 05:55:53','{"product": 1013589415}');
INSERT INTO "SPREE_USER_BEHAVIORS" VALUES(57251,'c4749b40-e05e-012f-41d8-3c0754157aba','304595689','AC','2012-09-14 05:55:53','{"product": 1013589415, "availability": true, "quantity": 1}');
INSERT INTO "SPREE_USER_BEHAVIORS" VALUES(57252,'c4749b40-e05e-012f-41d8-3c0754157aba','304595689','S','2012-09-14 05:55:53','{"product": 1013589430}');
INSERT INTO "SPREE_USER_BEHAVIORS" VALUES(57253,'c4749b40-e05e-012f-41d8-3c0754157aba','304595689','AC','2012-09-14 05:55:53','{"product": 1013589430, "availability": true, "quantity": 1}');
INSERT INTO "SPREE_USER_BEHAVIORS" VALUES(57254,'c4749b40-e05e-012f-41d8-3c0754157aba','304595689','P','2012-09-14 05:55:53','{"order": 136}');
INSERT INTO "SPREE_USER_BEHAVIORS" VALUES(57255,'c47893a0-e05e-012f-41d8-3c0754157aba','304595689','S','2012-09-14 05:55:53','{"product": 1013589417}');
INSERT INTO "SPREE_USER_BEHAVIORS" VALUES(57256,'c47893a0-e05e-012f-41d8-3c0754157aba','304595689','AC','2012-09-14 05:55:53','{"product": 1013589417, "availability": true, "quantity": 1}');
INSERT INTO "SPREE_USER_BEHAVIORS" VALUES(57257,'c47893a0-e05e-012f-41d8-3c0754157aba','304595689','S','2012-09-14 05:55:53','{"product": 1013589424}');
INSERT INTO "SPREE_USER_BEHAVIORS" VALUES(57258,'c47893a0-e05e-012f-41d8-3c0754157aba','304595689','AC','2012-09-14 05:55:53','{"product": 1013589424, "availability": true, "quantity": 1}');
INSERT INTO "SPREE_USER_BEHAVIORS" VALUES(57259,'c47893a0-e05e-012f-41d8-3c0754157aba','304595689','P','2012-09-14 05:55:53','{"order": 137}');
INSERT INTO "SPREE_USER_BEHAVIORS" VALUES(57260,'c47c5120-e05e-012f-41d8-3c0754157aba','304595689','S','2012-09-14 05:55:53','{"product": 1013589415}');
INSERT INTO "SPREE_USER_BEHAVIORS" VALUES(57261,'c47c5120-e05e-012f-41d8-3c0754157aba','304595689','AC','2012-09-14 05:55:53','{"product": 1013589415, "availability": true, "quantity": 1}');
INSERT INTO "SPREE_USER_BEHAVIORS" VALUES(57262,'c47c5120-e05e-012f-41d8-3c0754157aba','304595689','S','2012-09-14 05:55:53','{"product": 1013589430}');
INSERT INTO "SPREE_USER_BEHAVIORS" VALUES(57263,'c47c5120-e05e-012f-41d8-3c0754157aba','304595689','AC','2012-09-14 05:55:53','{"product": 1013589430, "availability": true, "quantity": 1}');
INSERT INTO "SPREE_USER_BEHAVIORS" VALUES(57264,'c47c5120-e05e-012f-41d8-3c0754157aba','304595689','P','2012-09-14 05:55:53','{"order": 138}');
INSERT INTO "SPREE_USER_BEHAVIORS" VALUES(57265,'c47de670-e05e-012f-41d8-3c0754157aba','304595689','S','2012-09-14 05:55:53','{"product": 1013589417}');
INSERT INTO "SPREE_USER_BEHAVIORS" VALUES(57266,'c47de670-e05e-012f-41d8-3c0754157aba','304595689','AC','2012-09-14 05:55:53','{"product": 1013589417, "availability": true, "quantity": 1}');
INSERT INTO "SPREE_USER_BEHAVIORS" VALUES(57267,'c47de670-e05e-012f-41d8-3c0754157aba','304595689','S','2012-09-14 05:55:53','{"product": 1013589424}');
INSERT INTO "SPREE_USER_BEHAVIORS" VALUES(57268,'c47de670-e05e-012f-41d8-3c0754157aba','304595689','AC','2012-09-14 05:55:53','{"product": 1013589424, "availability": true, "quantity": 1}');
INSERT INTO "SPREE_USER_BEHAVIORS" VALUES(57269,'c47de670-e05e-012f-41d8-3c0754157aba','304595689','P','2012-09-14 05:55:53','{"order": 139}');
INSERT INTO "SPREE_USER_BEHAVIORS" VALUES(57270,'c48202e0-e05e-012f-41d8-3c0754157aba','304595689','S','2012-09-14 05:55:53','{"product": 1013589426}');
INSERT INTO "SPREE_USER_BEHAVIORS" VALUES(57271,'c48202e0-e05e-012f-41d8-3c0754157aba','304595689','AC','2012-09-14 05:55:53','{"product": 1013589426, "availability": true, "quantity": 1}');
INSERT INTO "SPREE_USER_BEHAVIORS" VALUES(57272,'c48202e0-e05e-012f-41d8-3c0754157aba','304595689','S','2012-09-14 05:55:53','{"product": 1013589429}');
INSERT INTO "SPREE_USER_BEHAVIORS" VALUES(57273,'c48202e0-e05e-012f-41d8-3c0754157aba','304595689','AC','2012-09-14 05:55:53','{"product": 1013589429, "availability": true, "quantity": 1}');
INSERT INTO "SPREE_USER_BEHAVIORS" VALUES(57274,'c48202e0-e05e-012f-41d8-3c0754157aba','304595689','P','2012-09-14 05:55:53','{"order": 140}');
INSERT INTO "SPREE_USER_BEHAVIORS" VALUES(57275,'c483c900-e05e-012f-41d8-3c0754157aba','358114821','S','2012-09-14 05:55:53','{"product": 1013589436}');
INSERT INTO "SPREE_USER_BEHAVIORS" VALUES(57276,'c483c900-e05e-012f-41d8-3c0754157aba','358114821','AC','2012-09-14 05:55:53','{"product": 1013589436, "availability": true, "quantity": 1}');
INSERT INTO "SPREE_USER_BEHAVIORS" VALUES(57277,'c483c900-e05e-012f-41d8-3c0754157aba','358114821','P','2012-09-14 05:55:53','{"order": 141}');
INSERT INTO "SPREE_USER_BEHAVIORS" VALUES(57278,'c486f770-e05e-012f-41d8-3c0754157aba','358114821','S','2012-09-14 05:55:53','{"product": 1013589434}');
INSERT INTO "SPREE_USER_BEHAVIORS" VALUES(57279,'c486f770-e05e-012f-41d8-3c0754157aba','358114821','AC','2012-09-14 05:55:53','{"product": 1013589434, "availability": true, "quantity": 1}');
INSERT INTO "SPREE_USER_BEHAVIORS" VALUES(57280,'c486f770-e05e-012f-41d8-3c0754157aba','358114821','P','2012-09-14 05:55:53','{"order": 142}');
INSERT INTO "SPREE_USER_BEHAVIORS" VALUES(57281,'c487fd60-e05e-012f-41d8-3c0754157aba','358114821','S','2012-09-14 05:55:53','{"product": 1013589436}');
INSERT INTO "SPREE_USER_BEHAVIORS" VALUES(57282,'c487fd60-e05e-012f-41d8-3c0754157aba','358114821','AC','2012-09-14 05:55:53','{"product": 1013589436, "availability": true, "quantity": 1}');
INSERT INTO "SPREE_USER_BEHAVIORS" VALUES(57283,'c487fd60-e05e-012f-41d8-3c0754157aba','358114821','P','2012-09-14 05:55:53','{"order": 143}');
INSERT INTO "SPREE_USER_BEHAVIORS" VALUES(57284,'c4890ef0-e05e-012f-41d8-3c0754157aba','358114821','S','2012-09-14 05:55:53','{"product": 1013589434}');
INSERT INTO "SPREE_USER_BEHAVIORS" VALUES(57285,'c4890ef0-e05e-012f-41d8-3c0754157aba','358114821','AC','2012-09-14 05:55:53','{"product": 1013589434, "availability": true, "quantity": 1}');
INSERT INTO "SPREE_USER_BEHAVIORS" VALUES(57286,'c4890ef0-e05e-012f-41d8-3c0754157aba','358114821','S','2012-09-14 05:55:53','{"product": 1013589424}');
INSERT INTO "SPREE_USER_BEHAVIORS" VALUES(57287,'c4890ef0-e05e-012f-41d8-3c0754157aba','358114821','AC','2012-09-14 05:55:53','{"product": 1013589424, "availability": true, "quantity": 1}');
INSERT INTO "SPREE_USER_BEHAVIORS" VALUES(57288,'c4890ef0-e05e-012f-41d8-3c0754157aba','358114821','P','2012-09-14 05:55:53','{"order": 144}');
INSERT INTO "SPREE_USER_BEHAVIORS" VALUES(57289,'c48cfac0-e05e-012f-41d8-3c0754157aba','358114821','S','2012-09-14 05:55:53','{"product": 1013589434}');
INSERT INTO "SPREE_USER_BEHAVIORS" VALUES(57290,'c48cfac0-e05e-012f-41d8-3c0754157aba','358114821','AC','2012-09-14 05:55:53','{"product": 1013589434, "availability": true, "quantity": 1}');
INSERT INTO "SPREE_USER_BEHAVIORS" VALUES(57291,'c48cfac0-e05e-012f-41d8-3c0754157aba','358114821','S','2012-09-14 05:55:53','{"product": 1013589424}');
INSERT INTO "SPREE_USER_BEHAVIORS" VALUES(57292,'c48cfac0-e05e-012f-41d8-3c0754157aba','358114821','AC','2012-09-14 05:55:53','{"product": 1013589424, "availability": true, "quantity": 1}');
INSERT INTO "SPREE_USER_BEHAVIORS" VALUES(57293,'c48cfac0-e05e-012f-41d8-3c0754157aba','358114821','P','2012-09-14 05:55:53','{"order": 145}');
INSERT INTO "SPREE_USER_BEHAVIORS" VALUES(57294,'c48f0bf0-e05e-012f-41d8-3c0754157aba','358114821','S','2012-09-14 05:55:53','{"product": 1013589436}');
INSERT INTO "SPREE_USER_BEHAVIORS" VALUES(57295,'c48f0bf0-e05e-012f-41d8-3c0754157aba','358114821','AC','2012-09-14 05:55:53','{"product": 1013589436, "availability": true, "quantity": 1}');
INSERT INTO "SPREE_USER_BEHAVIORS" VALUES(57296,'c48f0bf0-e05e-012f-41d8-3c0754157aba','358114821','P','2012-09-14 05:55:53','{"order": 146}');
INSERT INTO "SPREE_USER_BEHAVIORS" VALUES(57297,'c4919290-e05e-012f-41d8-3c0754157aba','28962723','S','2012-09-14 05:55:53','{"product": 1013589436}');
INSERT INTO "SPREE_USER_BEHAVIORS" VALUES(57298,'c4919290-e05e-012f-41d8-3c0754157aba','28962723','AC','2012-09-14 05:55:53','{"product": 1013589436, "availability": true, "quantity": 1}');
INSERT INTO "SPREE_USER_BEHAVIORS" VALUES(57299,'c4919290-e05e-012f-41d8-3c0754157aba','28962723','P','2012-09-14 05:55:53','{"order": 147}');
INSERT INTO "SPREE_USER_BEHAVIORS" VALUES(57300,'c49299d0-e05e-012f-41d8-3c0754157aba','28962723','S','2012-09-14 05:55:53','{"product": 1013589436}');
INSERT INTO "SPREE_USER_BEHAVIORS" VALUES(57301,'c49299d0-e05e-012f-41d8-3c0754157aba','28962723','AC','2012-09-14 05:55:53','{"product": 1013589436, "availability": true, "quantity": 1}');
INSERT INTO "SPREE_USER_BEHAVIORS" VALUES(57302,'c49299d0-e05e-012f-41d8-3c0754157aba','28962723','P','2012-09-14 05:55:53','{"order": 148}');
INSERT INTO "SPREE_USER_BEHAVIORS" VALUES(57303,'c495c200-e05e-012f-41d8-3c0754157aba','28962723','S','2012-09-14 05:55:53','{"product": 1013589436}');
INSERT INTO "SPREE_USER_BEHAVIORS" VALUES(57304,'c495c200-e05e-012f-41d8-3c0754157aba','28962723','AC','2012-09-14 05:55:53','{"product": 1013589436, "availability": true, "quantity": 1}');
INSERT INTO "SPREE_USER_BEHAVIORS" VALUES(57305,'c495c200-e05e-012f-41d8-3c0754157aba','28962723','P','2012-09-14 05:55:53','{"order": 149}');
INSERT INTO "SPREE_USER_BEHAVIORS" VALUES(57306,'c496c1b0-e05e-012f-41d8-3c0754157aba','28962723','S','2012-09-14 05:55:53','{"product": 1013589434}');
INSERT INTO "SPREE_USER_BEHAVIORS" VALUES(57307,'c496c1b0-e05e-012f-41d8-3c0754157aba','28962723','AC','2012-09-14 05:55:53','{"product": 1013589434, "availability": true, "quantity": 1}');
INSERT INTO "SPREE_USER_BEHAVIORS" VALUES(57308,'c496c1b0-e05e-012f-41d8-3c0754157aba','28962723','P','2012-09-14 05:55:53','{"order": 150}');
INSERT INTO "SPREE_USER_BEHAVIORS" VALUES(57309,'c497c180-e05e-012f-41d8-3c0754157aba','28962723','S','2012-09-14 05:55:53','{"product": 1013589434}');
INSERT INTO "SPREE_USER_BEHAVIORS" VALUES(57310,'c497c180-e05e-012f-41d8-3c0754157aba','28962723','AC','2012-09-14 05:55:53','{"product": 1013589434, "availability": true, "quantity": 1}');
INSERT INTO "SPREE_USER_BEHAVIORS" VALUES(57311,'c497c180-e05e-012f-41d8-3c0754157aba','28962723','P','2012-09-14 05:55:53','{"order": 151}');
INSERT INTO "SPREE_USER_BEHAVIORS" VALUES(57312,'c49af030-e05e-012f-41d8-3c0754157aba','28962723','S','2012-09-14 05:55:53','{"product": 1013589436}');
INSERT INTO "SPREE_USER_BEHAVIORS" VALUES(57313,'c49af030-e05e-012f-41d8-3c0754157aba','28962723','AC','2012-09-14 05:55:53','{"product": 1013589436, "availability": true, "quantity": 1}');
INSERT INTO "SPREE_USER_BEHAVIORS" VALUES(57314,'c49af030-e05e-012f-41d8-3c0754157aba','28962723','P','2012-09-14 05:55:53','{"order": 152}');
INSERT INTO "SPREE_USER_BEHAVIORS" VALUES(57315,'c49bfbd0-e05e-012f-41d8-3c0754157aba','28962723','S','2012-09-14 05:55:53','{"product": 1013589436}');
INSERT INTO "SPREE_USER_BEHAVIORS" VALUES(57316,'c49bfbd0-e05e-012f-41d8-3c0754157aba','28962723','AC','2012-09-14 05:55:53','{"product": 1013589436, "availability": true, "quantity": 1}');
INSERT INTO "SPREE_USER_BEHAVIORS" VALUES(57317,'c49bfbd0-e05e-012f-41d8-3c0754157aba','28962723','P','2012-09-14 05:55:53','{"order": 153}');
INSERT INTO "SPREE_USER_BEHAVIORS" VALUES(57318,'c49cfa40-e05e-012f-41d8-3c0754157aba','28962723','S','2012-09-14 05:55:53','{"product": 1013589436}');
INSERT INTO "SPREE_USER_BEHAVIORS" VALUES(57319,'c49cfa40-e05e-012f-41d8-3c0754157aba','28962723','AC','2012-09-14 05:55:53','{"product": 1013589436, "availability": true, "quantity": 1}');
INSERT INTO "SPREE_USER_BEHAVIORS" VALUES(57320,'c49cfa40-e05e-012f-41d8-3c0754157aba','28962723','P','2012-09-14 05:55:53','{"order": 154}');
INSERT INTO "SPREE_USER_BEHAVIORS" VALUES(57321,'c338f920-e05e-012f-41d8-3c0754157aba','437907651','S','2012-09-14 05:55:53','{"product": 1013589434}');
INSERT INTO "SPREE_USER_BEHAVIORS" VALUES(57322,'c338f920-e05e-012f-41d8-3c0754157aba','437907651','AC','2012-09-14 05:55:53','{"product": 1013589434, "availability": true, "quantity": 1}');
INSERT INTO "SPREE_USER_BEHAVIORS" VALUES(57323,'c338f920-e05e-012f-41d8-3c0754157aba','437907651','P','2012-09-14 05:55:53','{"order": 155}');
INSERT INTO "SPREE_USER_BEHAVIORS" VALUES(57324,'c4a12910-e05e-012f-41d8-3c0754157aba','437907651','S','2012-09-14 05:55:53','{"product": 1013589436}');
INSERT INTO "SPREE_USER_BEHAVIORS" VALUES(57325,'c4a12910-e05e-012f-41d8-3c0754157aba','437907651','AC','2012-09-14 05:55:53','{"product": 1013589436, "availability": true, "quantity": 1}');
INSERT INTO "SPREE_USER_BEHAVIORS" VALUES(57326,'c4a12910-e05e-012f-41d8-3c0754157aba','437907651','P','2012-09-14 05:55:53','{"order": 156}');
INSERT INTO "SPREE_USER_BEHAVIORS" VALUES(57327,'c4a23200-e05e-012f-41d8-3c0754157aba','437907651','S','2012-09-14 05:55:53','{"product": 1013589434}');
INSERT INTO "SPREE_USER_BEHAVIORS" VALUES(57328,'c4a23200-e05e-012f-41d8-3c0754157aba','437907651','AC','2012-09-14 05:55:53','{"product": 1013589434, "availability": true, "quantity": 1}');
INSERT INTO "SPREE_USER_BEHAVIORS" VALUES(57329,'c4a23200-e05e-012f-41d8-3c0754157aba','437907651','P','2012-09-14 05:55:53','{"order": 157}');
INSERT INTO "SPREE_USER_BEHAVIORS" VALUES(57330,'c4a36650-e05e-012f-41d8-3c0754157aba','437907651','S','2012-09-14 05:55:53','{"product": 1013589436}');
INSERT INTO "SPREE_USER_BEHAVIORS" VALUES(57331,'c4a36650-e05e-012f-41d8-3c0754157aba','437907651','AC','2012-09-14 05:55:53','{"product": 1013589436, "availability": true, "quantity": 1}');
INSERT INTO "SPREE_USER_BEHAVIORS" VALUES(57332,'c4a36650-e05e-012f-41d8-3c0754157aba','437907651','P','2012-09-14 05:55:53','{"order": 158}');
INSERT INTO "SPREE_USER_BEHAVIORS" VALUES(57333,'c4a5e8d0-e05e-012f-41d8-3c0754157aba','437907651','S','2012-09-14 05:55:53','{"product": 1013589436}');
INSERT INTO "SPREE_USER_BEHAVIORS" VALUES(57334,'c4a5e8d0-e05e-012f-41d8-3c0754157aba','437907651','AC','2012-09-14 05:55:53','{"product": 1013589436, "availability": true, "quantity": 1}');
INSERT INTO "SPREE_USER_BEHAVIORS" VALUES(57335,'c4a5e8d0-e05e-012f-41d8-3c0754157aba','437907651','P','2012-09-14 05:55:53','{"order": 159}');
INSERT INTO "SPREE_USER_BEHAVIORS" VALUES(57336,'c4a6d500-e05e-012f-41d8-3c0754157aba','437907651','S','2012-09-14 05:55:53','{"product": 1013589436}');
INSERT INTO "SPREE_USER_BEHAVIORS" VALUES(57337,'c4a6d500-e05e-012f-41d8-3c0754157aba','437907651','AC','2012-09-14 05:55:53','{"product": 1013589436, "availability": true, "quantity": 1}');
INSERT INTO "SPREE_USER_BEHAVIORS" VALUES(57338,'c4a6d500-e05e-012f-41d8-3c0754157aba','437907651','P','2012-09-14 05:55:53','{"order": 160}');
INSERT INTO "SPREE_USER_BEHAVIORS" VALUES(57339,'c4aa2e60-e05e-012f-41d8-3c0754157aba','437907651','S','2012-09-14 05:55:53','{"product": 1013589436}');
INSERT INTO "SPREE_USER_BEHAVIORS" VALUES(57340,'c4aa2e60-e05e-012f-41d8-3c0754157aba','437907651','AC','2012-09-14 05:55:53','{"product": 1013589436, "availability": true, "quantity": 1}');
INSERT INTO "SPREE_USER_BEHAVIORS" VALUES(57341,'c4aa2e60-e05e-012f-41d8-3c0754157aba','437907651','P','2012-09-14 05:55:53','{"order": 161}');
INSERT INTO "SPREE_USER_BEHAVIORS" VALUES(57342,'c4ab3170-e05e-012f-41d8-3c0754157aba','437907651','S','2012-09-14 05:55:53','{"product": 1013589434}');
INSERT INTO "SPREE_USER_BEHAVIORS" VALUES(57343,'c4ab3170-e05e-012f-41d8-3c0754157aba','437907651','AC','2012-09-14 05:55:53','{"product": 1013589434, "availability": true, "quantity": 1}');
INSERT INTO "SPREE_USER_BEHAVIORS" VALUES(57344,'c4ab3170-e05e-012f-41d8-3c0754157aba','437907651','P','2012-09-14 05:55:53','{"order": 162}');
INSERT INTO "SPREE_USER_BEHAVIORS" VALUES(57345,'c4ac34a0-e05e-012f-41d8-3c0754157aba','437907651','S','2012-09-14 05:55:53','{"product": 1013589436}');
INSERT INTO "SPREE_USER_BEHAVIORS" VALUES(57346,'c4ac34a0-e05e-012f-41d8-3c0754157aba','437907651','AC','2012-09-14 05:55:53','{"product": 1013589436, "availability": true, "quantity": 1}');
INSERT INTO "SPREE_USER_BEHAVIORS" VALUES(57347,'c4ac34a0-e05e-012f-41d8-3c0754157aba','437907651','P','2012-09-14 05:55:53','{"order": 163}');
INSERT INTO "SPREE_USER_BEHAVIORS" VALUES(57348,'c4af51f0-e05e-012f-41d8-3c0754157aba','331209749','S','2012-09-14 05:55:53','{"product": 1013589434}');
INSERT INTO "SPREE_USER_BEHAVIORS" VALUES(57349,'c4af51f0-e05e-012f-41d8-3c0754157aba','331209749','AC','2012-09-14 05:55:53','{"product": 1013589434, "availability": true, "quantity": 1}');
INSERT INTO "SPREE_USER_BEHAVIORS" VALUES(57350,'c4af51f0-e05e-012f-41d8-3c0754157aba','331209749','P','2012-09-14 05:55:53','{"order": 164}');
INSERT INTO "SPREE_USER_BEHAVIORS" VALUES(57351,'c4b05c70-e05e-012f-41d8-3c0754157aba','331209749','S','2012-09-14 05:55:53','{"product": 1013589434}');
INSERT INTO "SPREE_USER_BEHAVIORS" VALUES(57352,'c4b05c70-e05e-012f-41d8-3c0754157aba','331209749','AC','2012-09-14 05:55:53','{"product": 1013589434, "availability": true, "quantity": 1}');
INSERT INTO "SPREE_USER_BEHAVIORS" VALUES(57353,'c4b05c70-e05e-012f-41d8-3c0754157aba','331209749','S','2012-09-14 05:55:53','{"product": 1013589424}');
INSERT INTO "SPREE_USER_BEHAVIORS" VALUES(57354,'c4b05c70-e05e-012f-41d8-3c0754157aba','331209749','AC','2012-09-14 05:55:53','{"product": 1013589424, "availability": true, "quantity": 1}');
INSERT INTO "SPREE_USER_BEHAVIORS" VALUES(57355,'c4b05c70-e05e-012f-41d8-3c0754157aba','331209749','P','2012-09-14 05:55:53','{"order": 165}');
INSERT INTO "SPREE_USER_BEHAVIORS" VALUES(57356,'c4b2a580-e05e-012f-41d8-3c0754157aba','331209749','S','2012-09-14 05:55:53','{"product": 1013589434}');
INSERT INTO "SPREE_USER_BEHAVIORS" VALUES(57357,'c4b2a580-e05e-012f-41d8-3c0754157aba','331209749','AC','2012-09-14 05:55:53','{"product": 1013589434, "availability": true, "quantity": 1}');
INSERT INTO "SPREE_USER_BEHAVIORS" VALUES(57358,'c4b2a580-e05e-012f-41d8-3c0754157aba','331209749','S','2012-09-14 05:55:53','{"product": 1013589424}');
INSERT INTO "SPREE_USER_BEHAVIORS" VALUES(57359,'c4b2a580-e05e-012f-41d8-3c0754157aba','331209749','AC','2012-09-14 05:55:53','{"product": 1013589424, "availability": true, "quantity": 1}');
INSERT INTO "SPREE_USER_BEHAVIORS" VALUES(57360,'c4b2a580-e05e-012f-41d8-3c0754157aba','331209749','P','2012-09-14 05:55:53','{"order": 166}');
INSERT INTO "SPREE_USER_BEHAVIORS" VALUES(57361,'c4b5cb40-e05e-012f-41d8-3c0754157aba','331209749','S','2012-09-14 05:55:53','{"product": 1013589434}');
INSERT INTO "SPREE_USER_BEHAVIORS" VALUES(57362,'c4b5cb40-e05e-012f-41d8-3c0754157aba','331209749','AC','2012-09-14 05:55:53','{"product": 1013589434, "availability": true, "quantity": 1}');
INSERT INTO "SPREE_USER_BEHAVIORS" VALUES(57363,'c4b5cb40-e05e-012f-41d8-3c0754157aba','331209749','S','2012-09-14 05:55:53','{"product": 1013589424}');
INSERT INTO "SPREE_USER_BEHAVIORS" VALUES(57364,'c4b5cb40-e05e-012f-41d8-3c0754157aba','331209749','AC','2012-09-14 05:55:53','{"product": 1013589424, "availability": true, "quantity": 1}');
INSERT INTO "SPREE_USER_BEHAVIORS" VALUES(57365,'c4b5cb40-e05e-012f-41d8-3c0754157aba','331209749','P','2012-09-14 05:55:53','{"order": 167}');
INSERT INTO "SPREE_USER_BEHAVIORS" VALUES(57366,'c4ba2400-e05e-012f-41d8-3c0754157aba','331209749','S','2012-09-14 05:55:53','{"product": 1013589436}');
INSERT INTO "SPREE_USER_BEHAVIORS" VALUES(57367,'c4ba2400-e05e-012f-41d8-3c0754157aba','331209749','AC','2012-09-14 05:55:53','{"product": 1013589436, "availability": true, "quantity": 1}');
INSERT INTO "SPREE_USER_BEHAVIORS" VALUES(57368,'c4ba2400-e05e-012f-41d8-3c0754157aba','331209749','P','2012-09-14 05:55:53','{"order": 168}');
INSERT INTO "SPREE_USER_BEHAVIORS" VALUES(57369,'c4bb1130-e05e-012f-41d8-3c0754157aba','331209749','S','2012-09-14 05:55:53','{"product": 1013589434}');
INSERT INTO "SPREE_USER_BEHAVIORS" VALUES(57370,'c4bb1130-e05e-012f-41d8-3c0754157aba','331209749','AC','2012-09-14 05:55:53','{"product": 1013589434, "availability": true, "quantity": 1}');
INSERT INTO "SPREE_USER_BEHAVIORS" VALUES(57371,'c4bb1130-e05e-012f-41d8-3c0754157aba','331209749','P','2012-09-14 05:55:53','{"order": 169}');
INSERT INTO "SPREE_USER_BEHAVIORS" VALUES(57372,'c4be8700-e05e-012f-41d8-3c0754157aba','331209749','S','2012-09-14 05:55:53','{"product": 1013589434}');
INSERT INTO "SPREE_USER_BEHAVIORS" VALUES(57373,'c4be8700-e05e-012f-41d8-3c0754157aba','331209749','AC','2012-09-14 05:55:53','{"product": 1013589434, "availability": true, "quantity": 1}');
INSERT INTO "SPREE_USER_BEHAVIORS" VALUES(57374,'c4be8700-e05e-012f-41d8-3c0754157aba','331209749','S','2012-09-14 05:55:53','{"product": 1013589424}');
INSERT INTO "SPREE_USER_BEHAVIORS" VALUES(57375,'c4be8700-e05e-012f-41d8-3c0754157aba','331209749','AC','2012-09-14 05:55:53','{"product": 1013589424, "availability": true, "quantity": 1}');
INSERT INTO "SPREE_USER_BEHAVIORS" VALUES(57376,'c4be8700-e05e-012f-41d8-3c0754157aba','331209749','P','2012-09-14 05:55:53','{"order": 170}');
INSERT INTO "SPREE_USER_BEHAVIORS" VALUES(57377,'c4c03160-e05e-012f-41d8-3c0754157aba','331209749','S','2012-09-14 05:55:53','{"product": 1013589434}');
INSERT INTO "SPREE_USER_BEHAVIORS" VALUES(57378,'c4c03160-e05e-012f-41d8-3c0754157aba','331209749','AC','2012-09-14 05:55:53','{"product": 1013589434, "availability": true, "quantity": 1}');
INSERT INTO "SPREE_USER_BEHAVIORS" VALUES(57379,'c4c03160-e05e-012f-41d8-3c0754157aba','331209749','P','2012-09-14 05:55:53','{"order": 171}');
INSERT INTO "SPREE_USER_BEHAVIORS" VALUES(57380,'c4c3aa90-e05e-012f-41d8-3c0754157aba','220281934','S','2012-09-14 05:55:53','{"product": 1013589417}');
INSERT INTO "SPREE_USER_BEHAVIORS" VALUES(57381,'c4c3aa90-e05e-012f-41d8-3c0754157aba','220281934','AC','2012-09-14 05:55:53','{"product": 1013589417, "availability": true, "quantity": 1}');
INSERT INTO "SPREE_USER_BEHAVIORS" VALUES(57382,'c4c3aa90-e05e-012f-41d8-3c0754157aba','220281934','S','2012-09-14 05:55:53','{"product": 1013589424}');
INSERT INTO "SPREE_USER_BEHAVIORS" VALUES(57383,'c4c3aa90-e05e-012f-41d8-3c0754157aba','220281934','AC','2012-09-14 05:55:53','{"product": 1013589424, "availability": true, "quantity": 1}');
INSERT INTO "SPREE_USER_BEHAVIORS" VALUES(57384,'c4c3aa90-e05e-012f-41d8-3c0754157aba','220281934','P','2012-09-14 05:55:53','{"order": 172}');
INSERT INTO "SPREE_USER_BEHAVIORS" VALUES(57385,'c4c55420-e05e-012f-41d8-3c0754157aba','220281934','S','2012-09-14 05:55:53','{"product": 1013589415}');
INSERT INTO "SPREE_USER_BEHAVIORS" VALUES(57386,'c4c55420-e05e-012f-41d8-3c0754157aba','220281934','AC','2012-09-14 05:55:53','{"product": 1013589415, "availability": true, "quantity": 1}');
INSERT INTO "SPREE_USER_BEHAVIORS" VALUES(57387,'c4c55420-e05e-012f-41d8-3c0754157aba','220281934','S','2012-09-14 05:55:53','{"product": 1013589430}');
INSERT INTO "SPREE_USER_BEHAVIORS" VALUES(57388,'c4c55420-e05e-012f-41d8-3c0754157aba','220281934','AC','2012-09-14 05:55:53','{"product": 1013589430, "availability": true, "quantity": 1}');
INSERT INTO "SPREE_USER_BEHAVIORS" VALUES(57389,'c4c55420-e05e-012f-41d8-3c0754157aba','220281934','P','2012-09-14 05:55:53','{"order": 173}');
INSERT INTO "SPREE_USER_BEHAVIORS" VALUES(57390,'c4c94980-e05e-012f-41d8-3c0754157aba','220281934','S','2012-09-14 05:55:53','{"product": 1013589417}');
INSERT INTO "SPREE_USER_BEHAVIORS" VALUES(57391,'c4c94980-e05e-012f-41d8-3c0754157aba','220281934','AC','2012-09-14 05:55:53','{"product": 1013589417, "availability": true, "quantity": 1}');
INSERT INTO "SPREE_USER_BEHAVIORS" VALUES(57392,'c4c94980-e05e-012f-41d8-3c0754157aba','220281934','S','2012-09-14 05:55:53','{"product": 1013589424}');
INSERT INTO "SPREE_USER_BEHAVIORS" VALUES(57393,'c4c94980-e05e-012f-41d8-3c0754157aba','220281934','AC','2012-09-14 05:55:53','{"product": 1013589424, "availability": true, "quantity": 1}');
INSERT INTO "SPREE_USER_BEHAVIORS" VALUES(57394,'c4c94980-e05e-012f-41d8-3c0754157aba','220281934','P','2012-09-14 05:55:53','{"order": 174}');
INSERT INTO "SPREE_USER_BEHAVIORS" VALUES(57395,'c4cb04c0-e05e-012f-41d8-3c0754157aba','220281934','S','2012-09-14 05:55:53','{"product": 1013589426}');
INSERT INTO "SPREE_USER_BEHAVIORS" VALUES(57396,'c4cb04c0-e05e-012f-41d8-3c0754157aba','220281934','AC','2012-09-14 05:55:53','{"product": 1013589426, "availability": true, "quantity": 1}');
INSERT INTO "SPREE_USER_BEHAVIORS" VALUES(57397,'c4cb04c0-e05e-012f-41d8-3c0754157aba','220281934','S','2012-09-14 05:55:53','{"product": 1013589429}');
INSERT INTO "SPREE_USER_BEHAVIORS" VALUES(57398,'c4cb04c0-e05e-012f-41d8-3c0754157aba','220281934','AC','2012-09-14 05:55:53','{"product": 1013589429, "availability": true, "quantity": 1}');
INSERT INTO "SPREE_USER_BEHAVIORS" VALUES(57399,'c4cb04c0-e05e-012f-41d8-3c0754157aba','220281934','P','2012-09-14 05:55:53','{"order": 175}');
INSERT INTO "SPREE_USER_BEHAVIORS" VALUES(57400,'c4cf0800-e05e-012f-41d8-3c0754157aba','220281934','S','2012-09-14 05:55:53','{"product": 1013589415}');
INSERT INTO "SPREE_USER_BEHAVIORS" VALUES(57401,'c4cf0800-e05e-012f-41d8-3c0754157aba','220281934','AC','2012-09-14 05:55:53','{"product": 1013589415, "availability": true, "quantity": 1}');
INSERT INTO "SPREE_USER_BEHAVIORS" VALUES(57402,'c4cf0800-e05e-012f-41d8-3c0754157aba','220281934','S','2012-09-14 05:55:53','{"product": 1013589430}');
INSERT INTO "SPREE_USER_BEHAVIORS" VALUES(57403,'c4cf0800-e05e-012f-41d8-3c0754157aba','220281934','AC','2012-09-14 05:55:53','{"product": 1013589430, "availability": true, "quantity": 1}');
INSERT INTO "SPREE_USER_BEHAVIORS" VALUES(57404,'c4cf0800-e05e-012f-41d8-3c0754157aba','220281934','P','2012-09-14 05:55:53','{"order": 176}');
INSERT INTO "SPREE_USER_BEHAVIORS" VALUES(57405,'c4d2ce40-e05e-012f-41d8-3c0754157aba','220281934','S','2012-09-14 05:55:53','{"product": 1013589415}');
INSERT INTO "SPREE_USER_BEHAVIORS" VALUES(57406,'c4d2ce40-e05e-012f-41d8-3c0754157aba','220281934','AC','2012-09-14 05:55:53','{"product": 1013589415, "availability": true, "quantity": 1}');
INSERT INTO "SPREE_USER_BEHAVIORS" VALUES(57407,'c4d2ce40-e05e-012f-41d8-3c0754157aba','220281934','S','2012-09-14 05:55:53','{"product": 1013589430}');
INSERT INTO "SPREE_USER_BEHAVIORS" VALUES(57408,'c4d2ce40-e05e-012f-41d8-3c0754157aba','220281934','AC','2012-09-14 05:55:53','{"product": 1013589430, "availability": true, "quantity": 1}');
INSERT INTO "SPREE_USER_BEHAVIORS" VALUES(57409,'c4d2ce40-e05e-012f-41d8-3c0754157aba','220281934','P','2012-09-14 05:55:53','{"order": 177}');
INSERT INTO "SPREE_USER_BEHAVIORS" VALUES(57410,'c4d47060-e05e-012f-41d8-3c0754157aba','220281934','S','2012-09-14 05:55:53','{"product": 1013589415}');
INSERT INTO "SPREE_USER_BEHAVIORS" VALUES(57411,'c4d47060-e05e-012f-41d8-3c0754157aba','220281934','AC','2012-09-14 05:55:53','{"product": 1013589415, "availability": true, "quantity": 1}');
INSERT INTO "SPREE_USER_BEHAVIORS" VALUES(57412,'c4d47060-e05e-012f-41d8-3c0754157aba','220281934','S','2012-09-14 05:55:53','{"product": 1013589430}');
INSERT INTO "SPREE_USER_BEHAVIORS" VALUES(57413,'c4d47060-e05e-012f-41d8-3c0754157aba','220281934','AC','2012-09-14 05:55:53','{"product": 1013589430, "availability": true, "quantity": 1}');
INSERT INTO "SPREE_USER_BEHAVIORS" VALUES(57414,'c4d47060-e05e-012f-41d8-3c0754157aba','220281934','P','2012-09-14 05:55:53','{"order": 178}');
INSERT INTO "SPREE_USER_BEHAVIORS" VALUES(57415,'c4d8a370-e05e-012f-41d8-3c0754157aba','220281934','S','2012-09-14 05:55:53','{"product": 1013589417}');
INSERT INTO "SPREE_USER_BEHAVIORS" VALUES(57416,'c4d8a370-e05e-012f-41d8-3c0754157aba','220281934','AC','2012-09-14 05:55:53','{"product": 1013589417, "availability": true, "quantity": 1}');
INSERT INTO "SPREE_USER_BEHAVIORS" VALUES(57417,'c4d8a370-e05e-012f-41d8-3c0754157aba','220281934','S','2012-09-14 05:55:53','{"product": 1013589424}');
INSERT INTO "SPREE_USER_BEHAVIORS" VALUES(57418,'c4d8a370-e05e-012f-41d8-3c0754157aba','220281934','AC','2012-09-14 05:55:53','{"product": 1013589424, "availability": true, "quantity": 1}');
INSERT INTO "SPREE_USER_BEHAVIORS" VALUES(57419,'c4d8a370-e05e-012f-41d8-3c0754157aba','220281934','P','2012-09-14 05:55:53','{"order": 179}');
INSERT INTO "SPREE_USER_BEHAVIORS" VALUES(57420,'c4da60e0-e05e-012f-41d8-3c0754157aba','956993830','S','2012-09-14 05:55:53','{"product": 1013589434}');
INSERT INTO "SPREE_USER_BEHAVIORS" VALUES(57421,'c4da60e0-e05e-012f-41d8-3c0754157aba','956993830','AC','2012-09-14 05:55:53','{"product": 1013589434, "availability": true, "quantity": 1}');
INSERT INTO "SPREE_USER_BEHAVIORS" VALUES(57422,'c4da60e0-e05e-012f-41d8-3c0754157aba','956993830','P','2012-09-14 05:55:53','{"order": 180}');
INSERT INTO "SPREE_USER_BEHAVIORS" VALUES(57423,'c4ddcaa0-e05e-012f-41d8-3c0754157aba','956993830','S','2012-09-14 05:55:53','{"product": 1013589436}');
INSERT INTO "SPREE_USER_BEHAVIORS" VALUES(57424,'c4ddcaa0-e05e-012f-41d8-3c0754157aba','956993830','AC','2012-09-14 05:55:53','{"product": 1013589436, "availability": true, "quantity": 1}');
INSERT INTO "SPREE_USER_BEHAVIORS" VALUES(57425,'c4ddcaa0-e05e-012f-41d8-3c0754157aba','956993830','P','2012-09-14 05:55:53','{"order": 181}');
INSERT INTO "SPREE_USER_BEHAVIORS" VALUES(57426,'c4deb6c0-e05e-012f-41d8-3c0754157aba','956993830','S','2012-09-14 05:55:53','{"product": 1013589434}');
INSERT INTO "SPREE_USER_BEHAVIORS" VALUES(57427,'c4deb6c0-e05e-012f-41d8-3c0754157aba','956993830','AC','2012-09-14 05:55:53','{"product": 1013589434, "availability": true, "quantity": 1}');
INSERT INTO "SPREE_USER_BEHAVIORS" VALUES(57428,'c4deb6c0-e05e-012f-41d8-3c0754157aba','956993830','P','2012-09-14 05:55:53','{"order": 182}');
INSERT INTO "SPREE_USER_BEHAVIORS" VALUES(57429,'c4dfca70-e05e-012f-41d8-3c0754157aba','956993830','S','2012-09-14 05:55:53','{"product": 1013589436}');
INSERT INTO "SPREE_USER_BEHAVIORS" VALUES(57430,'c4dfca70-e05e-012f-41d8-3c0754157aba','956993830','AC','2012-09-14 05:55:54','{"product": 1013589436, "availability": true, "quantity": 1}');
INSERT INTO "SPREE_USER_BEHAVIORS" VALUES(57431,'c4dfca70-e05e-012f-41d8-3c0754157aba','956993830','P','2012-09-14 05:55:54','{"order": 183}');
INSERT INTO "SPREE_USER_BEHAVIORS" VALUES(57432,'c4e2dcd0-e05e-012f-41d8-3c0754157aba','956993830','S','2012-09-14 05:55:54','{"product": 1013589436}');
INSERT INTO "SPREE_USER_BEHAVIORS" VALUES(57433,'c4e2dcd0-e05e-012f-41d8-3c0754157aba','956993830','AC','2012-09-14 05:55:54','{"product": 1013589436, "availability": true, "quantity": 1}');
INSERT INTO "SPREE_USER_BEHAVIORS" VALUES(57434,'c4e2dcd0-e05e-012f-41d8-3c0754157aba','956993830','P','2012-09-14 05:55:54','{"order": 184}');
INSERT INTO "SPREE_USER_BEHAVIORS" VALUES(57435,'c4e3d3f0-e05e-012f-41d8-3c0754157aba','956993830','S','2012-09-14 05:55:54','{"product": 1013589434}');
INSERT INTO "SPREE_USER_BEHAVIORS" VALUES(57436,'c4e3d3f0-e05e-012f-41d8-3c0754157aba','956993830','AC','2012-09-14 05:55:54','{"product": 1013589434, "availability": true, "quantity": 1}');
INSERT INTO "SPREE_USER_BEHAVIORS" VALUES(57437,'c4e3d3f0-e05e-012f-41d8-3c0754157aba','956993830','P','2012-09-14 05:55:54','{"order": 185}');
INSERT INTO "SPREE_USER_BEHAVIORS" VALUES(57438,'c4e4ef80-e05e-012f-41d8-3c0754157aba','956993830','S','2012-09-14 05:55:54','{"product": 1013589434}');
INSERT INTO "SPREE_USER_BEHAVIORS" VALUES(57439,'c4e4ef80-e05e-012f-41d8-3c0754157aba','956993830','AC','2012-09-14 05:55:54','{"product": 1013589434, "availability": true, "quantity": 1}');
INSERT INTO "SPREE_USER_BEHAVIORS" VALUES(57440,'c4e4ef80-e05e-012f-41d8-3c0754157aba','956993830','P','2012-09-14 05:55:54','{"order": 186}');
INSERT INTO "SPREE_USER_BEHAVIORS" VALUES(57441,'c4e5e1e0-e05e-012f-41d8-3c0754157aba','956993830','S','2012-09-14 05:55:54','{"product": 1013589434}');
INSERT INTO "SPREE_USER_BEHAVIORS" VALUES(57442,'c4e5e1e0-e05e-012f-41d8-3c0754157aba','956993830','AC','2012-09-14 05:55:54','{"product": 1013589434, "availability": true, "quantity": 1}');
INSERT INTO "SPREE_USER_BEHAVIORS" VALUES(57443,'c4e5e1e0-e05e-012f-41d8-3c0754157aba','956993830','P','2012-09-14 05:55:54','{"order": 187}');
INSERT INTO "SPREE_USER_BEHAVIORS" VALUES(57444,'c4e71070-e05e-012f-41d8-3c0754157aba','956993830','S','2012-09-14 05:55:54','{"product": 1013589434}');
INSERT INTO "SPREE_USER_BEHAVIORS" VALUES(57445,'c4e71070-e05e-012f-41d8-3c0754157aba','956993830','AC','2012-09-14 05:55:54','{"product": 1013589434, "availability": true, "quantity": 1}');
INSERT INTO "SPREE_USER_BEHAVIORS" VALUES(57446,'c4e71070-e05e-012f-41d8-3c0754157aba','956993830','S','2012-09-14 05:55:54','{"product": 1013589424}');
INSERT INTO "SPREE_USER_BEHAVIORS" VALUES(57447,'c4e71070-e05e-012f-41d8-3c0754157aba','956993830','AC','2012-09-14 05:55:54','{"product": 1013589424, "availability": true, "quantity": 1}');
INSERT INTO "SPREE_USER_BEHAVIORS" VALUES(57448,'c4e71070-e05e-012f-41d8-3c0754157aba','956993830','P','2012-09-14 05:55:54','{"order": 188}');
INSERT INTO "SPREE_USER_BEHAVIORS" VALUES(57449,'c4f07580-e05e-012f-41d8-3c0754157aba','824624125','S','2012-09-14 05:55:54','{"product": 1013589434}');
INSERT INTO "SPREE_USER_BEHAVIORS" VALUES(57450,'c4f07580-e05e-012f-41d8-3c0754157aba','824624125','AC','2012-09-14 05:55:54','{"product": 1013589434, "availability": true, "quantity": 1}');
INSERT INTO "SPREE_USER_BEHAVIORS" VALUES(57451,'c4f07580-e05e-012f-41d8-3c0754157aba','824624125','S','2012-09-14 05:55:54','{"product": 1013589424}');
INSERT INTO "SPREE_USER_BEHAVIORS" VALUES(57452,'c4f07580-e05e-012f-41d8-3c0754157aba','824624125','AC','2012-09-14 05:55:54','{"product": 1013589424, "availability": true, "quantity": 1}');
INSERT INTO "SPREE_USER_BEHAVIORS" VALUES(57453,'c4f07580-e05e-012f-41d8-3c0754157aba','824624125','P','2012-09-14 05:55:54','{"order": 189}');
INSERT INTO "SPREE_USER_BEHAVIORS" VALUES(57454,'c4f20c80-e05e-012f-41d8-3c0754157aba','824624125','S','2012-09-14 05:55:54','{"product": 1013589434}');
INSERT INTO "SPREE_USER_BEHAVIORS" VALUES(57455,'c4f20c80-e05e-012f-41d8-3c0754157aba','824624125','AC','2012-09-14 05:55:54','{"product": 1013589434, "availability": true, "quantity": 1}');
INSERT INTO "SPREE_USER_BEHAVIORS" VALUES(57456,'c4f20c80-e05e-012f-41d8-3c0754157aba','824624125','S','2012-09-14 05:55:54','{"product": 1013589424}');
INSERT INTO "SPREE_USER_BEHAVIORS" VALUES(57457,'c4f20c80-e05e-012f-41d8-3c0754157aba','824624125','AC','2012-09-14 05:55:54','{"product": 1013589424, "availability": true, "quantity": 1}');
INSERT INTO "SPREE_USER_BEHAVIORS" VALUES(57458,'c4f20c80-e05e-012f-41d8-3c0754157aba','824624125','P','2012-09-14 05:55:54','{"order": 190}');
INSERT INTO "SPREE_USER_BEHAVIORS" VALUES(57459,'c4f733e0-e05e-012f-41d8-3c0754157aba','824624125','S','2012-09-14 05:55:54','{"product": 1013589436}');
INSERT INTO "SPREE_USER_BEHAVIORS" VALUES(57460,'c4f733e0-e05e-012f-41d8-3c0754157aba','824624125','AC','2012-09-14 05:55:54','{"product": 1013589436, "availability": true, "quantity": 1}');
INSERT INTO "SPREE_USER_BEHAVIORS" VALUES(57461,'c4f733e0-e05e-012f-41d8-3c0754157aba','824624125','P','2012-09-14 05:55:54','{"order": 191}');
INSERT INTO "SPREE_USER_BEHAVIORS" VALUES(57462,'c4f82fa0-e05e-012f-41d8-3c0754157aba','824624125','S','2012-09-14 05:55:54','{"product": 1013589436}');
INSERT INTO "SPREE_USER_BEHAVIORS" VALUES(57463,'c4f82fa0-e05e-012f-41d8-3c0754157aba','824624125','AC','2012-09-14 05:55:54','{"product": 1013589436, "availability": true, "quantity": 1}');
INSERT INTO "SPREE_USER_BEHAVIORS" VALUES(57464,'c4f82fa0-e05e-012f-41d8-3c0754157aba','824624125','P','2012-09-14 05:55:54','{"order": 192}');
INSERT INTO "SPREE_USER_BEHAVIORS" VALUES(57465,'c4f9caa0-e05e-012f-41d8-3c0754157aba','824624125','S','2012-09-14 05:55:54','{"product": 1013589436}');
INSERT INTO "SPREE_USER_BEHAVIORS" VALUES(57466,'c4f9caa0-e05e-012f-41d8-3c0754157aba','824624125','AC','2012-09-14 05:55:54','{"product": 1013589436, "availability": true, "quantity": 1}');
INSERT INTO "SPREE_USER_BEHAVIORS" VALUES(57467,'c4f9caa0-e05e-012f-41d8-3c0754157aba','824624125','P','2012-09-14 05:55:54','{"order": 193}');
INSERT INTO "SPREE_USER_BEHAVIORS" VALUES(57468,'c4fab360-e05e-012f-41d8-3c0754157aba','824624125','S','2012-09-14 05:55:54','{"product": 1013589434}');
INSERT INTO "SPREE_USER_BEHAVIORS" VALUES(57469,'c4fab360-e05e-012f-41d8-3c0754157aba','824624125','AC','2012-09-14 05:55:54','{"product": 1013589434, "availability": true, "quantity": 1}');
INSERT INTO "SPREE_USER_BEHAVIORS" VALUES(57470,'c4fab360-e05e-012f-41d8-3c0754157aba','824624125','P','2012-09-14 05:55:54','{"order": 194}');
INSERT INTO "SPREE_USER_BEHAVIORS" VALUES(57471,'c4fbaf30-e05e-012f-41d8-3c0754157aba','824624125','S','2012-09-14 05:55:54','{"product": 1013589434}');
INSERT INTO "SPREE_USER_BEHAVIORS" VALUES(57472,'c4fbaf30-e05e-012f-41d8-3c0754157aba','824624125','AC','2012-09-14 05:55:54','{"product": 1013589434, "availability": true, "quantity": 1}');
INSERT INTO "SPREE_USER_BEHAVIORS" VALUES(57473,'c4fbaf30-e05e-012f-41d8-3c0754157aba','824624125','S','2012-09-14 05:55:54','{"product": 1013589424}');
INSERT INTO "SPREE_USER_BEHAVIORS" VALUES(57474,'c4fbaf30-e05e-012f-41d8-3c0754157aba','824624125','AC','2012-09-14 05:55:54','{"product": 1013589424, "availability": true, "quantity": 1}');
INSERT INTO "SPREE_USER_BEHAVIORS" VALUES(57475,'c4fbaf30-e05e-012f-41d8-3c0754157aba','824624125','P','2012-09-14 05:55:54','{"order": 195}');
INSERT INTO "SPREE_USER_BEHAVIORS" VALUES(57476,'c5010af0-e05e-012f-41d8-3c0754157aba','824624125','S','2012-09-14 05:55:54','{"product": 1013589436}');
INSERT INTO "SPREE_USER_BEHAVIORS" VALUES(57477,'c5010af0-e05e-012f-41d8-3c0754157aba','824624125','AC','2012-09-14 05:55:54','{"product": 1013589436, "availability": true, "quantity": 1}');
INSERT INTO "SPREE_USER_BEHAVIORS" VALUES(57478,'c5010af0-e05e-012f-41d8-3c0754157aba','824624125','P','2012-09-14 05:55:54','{"order": 196}');
INSERT INTO "SPREE_USER_BEHAVIORS" VALUES(57479,'c50239f0-e05e-012f-41d8-3c0754157aba','486296279','S','2012-09-14 05:55:54','{"product": 1013589429}');
INSERT INTO "SPREE_USER_BEHAVIORS" VALUES(57480,'c50239f0-e05e-012f-41d8-3c0754157aba','486296279','AC','2012-09-14 05:55:54','{"product": 1013589429, "availability": true, "quantity": 1}');
INSERT INTO "SPREE_USER_BEHAVIORS" VALUES(57481,'c50239f0-e05e-012f-41d8-3c0754157aba','486296279','P','2012-09-14 05:55:54','{"order": 197}');
INSERT INTO "SPREE_USER_BEHAVIORS" VALUES(57482,'c503fa30-e05e-012f-41d8-3c0754157aba','486296279','S','2012-09-14 05:55:54','{"product": 1013589430}');
INSERT INTO "SPREE_USER_BEHAVIORS" VALUES(57483,'c503fa30-e05e-012f-41d8-3c0754157aba','486296279','AC','2012-09-14 05:55:54','{"product": 1013589430, "availability": true, "quantity": 1}');
INSERT INTO "SPREE_USER_BEHAVIORS" VALUES(57484,'c503fa30-e05e-012f-41d8-3c0754157aba','486296279','S','2012-09-14 05:55:54','{"product": 1013589436}');
INSERT INTO "SPREE_USER_BEHAVIORS" VALUES(57485,'c503fa30-e05e-012f-41d8-3c0754157aba','486296279','AC','2012-09-14 05:55:54','{"product": 1013589436, "availability": true, "quantity": 1}');
INSERT INTO "SPREE_USER_BEHAVIORS" VALUES(57486,'c503fa30-e05e-012f-41d8-3c0754157aba','486296279','P','2012-09-14 05:55:54','{"order": 198}');
INSERT INTO "SPREE_USER_BEHAVIORS" VALUES(57487,'c5059270-e05e-012f-41d8-3c0754157aba','486296279','S','2012-09-14 05:55:54','{"product": 1013589429}');
INSERT INTO "SPREE_USER_BEHAVIORS" VALUES(57488,'c5059270-e05e-012f-41d8-3c0754157aba','486296279','AC','2012-09-14 05:55:54','{"product": 1013589429, "availability": true, "quantity": 1}');
INSERT INTO "SPREE_USER_BEHAVIORS" VALUES(57489,'c5059270-e05e-012f-41d8-3c0754157aba','486296279','P','2012-09-14 05:55:54','{"order": 199}');
INSERT INTO "SPREE_USER_BEHAVIORS" VALUES(57490,'c50cfa40-e05e-012f-41d8-3c0754157aba','486296279','S','2012-09-14 05:55:54','{"product": 1013589428}');
INSERT INTO "SPREE_USER_BEHAVIORS" VALUES(57491,'c50cfa40-e05e-012f-41d8-3c0754157aba','486296279','AC','2012-09-14 05:55:54','{"product": 1013589428, "availability": true, "quantity": 1}');
INSERT INTO "SPREE_USER_BEHAVIORS" VALUES(57492,'c50cfa40-e05e-012f-41d8-3c0754157aba','486296279','P','2012-09-14 05:55:54','{"order": 200}');
INSERT INTO "SPREE_USER_BEHAVIORS" VALUES(57493,'c50df960-e05e-012f-41d8-3c0754157aba','486296279','S','2012-09-14 05:55:54','{"product": 1013589428}');
INSERT INTO "SPREE_USER_BEHAVIORS" VALUES(57494,'c50df960-e05e-012f-41d8-3c0754157aba','486296279','AC','2012-09-14 05:55:54','{"product": 1013589428, "availability": true, "quantity": 1}');
INSERT INTO "SPREE_USER_BEHAVIORS" VALUES(57495,'c50df960-e05e-012f-41d8-3c0754157aba','486296279','P','2012-09-14 05:55:54','{"order": 201}');
INSERT INTO "SPREE_USER_BEHAVIORS" VALUES(57496,'c50edac0-e05e-012f-41d8-3c0754157aba','486296279','S','2012-09-14 05:55:54','{"product": 1013589430}');
INSERT INTO "SPREE_USER_BEHAVIORS" VALUES(57497,'c50edac0-e05e-012f-41d8-3c0754157aba','486296279','AC','2012-09-14 05:55:54','{"product": 1013589430, "availability": true, "quantity": 1}');
INSERT INTO "SPREE_USER_BEHAVIORS" VALUES(57498,'c50edac0-e05e-012f-41d8-3c0754157aba','486296279','S','2012-09-14 05:55:54','{"product": 1013589436}');
INSERT INTO "SPREE_USER_BEHAVIORS" VALUES(57499,'c50edac0-e05e-012f-41d8-3c0754157aba','486296279','AC','2012-09-14 05:55:54','{"product": 1013589436, "availability": true, "quantity": 1}');
INSERT INTO "SPREE_USER_BEHAVIORS" VALUES(57500,'c50edac0-e05e-012f-41d8-3c0754157aba','486296279','P','2012-09-14 05:55:54','{"order": 202}');
INSERT INTO "SPREE_USER_BEHAVIORS" VALUES(57501,'c33b7250-e05e-012f-41d8-3c0754157aba','917290961','S','2012-09-14 05:55:54','{"product": 1013589434}');
INSERT INTO "SPREE_USER_BEHAVIORS" VALUES(57502,'c33b7250-e05e-012f-41d8-3c0754157aba','917290961','AC','2012-09-14 05:55:54','{"product": 1013589434, "availability": true, "quantity": 1}');
INSERT INTO "SPREE_USER_BEHAVIORS" VALUES(57503,'c33b7250-e05e-012f-41d8-3c0754157aba','917290961','P','2012-09-14 05:55:54','{"order": 203}');
INSERT INTO "SPREE_USER_BEHAVIORS" VALUES(57504,'c5134ab0-e05e-012f-41d8-3c0754157aba','917290961','S','2012-09-14 05:55:54','{"product": 1013589434}');
INSERT INTO "SPREE_USER_BEHAVIORS" VALUES(57505,'c5134ab0-e05e-012f-41d8-3c0754157aba','917290961','AC','2012-09-14 05:55:54','{"product": 1013589434, "availability": true, "quantity": 1}');
INSERT INTO "SPREE_USER_BEHAVIORS" VALUES(57506,'c5134ab0-e05e-012f-41d8-3c0754157aba','917290961','S','2012-09-14 05:55:54','{"product": 1013589424}');
INSERT INTO "SPREE_USER_BEHAVIORS" VALUES(57507,'c5134ab0-e05e-012f-41d8-3c0754157aba','917290961','AC','2012-09-14 05:55:54','{"product": 1013589424, "availability": true, "quantity": 1}');
INSERT INTO "SPREE_USER_BEHAVIORS" VALUES(57508,'c5134ab0-e05e-012f-41d8-3c0754157aba','917290961','P','2012-09-14 05:55:54','{"order": 204}');
INSERT INTO "SPREE_USER_BEHAVIORS" VALUES(57509,'c515a030-e05e-012f-41d8-3c0754157aba','917290961','S','2012-09-14 05:55:54','{"product": 1013589436}');
INSERT INTO "SPREE_USER_BEHAVIORS" VALUES(57510,'c515a030-e05e-012f-41d8-3c0754157aba','917290961','AC','2012-09-14 05:55:54','{"product": 1013589436, "availability": true, "quantity": 1}');
INSERT INTO "SPREE_USER_BEHAVIORS" VALUES(57511,'c515a030-e05e-012f-41d8-3c0754157aba','917290961','P','2012-09-14 05:55:54','{"order": 205}');
INSERT INTO "SPREE_USER_BEHAVIORS" VALUES(57512,'c516a880-e05e-012f-41d8-3c0754157aba','917290961','S','2012-09-14 05:55:54','{"product": 1013589436}');
INSERT INTO "SPREE_USER_BEHAVIORS" VALUES(57513,'c516a880-e05e-012f-41d8-3c0754157aba','917290961','AC','2012-09-14 05:55:54','{"product": 1013589436, "availability": true, "quantity": 1}');
INSERT INTO "SPREE_USER_BEHAVIORS" VALUES(57514,'c516a880-e05e-012f-41d8-3c0754157aba','917290961','P','2012-09-14 05:55:54','{"order": 206}');
INSERT INTO "SPREE_USER_BEHAVIORS" VALUES(57515,'c517b080-e05e-012f-41d8-3c0754157aba','917290961','S','2012-09-14 05:55:54','{"product": 1013589434}');
INSERT INTO "SPREE_USER_BEHAVIORS" VALUES(57516,'c517b080-e05e-012f-41d8-3c0754157aba','917290961','AC','2012-09-14 05:55:54','{"product": 1013589434, "availability": true, "quantity": 1}');
INSERT INTO "SPREE_USER_BEHAVIORS" VALUES(57517,'c517b080-e05e-012f-41d8-3c0754157aba','917290961','P','2012-09-14 05:55:54','{"order": 207}');
INSERT INTO "SPREE_USER_BEHAVIORS" VALUES(57518,'c518c580-e05e-012f-41d8-3c0754157aba','917290961','S','2012-09-14 05:55:54','{"product": 1013589434}');
INSERT INTO "SPREE_USER_BEHAVIORS" VALUES(57519,'c518c580-e05e-012f-41d8-3c0754157aba','917290961','AC','2012-09-14 05:55:54','{"product": 1013589434, "availability": true, "quantity": 1}');
INSERT INTO "SPREE_USER_BEHAVIORS" VALUES(57520,'c518c580-e05e-012f-41d8-3c0754157aba','917290961','S','2012-09-14 05:55:54','{"product": 1013589424}');
INSERT INTO "SPREE_USER_BEHAVIORS" VALUES(57521,'c518c580-e05e-012f-41d8-3c0754157aba','917290961','AC','2012-09-14 05:55:54','{"product": 1013589424, "availability": true, "quantity": 1}');
INSERT INTO "SPREE_USER_BEHAVIORS" VALUES(57522,'c518c580-e05e-012f-41d8-3c0754157aba','917290961','P','2012-09-14 05:55:54','{"order": 208}');
INSERT INTO "SPREE_USER_BEHAVIORS" VALUES(57523,'c51a5a00-e05e-012f-41d8-3c0754157aba','917290961','S','2012-09-14 05:55:54','{"product": 1013589436}');
INSERT INTO "SPREE_USER_BEHAVIORS" VALUES(57524,'c51a5a00-e05e-012f-41d8-3c0754157aba','917290961','AC','2012-09-14 05:55:54','{"product": 1013589436, "availability": true, "quantity": 1}');
INSERT INTO "SPREE_USER_BEHAVIORS" VALUES(57525,'c51a5a00-e05e-012f-41d8-3c0754157aba','917290961','P','2012-09-14 05:55:54','{"order": 209}');
INSERT INTO "SPREE_USER_BEHAVIORS" VALUES(57526,'c33caff0-e05e-012f-41d8-3c0754157aba','140587364','S','2012-09-14 05:55:54','{"product": 1013589417}');
INSERT INTO "SPREE_USER_BEHAVIORS" VALUES(57527,'c33caff0-e05e-012f-41d8-3c0754157aba','140587364','AC','2012-09-14 05:55:54','{"product": 1013589417, "availability": true, "quantity": 1}');
INSERT INTO "SPREE_USER_BEHAVIORS" VALUES(57528,'c33caff0-e05e-012f-41d8-3c0754157aba','140587364','S','2012-09-14 05:55:54','{"product": 1013589434}');
INSERT INTO "SPREE_USER_BEHAVIORS" VALUES(57529,'c33caff0-e05e-012f-41d8-3c0754157aba','140587364','AC','2012-09-14 05:55:54','{"product": 1013589434, "availability": true, "quantity": 1}');
INSERT INTO "SPREE_USER_BEHAVIORS" VALUES(57530,'c33caff0-e05e-012f-41d8-3c0754157aba','140587364','S','2012-09-14 05:55:54','{"product": 1013589426}');
INSERT INTO "SPREE_USER_BEHAVIORS" VALUES(57531,'c33caff0-e05e-012f-41d8-3c0754157aba','140587364','AC','2012-09-14 05:55:54','{"product": 1013589426, "availability": true, "quantity": 1}');
INSERT INTO "SPREE_USER_BEHAVIORS" VALUES(57532,'c33caff0-e05e-012f-41d8-3c0754157aba','140587364','P','2012-09-14 05:55:54','{"order": 210}');
INSERT INTO "SPREE_USER_BEHAVIORS" VALUES(57533,'c51f99a0-e05e-012f-41d8-3c0754157aba','140587364','S','2012-09-14 05:55:54','{"product": 1013589422}');
INSERT INTO "SPREE_USER_BEHAVIORS" VALUES(57534,'c51f99a0-e05e-012f-41d8-3c0754157aba','140587364','AC','2012-09-14 05:55:54','{"product": 1013589422, "availability": true, "quantity": 1}');
INSERT INTO "SPREE_USER_BEHAVIORS" VALUES(57535,'c51f99a0-e05e-012f-41d8-3c0754157aba','140587364','S','2012-09-14 05:55:54','{"product": 1013589434}');
INSERT INTO "SPREE_USER_BEHAVIORS" VALUES(57536,'c51f99a0-e05e-012f-41d8-3c0754157aba','140587364','AC','2012-09-14 05:55:54','{"product": 1013589434, "availability": true, "quantity": 1}');
INSERT INTO "SPREE_USER_BEHAVIORS" VALUES(57537,'c51f99a0-e05e-012f-41d8-3c0754157aba','140587364','P','2012-09-14 05:55:54','{"order": 211}');
INSERT INTO "SPREE_USER_BEHAVIORS" VALUES(57538,'c5213a30-e05e-012f-41d8-3c0754157aba','140587364','S','2012-09-14 05:55:54','{"product": 1013589416}');
INSERT INTO "SPREE_USER_BEHAVIORS" VALUES(57539,'c5213a30-e05e-012f-41d8-3c0754157aba','140587364','AC','2012-09-14 05:55:54','{"product": 1013589416, "availability": true, "quantity": 1}');
INSERT INTO "SPREE_USER_BEHAVIORS" VALUES(57540,'c5213a30-e05e-012f-41d8-3c0754157aba','140587364','P','2012-09-14 05:55:54','{"order": 212}');
INSERT INTO "SPREE_USER_BEHAVIORS" VALUES(57541,'c523f2f0-e05e-012f-41d8-3c0754157aba','140587364','S','2012-09-14 05:55:54','{"product": 1013589422}');
INSERT INTO "SPREE_USER_BEHAVIORS" VALUES(57542,'c523f2f0-e05e-012f-41d8-3c0754157aba','140587364','AC','2012-09-14 05:55:54','{"product": 1013589422, "availability": true, "quantity": 1}');
INSERT INTO "SPREE_USER_BEHAVIORS" VALUES(57543,'c523f2f0-e05e-012f-41d8-3c0754157aba','140587364','S','2012-09-14 05:55:54','{"product": 1013589434}');
INSERT INTO "SPREE_USER_BEHAVIORS" VALUES(57544,'c523f2f0-e05e-012f-41d8-3c0754157aba','140587364','AC','2012-09-14 05:55:54','{"product": 1013589434, "availability": true, "quantity": 1}');
INSERT INTO "SPREE_USER_BEHAVIORS" VALUES(57545,'c523f2f0-e05e-012f-41d8-3c0754157aba','140587364','P','2012-09-14 05:55:54','{"order": 213}');
INSERT INTO "SPREE_USER_BEHAVIORS" VALUES(57546,'c5258760-e05e-012f-41d8-3c0754157aba','140587364','S','2012-09-14 05:55:54','{"product": 1013589422}');
INSERT INTO "SPREE_USER_BEHAVIORS" VALUES(57547,'c5258760-e05e-012f-41d8-3c0754157aba','140587364','AC','2012-09-14 05:55:54','{"product": 1013589422, "availability": true, "quantity": 1}');
INSERT INTO "SPREE_USER_BEHAVIORS" VALUES(57548,'c5258760-e05e-012f-41d8-3c0754157aba','140587364','S','2012-09-14 05:55:54','{"product": 1013589434}');
INSERT INTO "SPREE_USER_BEHAVIORS" VALUES(57549,'c5258760-e05e-012f-41d8-3c0754157aba','140587364','AC','2012-09-14 05:55:54','{"product": 1013589434, "availability": true, "quantity": 1}');
INSERT INTO "SPREE_USER_BEHAVIORS" VALUES(57550,'c5258760-e05e-012f-41d8-3c0754157aba','140587364','P','2012-09-14 05:55:54','{"order": 214}');
INSERT INTO "SPREE_USER_BEHAVIORS" VALUES(57551,'c527b9e0-e05e-012f-41d8-3c0754157aba','140587364','S','2012-09-14 05:55:54','{"product": 1013589416}');
INSERT INTO "SPREE_USER_BEHAVIORS" VALUES(57552,'c527b9e0-e05e-012f-41d8-3c0754157aba','140587364','AC','2012-09-14 05:55:54','{"product": 1013589416, "availability": true, "quantity": 1}');
INSERT INTO "SPREE_USER_BEHAVIORS" VALUES(57553,'c527b9e0-e05e-012f-41d8-3c0754157aba','140587364','P','2012-09-14 05:55:54','{"order": 215}');
INSERT INTO "SPREE_USER_BEHAVIORS" VALUES(57554,'c528b6e0-e05e-012f-41d8-3c0754157aba','140587364','S','2012-09-14 05:55:54','{"product": 1013589422}');
INSERT INTO "SPREE_USER_BEHAVIORS" VALUES(57555,'c528b6e0-e05e-012f-41d8-3c0754157aba','140587364','AC','2012-09-14 05:55:54','{"product": 1013589422, "availability": true, "quantity": 1}');
INSERT INTO "SPREE_USER_BEHAVIORS" VALUES(57556,'c528b6e0-e05e-012f-41d8-3c0754157aba','140587364','S','2012-09-14 05:55:54','{"product": 1013589434}');
INSERT INTO "SPREE_USER_BEHAVIORS" VALUES(57557,'c528b6e0-e05e-012f-41d8-3c0754157aba','140587364','AC','2012-09-14 05:55:54','{"product": 1013589434, "availability": true, "quantity": 1}');
INSERT INTO "SPREE_USER_BEHAVIORS" VALUES(57558,'c528b6e0-e05e-012f-41d8-3c0754157aba','140587364','P','2012-09-14 05:55:54','{"order": 216}');
INSERT INTO "SPREE_USER_BEHAVIORS" VALUES(57559,'c52ad7b0-e05e-012f-41d8-3c0754157aba','140587364','S','2012-09-14 05:55:54','{"product": 1013589422}');
INSERT INTO "SPREE_USER_BEHAVIORS" VALUES(57560,'c52ad7b0-e05e-012f-41d8-3c0754157aba','140587364','AC','2012-09-14 05:55:54','{"product": 1013589422, "availability": true, "quantity": 1}');
INSERT INTO "SPREE_USER_BEHAVIORS" VALUES(57561,'c52ad7b0-e05e-012f-41d8-3c0754157aba','140587364','S','2012-09-14 05:55:54','{"product": 1013589434}');
INSERT INTO "SPREE_USER_BEHAVIORS" VALUES(57562,'c52ad7b0-e05e-012f-41d8-3c0754157aba','140587364','AC','2012-09-14 05:55:54','{"product": 1013589434, "availability": true, "quantity": 1}');
INSERT INTO "SPREE_USER_BEHAVIORS" VALUES(57563,'c52ad7b0-e05e-012f-41d8-3c0754157aba','140587364','P','2012-09-14 05:55:54','{"order": 217}');
INSERT INTO "SPREE_USER_BEHAVIORS" VALUES(57564,'c52c81d0-e05e-012f-41d8-3c0754157aba','1','S','2012-09-14 05:55:54','{"product": 1013589428}');
INSERT INTO "SPREE_USER_BEHAVIORS" VALUES(57565,'c52c81d0-e05e-012f-41d8-3c0754157aba','1','AC','2012-09-14 05:55:54','{"product": 1013589428, "availability": true, "quantity": 1}');
INSERT INTO "SPREE_USER_BEHAVIORS" VALUES(57566,'c52c81d0-e05e-012f-41d8-3c0754157aba','1','P','2012-09-14 05:55:54','{"order": 218}');
INSERT INTO "SPREE_USER_BEHAVIORS" VALUES(57567,'c52e41a0-e05e-012f-41d8-3c0754157aba','1','S','2012-09-14 05:55:54','{"product": 1013589430}');
INSERT INTO "SPREE_USER_BEHAVIORS" VALUES(57568,'c52e41a0-e05e-012f-41d8-3c0754157aba','1','AC','2012-09-14 05:55:54','{"product": 1013589430, "availability": true, "quantity": 1}');
INSERT INTO "SPREE_USER_BEHAVIORS" VALUES(57569,'c52e41a0-e05e-012f-41d8-3c0754157aba','1','S','2012-09-14 05:55:54','{"product": 1013589436}');
INSERT INTO "SPREE_USER_BEHAVIORS" VALUES(57570,'c52e41a0-e05e-012f-41d8-3c0754157aba','1','AC','2012-09-14 05:55:54','{"product": 1013589436, "availability": true, "quantity": 1}');
INSERT INTO "SPREE_USER_BEHAVIORS" VALUES(57571,'c52e41a0-e05e-012f-41d8-3c0754157aba','1','P','2012-09-14 05:55:54','{"order": 219}');
INSERT INTO "SPREE_USER_BEHAVIORS" VALUES(57572,'c52fdaa0-e05e-012f-41d8-3c0754157aba','1','S','2012-09-14 05:55:54','{"product": 1013589430}');
INSERT INTO "SPREE_USER_BEHAVIORS" VALUES(57573,'c52fdaa0-e05e-012f-41d8-3c0754157aba','1','AC','2012-09-14 05:55:54','{"product": 1013589430, "availability": true, "quantity": 1}');
INSERT INTO "SPREE_USER_BEHAVIORS" VALUES(57574,'c52fdaa0-e05e-012f-41d8-3c0754157aba','1','S','2012-09-14 05:55:54','{"product": 1013589436}');
INSERT INTO "SPREE_USER_BEHAVIORS" VALUES(57575,'c52fdaa0-e05e-012f-41d8-3c0754157aba','1','AC','2012-09-14 05:55:54','{"product": 1013589436, "availability": true, "quantity": 1}');
INSERT INTO "SPREE_USER_BEHAVIORS" VALUES(57576,'c52fdaa0-e05e-012f-41d8-3c0754157aba','1','P','2012-09-14 05:55:54','{"order": 220}');
INSERT INTO "SPREE_USER_BEHAVIORS" VALUES(57577,'c5316ad0-e05e-012f-41d8-3c0754157aba','1','S','2012-09-14 05:55:54','{"product": 1013589428}');
INSERT INTO "SPREE_USER_BEHAVIORS" VALUES(57578,'c5316ad0-e05e-012f-41d8-3c0754157aba','1','AC','2012-09-14 05:55:54','{"product": 1013589428, "availability": true, "quantity": 1}');
INSERT INTO "SPREE_USER_BEHAVIORS" VALUES(57579,'c5316ad0-e05e-012f-41d8-3c0754157aba','1','P','2012-09-14 05:55:54','{"order": 221}');
INSERT INTO "SPREE_USER_BEHAVIORS" VALUES(57580,'c5325b00-e05e-012f-41d8-3c0754157aba','1','S','2012-09-14 05:55:54','{"product": 1013589428}');
INSERT INTO "SPREE_USER_BEHAVIORS" VALUES(57581,'c5325b00-e05e-012f-41d8-3c0754157aba','1','AC','2012-09-14 05:55:54','{"product": 1013589428, "availability": true, "quantity": 1}');
INSERT INTO "SPREE_USER_BEHAVIORS" VALUES(57582,'c5325b00-e05e-012f-41d8-3c0754157aba','1','P','2012-09-14 05:55:54','{"order": 222}');
INSERT INTO "SPREE_USER_BEHAVIORS" VALUES(57583,'c53a9180-e05e-012f-41d8-3c0754157aba','1','S','2012-09-14 05:55:54','{"product": 1013589429}');
INSERT INTO "SPREE_USER_BEHAVIORS" VALUES(57584,'c53a9180-e05e-012f-41d8-3c0754157aba','1','AC','2012-09-14 05:55:54','{"product": 1013589429, "availability": true, "quantity": 1}');
INSERT INTO "SPREE_USER_BEHAVIORS" VALUES(57585,'c53a9180-e05e-012f-41d8-3c0754157aba','1','P','2012-09-14 05:55:54','{"order": 223}');
INSERT INTO "SPREE_USER_BEHAVIORS" VALUES(57586,'c53c2190-e05e-012f-41d8-3c0754157aba','1','S','2012-09-14 05:55:54','{"product": 1013589429}');
INSERT INTO "SPREE_USER_BEHAVIORS" VALUES(57587,'c53c2190-e05e-012f-41d8-3c0754157aba','1','AC','2012-09-14 05:55:54','{"product": 1013589429, "availability": true, "quantity": 1}');
INSERT INTO "SPREE_USER_BEHAVIORS" VALUES(57588,'c53c2190-e05e-012f-41d8-3c0754157aba','1','P','2012-09-14 05:55:54','{"order": 224}');
INSERT INTO "SPREE_USER_BEHAVIORS" VALUES(57589,'c53d4010-e05e-012f-41d8-3c0754157aba','1','S','2012-09-14 05:55:54','{"product": 1013589429}');
INSERT INTO "SPREE_USER_BEHAVIORS" VALUES(57590,'c53d4010-e05e-012f-41d8-3c0754157aba','1','AC','2012-09-14 05:55:54','{"product": 1013589429, "availability": true, "quantity": 1}');
INSERT INTO "SPREE_USER_BEHAVIORS" VALUES(57591,'c53d4010-e05e-012f-41d8-3c0754157aba','1','P','2012-09-14 05:55:54','{"order": 225}');
INSERT INTO "SPREE_USER_BEHAVIORS" VALUES(57592,'c53ea3d0-e05e-012f-41d8-3c0754157aba','1010549555','S','2012-09-14 05:55:54','{"product": 1013589434}');
INSERT INTO "SPREE_USER_BEHAVIORS" VALUES(57593,'c53ea3d0-e05e-012f-41d8-3c0754157aba','1010549555','AC','2012-09-14 05:55:54','{"product": 1013589434, "availability": true, "quantity": 1}');
INSERT INTO "SPREE_USER_BEHAVIORS" VALUES(57594,'c53ea3d0-e05e-012f-41d8-3c0754157aba','1010549555','S','2012-09-14 05:55:54','{"product": 1013589424}');
INSERT INTO "SPREE_USER_BEHAVIORS" VALUES(57595,'c53ea3d0-e05e-012f-41d8-3c0754157aba','1010549555','AC','2012-09-14 05:55:54','{"product": 1013589424, "availability": true, "quantity": 1}');
INSERT INTO "SPREE_USER_BEHAVIORS" VALUES(57596,'c53ea3d0-e05e-012f-41d8-3c0754157aba','1010549555','P','2012-09-14 05:55:54','{"order": 226}');
INSERT INTO "SPREE_USER_BEHAVIORS" VALUES(57597,'c548fb50-e05e-012f-41d8-3c0754157aba','1010549555','S','2012-09-14 05:55:54','{"product": 1013589436}');
INSERT INTO "SPREE_USER_BEHAVIORS" VALUES(57598,'c548fb50-e05e-012f-41d8-3c0754157aba','1010549555','AC','2012-09-14 05:55:54','{"product": 1013589436, "availability": true, "quantity": 1}');
INSERT INTO "SPREE_USER_BEHAVIORS" VALUES(57599,'c548fb50-e05e-012f-41d8-3c0754157aba','1010549555','P','2012-09-14 05:55:54','{"order": 227}');
INSERT INTO "SPREE_USER_BEHAVIORS" VALUES(57600,'c54b4490-e05e-012f-41d8-3c0754157aba','1010549555','S','2012-09-14 05:55:54','{"product": 1013589434}');
INSERT INTO "SPREE_USER_BEHAVIORS" VALUES(57601,'c54b4490-e05e-012f-41d8-3c0754157aba','1010549555','AC','2012-09-14 05:55:54','{"product": 1013589434, "availability": true, "quantity": 1}');
INSERT INTO "SPREE_USER_BEHAVIORS" VALUES(57602,'c54b4490-e05e-012f-41d8-3c0754157aba','1010549555','S','2012-09-14 05:55:54','{"product": 1013589424}');
INSERT INTO "SPREE_USER_BEHAVIORS" VALUES(57603,'c54b4490-e05e-012f-41d8-3c0754157aba','1010549555','AC','2012-09-14 05:55:54','{"product": 1013589424, "availability": true, "quantity": 1}');
INSERT INTO "SPREE_USER_BEHAVIORS" VALUES(57604,'c54b4490-e05e-012f-41d8-3c0754157aba','1010549555','P','2012-09-14 05:55:54','{"order": 228}');
INSERT INTO "SPREE_USER_BEHAVIORS" VALUES(57605,'c54cead0-e05e-012f-41d8-3c0754157aba','1010549555','S','2012-09-14 05:55:54','{"product": 1013589434}');
INSERT INTO "SPREE_USER_BEHAVIORS" VALUES(57606,'c54cead0-e05e-012f-41d8-3c0754157aba','1010549555','AC','2012-09-14 05:55:54','{"product": 1013589434, "availability": true, "quantity": 1}');
INSERT INTO "SPREE_USER_BEHAVIORS" VALUES(57607,'c54cead0-e05e-012f-41d8-3c0754157aba','1010549555','S','2012-09-14 05:55:54','{"product": 1013589424}');
INSERT INTO "SPREE_USER_BEHAVIORS" VALUES(57608,'c54cead0-e05e-012f-41d8-3c0754157aba','1010549555','AC','2012-09-14 05:55:54','{"product": 1013589424, "availability": true, "quantity": 1}');
INSERT INTO "SPREE_USER_BEHAVIORS" VALUES(57609,'c54cead0-e05e-012f-41d8-3c0754157aba','1010549555','P','2012-09-14 05:55:54','{"order": 229}');
INSERT INTO "SPREE_USER_BEHAVIORS" VALUES(57610,'c54f98a0-e05e-012f-41d8-3c0754157aba','1010549555','S','2012-09-14 05:55:54','{"product": 1013589434}');
INSERT INTO "SPREE_USER_BEHAVIORS" VALUES(57611,'c54f98a0-e05e-012f-41d8-3c0754157aba','1010549555','AC','2012-09-14 05:55:54','{"product": 1013589434, "availability": true, "quantity": 1}');
INSERT INTO "SPREE_USER_BEHAVIORS" VALUES(57612,'c54f98a0-e05e-012f-41d8-3c0754157aba','1010549555','S','2012-09-14 05:55:54','{"product": 1013589424}');
INSERT INTO "SPREE_USER_BEHAVIORS" VALUES(57613,'c54f98a0-e05e-012f-41d8-3c0754157aba','1010549555','AC','2012-09-14 05:55:54','{"product": 1013589424, "availability": true, "quantity": 1}');
INSERT INTO "SPREE_USER_BEHAVIORS" VALUES(57614,'c54f98a0-e05e-012f-41d8-3c0754157aba','1010549555','P','2012-09-14 05:55:54','{"order": 230}');
INSERT INTO "SPREE_USER_BEHAVIORS" VALUES(57615,'c55154a0-e05e-012f-41d8-3c0754157aba','1010549555','S','2012-09-14 05:55:54','{"product": 1013589434}');
INSERT INTO "SPREE_USER_BEHAVIORS" VALUES(57616,'c55154a0-e05e-012f-41d8-3c0754157aba','1010549555','AC','2012-09-14 05:55:54','{"product": 1013589434, "availability": true, "quantity": 1}');
INSERT INTO "SPREE_USER_BEHAVIORS" VALUES(57617,'c55154a0-e05e-012f-41d8-3c0754157aba','1010549555','S','2012-09-14 05:55:54','{"product": 1013589424}');
INSERT INTO "SPREE_USER_BEHAVIORS" VALUES(57618,'c55154a0-e05e-012f-41d8-3c0754157aba','1010549555','AC','2012-09-14 05:55:54','{"product": 1013589424, "availability": true, "quantity": 1}');
INSERT INTO "SPREE_USER_BEHAVIORS" VALUES(57619,'c55154a0-e05e-012f-41d8-3c0754157aba','1010549555','P','2012-09-14 05:55:54','{"order": 231}');
INSERT INTO "SPREE_USER_BEHAVIORS" VALUES(57620,'c553cf70-e05e-012f-41d8-3c0754157aba','1010549555','S','2012-09-14 05:55:54','{"product": 1013589434}');
INSERT INTO "SPREE_USER_BEHAVIORS" VALUES(57621,'c553cf70-e05e-012f-41d8-3c0754157aba','1010549555','AC','2012-09-14 05:55:54','{"product": 1013589434, "availability": true, "quantity": 1}');
INSERT INTO "SPREE_USER_BEHAVIORS" VALUES(57622,'c553cf70-e05e-012f-41d8-3c0754157aba','1010549555','S','2012-09-14 05:55:54','{"product": 1013589424}');
INSERT INTO "SPREE_USER_BEHAVIORS" VALUES(57623,'c553cf70-e05e-012f-41d8-3c0754157aba','1010549555','AC','2012-09-14 05:55:54','{"product": 1013589424, "availability": true, "quantity": 1}');
INSERT INTO "SPREE_USER_BEHAVIORS" VALUES(57624,'c553cf70-e05e-012f-41d8-3c0754157aba','1010549555','P','2012-09-14 05:55:54','{"order": 232}');
INSERT INTO "SPREE_USER_BEHAVIORS" VALUES(57625,'c5563950-e05e-012f-41d8-3c0754157aba','1010549555','S','2012-09-14 05:55:54','{"product": 1013589434}');
INSERT INTO "SPREE_USER_BEHAVIORS" VALUES(57626,'c5563950-e05e-012f-41d8-3c0754157aba','1010549555','AC','2012-09-14 05:55:54','{"product": 1013589434, "availability": true, "quantity": 1}');
INSERT INTO "SPREE_USER_BEHAVIORS" VALUES(57627,'c5563950-e05e-012f-41d8-3c0754157aba','1010549555','S','2012-09-14 05:55:54','{"product": 1013589424}');
INSERT INTO "SPREE_USER_BEHAVIORS" VALUES(57628,'c5563950-e05e-012f-41d8-3c0754157aba','1010549555','AC','2012-09-14 05:55:54','{"product": 1013589424, "availability": true, "quantity": 1}');
INSERT INTO "SPREE_USER_BEHAVIORS" VALUES(57629,'c5563950-e05e-012f-41d8-3c0754157aba','1010549555','P','2012-09-14 05:55:54','{"order": 233}');
INSERT INTO "SPREE_USER_BEHAVIORS" VALUES(57630,'c557d5b0-e05e-012f-41d8-3c0754157aba','1010549555','S','2012-09-14 05:55:54','{"product": 1013589434}');
INSERT INTO "SPREE_USER_BEHAVIORS" VALUES(57631,'c557d5b0-e05e-012f-41d8-3c0754157aba','1010549555','AC','2012-09-14 05:55:54','{"product": 1013589434, "availability": true, "quantity": 1}');
INSERT INTO "SPREE_USER_BEHAVIORS" VALUES(57632,'c557d5b0-e05e-012f-41d8-3c0754157aba','1010549555','S','2012-09-14 05:55:54','{"product": 1013589424}');
INSERT INTO "SPREE_USER_BEHAVIORS" VALUES(57633,'c557d5b0-e05e-012f-41d8-3c0754157aba','1010549555','AC','2012-09-14 05:55:54','{"product": 1013589424, "availability": true, "quantity": 1}');
INSERT INTO "SPREE_USER_BEHAVIORS" VALUES(57634,'c557d5b0-e05e-012f-41d8-3c0754157aba','1010549555','P','2012-09-14 05:55:54','{"order": 234}');
INSERT INTO "SPREE_USER_BEHAVIORS" VALUES(57635,'c55a9800-e05e-012f-41d8-3c0754157aba','873959920','S','2012-09-14 05:55:54','{"product": 1013589429}');
INSERT INTO "SPREE_USER_BEHAVIORS" VALUES(57636,'c55a9800-e05e-012f-41d8-3c0754157aba','873959920','AC','2012-09-14 05:55:54','{"product": 1013589429, "availability": true, "quantity": 1}');
INSERT INTO "SPREE_USER_BEHAVIORS" VALUES(57637,'c55a9800-e05e-012f-41d8-3c0754157aba','873959920','P','2012-09-14 05:55:54','{"order": 235}');
INSERT INTO "SPREE_USER_BEHAVIORS" VALUES(57638,'c55b9510-e05e-012f-41d8-3c0754157aba','873959920','S','2012-09-14 05:55:54','{"product": 1013589428}');
INSERT INTO "SPREE_USER_BEHAVIORS" VALUES(57639,'c55b9510-e05e-012f-41d8-3c0754157aba','873959920','AC','2012-09-14 05:55:54','{"product": 1013589428, "availability": true, "quantity": 1}');
INSERT INTO "SPREE_USER_BEHAVIORS" VALUES(57640,'c55b9510-e05e-012f-41d8-3c0754157aba','873959920','P','2012-09-14 05:55:54','{"order": 236}');
INSERT INTO "SPREE_USER_BEHAVIORS" VALUES(57641,'c564a540-e05e-012f-41d8-3c0754157aba','873959920','S','2012-09-14 05:55:54','{"product": 1013589430}');
INSERT INTO "SPREE_USER_BEHAVIORS" VALUES(57642,'c564a540-e05e-012f-41d8-3c0754157aba','873959920','AC','2012-09-14 05:55:54','{"product": 1013589430, "availability": true, "quantity": 1}');
INSERT INTO "SPREE_USER_BEHAVIORS" VALUES(57643,'c564a540-e05e-012f-41d8-3c0754157aba','873959920','S','2012-09-14 05:55:54','{"product": 1013589436}');
INSERT INTO "SPREE_USER_BEHAVIORS" VALUES(57644,'c564a540-e05e-012f-41d8-3c0754157aba','873959920','AC','2012-09-14 05:55:54','{"product": 1013589436, "availability": true, "quantity": 1}');
INSERT INTO "SPREE_USER_BEHAVIORS" VALUES(57645,'c564a540-e05e-012f-41d8-3c0754157aba','873959920','P','2012-09-14 05:55:54','{"order": 237}');
INSERT INTO "SPREE_USER_BEHAVIORS" VALUES(57646,'c5668ee0-e05e-012f-41d8-3c0754157aba','873959920','S','2012-09-14 05:55:54','{"product": 1013589428}');
INSERT INTO "SPREE_USER_BEHAVIORS" VALUES(57647,'c5668ee0-e05e-012f-41d8-3c0754157aba','873959920','AC','2012-09-14 05:55:54','{"product": 1013589428, "availability": true, "quantity": 1}');
INSERT INTO "SPREE_USER_BEHAVIORS" VALUES(57648,'c5668ee0-e05e-012f-41d8-3c0754157aba','873959920','P','2012-09-14 05:55:54','{"order": 238}');
INSERT INTO "SPREE_USER_BEHAVIORS" VALUES(57649,'c5679180-e05e-012f-41d8-3c0754157aba','873959920','S','2012-09-14 05:55:54','{"product": 1013589428}');
INSERT INTO "SPREE_USER_BEHAVIORS" VALUES(57650,'c5679180-e05e-012f-41d8-3c0754157aba','873959920','AC','2012-09-14 05:55:54','{"product": 1013589428, "availability": true, "quantity": 1}');
INSERT INTO "SPREE_USER_BEHAVIORS" VALUES(57651,'c5679180-e05e-012f-41d8-3c0754157aba','873959920','P','2012-09-14 05:55:54','{"order": 239}');
INSERT INTO "SPREE_USER_BEHAVIORS" VALUES(57652,'c5689920-e05e-012f-41d8-3c0754157aba','873959920','S','2012-09-14 05:55:54','{"product": 1013589430}');
INSERT INTO "SPREE_USER_BEHAVIORS" VALUES(57653,'c5689920-e05e-012f-41d8-3c0754157aba','873959920','AC','2012-09-14 05:55:54','{"product": 1013589430, "availability": true, "quantity": 1}');
INSERT INTO "SPREE_USER_BEHAVIORS" VALUES(57654,'c5689920-e05e-012f-41d8-3c0754157aba','873959920','S','2012-09-14 05:55:54','{"product": 1013589436}');
INSERT INTO "SPREE_USER_BEHAVIORS" VALUES(57655,'c5689920-e05e-012f-41d8-3c0754157aba','873959920','AC','2012-09-14 05:55:54','{"product": 1013589436, "availability": true, "quantity": 1}');
INSERT INTO "SPREE_USER_BEHAVIORS" VALUES(57656,'c5689920-e05e-012f-41d8-3c0754157aba','873959920','P','2012-09-14 05:55:54','{"order": 240}');
INSERT INTO "SPREE_USER_BEHAVIORS" VALUES(57657,'c56a3dc0-e05e-012f-41d8-3c0754157aba','873959920','S','2012-09-14 05:55:54','{"product": 1013589430}');
INSERT INTO "SPREE_USER_BEHAVIORS" VALUES(57658,'c56a3dc0-e05e-012f-41d8-3c0754157aba','873959920','AC','2012-09-14 05:55:54','{"product": 1013589430, "availability": true, "quantity": 1}');
INSERT INTO "SPREE_USER_BEHAVIORS" VALUES(57659,'c56a3dc0-e05e-012f-41d8-3c0754157aba','873959920','S','2012-09-14 05:55:54','{"product": 1013589436}');
INSERT INTO "SPREE_USER_BEHAVIORS" VALUES(57660,'c56a3dc0-e05e-012f-41d8-3c0754157aba','873959920','AC','2012-09-14 05:55:54','{"product": 1013589436, "availability": true, "quantity": 1}');
INSERT INTO "SPREE_USER_BEHAVIORS" VALUES(57661,'c56a3dc0-e05e-012f-41d8-3c0754157aba','873959920','P','2012-09-14 05:55:54','{"order": 241}');
INSERT INTO "SPREE_USER_BEHAVIORS" VALUES(57662,'c56bda50-e05e-012f-41d8-3c0754157aba','873959920','S','2012-09-14 05:55:54','{"product": 1013589430}');
INSERT INTO "SPREE_USER_BEHAVIORS" VALUES(57663,'c56bda50-e05e-012f-41d8-3c0754157aba','873959920','AC','2012-09-14 05:55:54','{"product": 1013589430, "availability": true, "quantity": 1}');
INSERT INTO "SPREE_USER_BEHAVIORS" VALUES(57664,'c56bda50-e05e-012f-41d8-3c0754157aba','873959920','S','2012-09-14 05:55:54','{"product": 1013589436}');
INSERT INTO "SPREE_USER_BEHAVIORS" VALUES(57665,'c56bda50-e05e-012f-41d8-3c0754157aba','873959920','AC','2012-09-14 05:55:54','{"product": 1013589436, "availability": true, "quantity": 1}');
INSERT INTO "SPREE_USER_BEHAVIORS" VALUES(57666,'c56bda50-e05e-012f-41d8-3c0754157aba','873959920','P','2012-09-14 05:55:54','{"order": 242}');
INSERT INTO "SPREE_USER_BEHAVIORS" VALUES(57667,'c56da500-e05e-012f-41d8-3c0754157aba','873959920','S','2012-09-14 05:55:54','{"product": 1013589429}');
INSERT INTO "SPREE_USER_BEHAVIORS" VALUES(57668,'c56da500-e05e-012f-41d8-3c0754157aba','873959920','AC','2012-09-14 05:55:54','{"product": 1013589429, "availability": true, "quantity": 1}');
INSERT INTO "SPREE_USER_BEHAVIORS" VALUES(57669,'c56da500-e05e-012f-41d8-3c0754157aba','873959920','P','2012-09-14 05:55:54','{"order": 243}');
INSERT INTO "SPREE_USER_BEHAVIORS" VALUES(57670,'c56ea9f0-e05e-012f-41d8-3c0754157aba','523944495','S','2012-09-14 05:55:54','{"product": 1013589417}');
INSERT INTO "SPREE_USER_BEHAVIORS" VALUES(57671,'c56ea9f0-e05e-012f-41d8-3c0754157aba','523944495','AC','2012-09-14 05:55:54','{"product": 1013589417, "availability": true, "quantity": 1}');
INSERT INTO "SPREE_USER_BEHAVIORS" VALUES(57672,'c56ea9f0-e05e-012f-41d8-3c0754157aba','523944495','S','2012-09-14 05:55:54','{"product": 1013589424}');
INSERT INTO "SPREE_USER_BEHAVIORS" VALUES(57673,'c56ea9f0-e05e-012f-41d8-3c0754157aba','523944495','AC','2012-09-14 05:55:54','{"product": 1013589424, "availability": true, "quantity": 1}');
INSERT INTO "SPREE_USER_BEHAVIORS" VALUES(57674,'c56ea9f0-e05e-012f-41d8-3c0754157aba','523944495','P','2012-09-14 05:55:54','{"order": 244}');
INSERT INTO "SPREE_USER_BEHAVIORS" VALUES(57675,'c57052d0-e05e-012f-41d8-3c0754157aba','523944495','S','2012-09-14 05:55:54','{"product": 1013589417}');
INSERT INTO "SPREE_USER_BEHAVIORS" VALUES(57676,'c57052d0-e05e-012f-41d8-3c0754157aba','523944495','AC','2012-09-14 05:55:54','{"product": 1013589417, "availability": true, "quantity": 1}');
INSERT INTO "SPREE_USER_BEHAVIORS" VALUES(57677,'c57052d0-e05e-012f-41d8-3c0754157aba','523944495','S','2012-09-14 05:55:54','{"product": 1013589424}');
INSERT INTO "SPREE_USER_BEHAVIORS" VALUES(57678,'c57052d0-e05e-012f-41d8-3c0754157aba','523944495','AC','2012-09-14 05:55:54','{"product": 1013589424, "availability": true, "quantity": 1}');
INSERT INTO "SPREE_USER_BEHAVIORS" VALUES(57679,'c57052d0-e05e-012f-41d8-3c0754157aba','523944495','P','2012-09-14 05:55:54','{"order": 245}');
INSERT INTO "SPREE_USER_BEHAVIORS" VALUES(57680,'c5720420-e05e-012f-41d8-3c0754157aba','523944495','S','2012-09-14 05:55:54','{"product": 1013589417}');
INSERT INTO "SPREE_USER_BEHAVIORS" VALUES(57681,'c5720420-e05e-012f-41d8-3c0754157aba','523944495','AC','2012-09-14 05:55:54','{"product": 1013589417, "availability": true, "quantity": 1}');
INSERT INTO "SPREE_USER_BEHAVIORS" VALUES(57682,'c5720420-e05e-012f-41d8-3c0754157aba','523944495','S','2012-09-14 05:55:54','{"product": 1013589424}');
INSERT INTO "SPREE_USER_BEHAVIORS" VALUES(57683,'c5720420-e05e-012f-41d8-3c0754157aba','523944495','AC','2012-09-14 05:55:54','{"product": 1013589424, "availability": true, "quantity": 1}');
INSERT INTO "SPREE_USER_BEHAVIORS" VALUES(57684,'c5720420-e05e-012f-41d8-3c0754157aba','523944495','P','2012-09-14 05:55:54','{"order": 246}');
INSERT INTO "SPREE_USER_BEHAVIORS" VALUES(57685,'c573a270-e05e-012f-41d8-3c0754157aba','523944495','S','2012-09-14 05:55:54','{"product": 1013589417}');
INSERT INTO "SPREE_USER_BEHAVIORS" VALUES(57686,'c573a270-e05e-012f-41d8-3c0754157aba','523944495','AC','2012-09-14 05:55:54','{"product": 1013589417, "availability": true, "quantity": 1}');
INSERT INTO "SPREE_USER_BEHAVIORS" VALUES(57687,'c573a270-e05e-012f-41d8-3c0754157aba','523944495','S','2012-09-14 05:55:54','{"product": 1013589424}');
INSERT INTO "SPREE_USER_BEHAVIORS" VALUES(57688,'c573a270-e05e-012f-41d8-3c0754157aba','523944495','AC','2012-09-14 05:55:54','{"product": 1013589424, "availability": true, "quantity": 1}');
INSERT INTO "SPREE_USER_BEHAVIORS" VALUES(57689,'c573a270-e05e-012f-41d8-3c0754157aba','523944495','P','2012-09-14 05:55:54','{"order": 247}');
INSERT INTO "SPREE_USER_BEHAVIORS" VALUES(57690,'c5759bf0-e05e-012f-41d8-3c0754157aba','523944495','S','2012-09-14 05:55:54','{"product": 1013589426}');
INSERT INTO "SPREE_USER_BEHAVIORS" VALUES(57691,'c5759bf0-e05e-012f-41d8-3c0754157aba','523944495','AC','2012-09-14 05:55:54','{"product": 1013589426, "availability": true, "quantity": 1}');
INSERT INTO "SPREE_USER_BEHAVIORS" VALUES(57692,'c5759bf0-e05e-012f-41d8-3c0754157aba','523944495','S','2012-09-14 05:55:54','{"product": 1013589429}');
INSERT INTO "SPREE_USER_BEHAVIORS" VALUES(57693,'c5759bf0-e05e-012f-41d8-3c0754157aba','523944495','AC','2012-09-14 05:55:54','{"product": 1013589429, "availability": true, "quantity": 1}');
INSERT INTO "SPREE_USER_BEHAVIORS" VALUES(57694,'c5759bf0-e05e-012f-41d8-3c0754157aba','523944495','P','2012-09-14 05:55:54','{"order": 248}');
INSERT INTO "SPREE_USER_BEHAVIORS" VALUES(57695,'c5775610-e05e-012f-41d8-3c0754157aba','523944495','S','2012-09-14 05:55:54','{"product": 1013589415}');
INSERT INTO "SPREE_USER_BEHAVIORS" VALUES(57696,'c5775610-e05e-012f-41d8-3c0754157aba','523944495','AC','2012-09-14 05:55:54','{"product": 1013589415, "availability": true, "quantity": 1}');
INSERT INTO "SPREE_USER_BEHAVIORS" VALUES(57697,'c5775610-e05e-012f-41d8-3c0754157aba','523944495','S','2012-09-14 05:55:54','{"product": 1013589430}');
INSERT INTO "SPREE_USER_BEHAVIORS" VALUES(57698,'c5775610-e05e-012f-41d8-3c0754157aba','523944495','AC','2012-09-14 05:55:54','{"product": 1013589430, "availability": true, "quantity": 1}');
INSERT INTO "SPREE_USER_BEHAVIORS" VALUES(57699,'c5775610-e05e-012f-41d8-3c0754157aba','523944495','P','2012-09-14 05:55:54','{"order": 249}');
INSERT INTO "SPREE_USER_BEHAVIORS" VALUES(57700,'c5791b20-e05e-012f-41d8-3c0754157aba','523944495','S','2012-09-14 05:55:54','{"product": 1013589415}');
INSERT INTO "SPREE_USER_BEHAVIORS" VALUES(57701,'c5791b20-e05e-012f-41d8-3c0754157aba','523944495','AC','2012-09-14 05:55:55','{"product": 1013589415, "availability": true, "quantity": 1}');
INSERT INTO "SPREE_USER_BEHAVIORS" VALUES(57702,'c5791b20-e05e-012f-41d8-3c0754157aba','523944495','S','2012-09-14 05:55:55','{"product": 1013589430}');
INSERT INTO "SPREE_USER_BEHAVIORS" VALUES(57703,'c5791b20-e05e-012f-41d8-3c0754157aba','523944495','AC','2012-09-14 05:55:55','{"product": 1013589430, "availability": true, "quantity": 1}');
INSERT INTO "SPREE_USER_BEHAVIORS" VALUES(57704,'c5791b20-e05e-012f-41d8-3c0754157aba','523944495','P','2012-09-14 05:55:55','{"order": 250}');
INSERT INTO "SPREE_USER_BEHAVIORS" VALUES(57705,'c57adfe0-e05e-012f-41d8-3c0754157aba','523944495','S','2012-09-14 05:55:55','{"product": 1013589417}');
INSERT INTO "SPREE_USER_BEHAVIORS" VALUES(57706,'c57adfe0-e05e-012f-41d8-3c0754157aba','523944495','AC','2012-09-14 05:55:55','{"product": 1013589417, "availability": true, "quantity": 1}');
INSERT INTO "SPREE_USER_BEHAVIORS" VALUES(57707,'c57adfe0-e05e-012f-41d8-3c0754157aba','523944495','S','2012-09-14 05:55:55','{"product": 1013589424}');
INSERT INTO "SPREE_USER_BEHAVIORS" VALUES(57708,'c57adfe0-e05e-012f-41d8-3c0754157aba','523944495','AC','2012-09-14 05:55:55','{"product": 1013589424, "availability": true, "quantity": 1}');
INSERT INTO "SPREE_USER_BEHAVIORS" VALUES(57709,'c57adfe0-e05e-012f-41d8-3c0754157aba','523944495','P','2012-09-14 05:55:55','{"order": 251}');
INSERT INTO "SPREE_USER_BEHAVIORS" VALUES(57710,'c57c7aa0-e05e-012f-41d8-3c0754157aba','674206273','S','2012-09-14 05:55:55','{"product": 1013589429}');
INSERT INTO "SPREE_USER_BEHAVIORS" VALUES(57711,'c57c7aa0-e05e-012f-41d8-3c0754157aba','674206273','AC','2012-09-14 05:55:55','{"product": 1013589429, "availability": true, "quantity": 1}');
INSERT INTO "SPREE_USER_BEHAVIORS" VALUES(57712,'c57c7aa0-e05e-012f-41d8-3c0754157aba','674206273','P','2012-09-14 05:55:55','{"order": 252}');
INSERT INTO "SPREE_USER_BEHAVIORS" VALUES(57713,'c57d7cc0-e05e-012f-41d8-3c0754157aba','674206273','S','2012-09-14 05:55:55','{"product": 1013589429}');
INSERT INTO "SPREE_USER_BEHAVIORS" VALUES(57714,'c57d7cc0-e05e-012f-41d8-3c0754157aba','674206273','AC','2012-09-14 05:55:55','{"product": 1013589429, "availability": true, "quantity": 1}');
INSERT INTO "SPREE_USER_BEHAVIORS" VALUES(57715,'c57d7cc0-e05e-012f-41d8-3c0754157aba','674206273','P','2012-09-14 05:55:55','{"order": 253}');
INSERT INTO "SPREE_USER_BEHAVIORS" VALUES(57716,'c57eb470-e05e-012f-41d8-3c0754157aba','674206273','S','2012-09-14 05:55:55','{"product": 1013589428}');
INSERT INTO "SPREE_USER_BEHAVIORS" VALUES(57717,'c57eb470-e05e-012f-41d8-3c0754157aba','674206273','AC','2012-09-14 05:55:55','{"product": 1013589428, "availability": true, "quantity": 1}');
INSERT INTO "SPREE_USER_BEHAVIORS" VALUES(57718,'c57eb470-e05e-012f-41d8-3c0754157aba','674206273','P','2012-09-14 05:55:55','{"order": 254}');
INSERT INTO "SPREE_USER_BEHAVIORS" VALUES(57719,'c57fa8e0-e05e-012f-41d8-3c0754157aba','674206273','S','2012-09-14 05:55:55','{"product": 1013589429}');
INSERT INTO "SPREE_USER_BEHAVIORS" VALUES(57720,'c57fa8e0-e05e-012f-41d8-3c0754157aba','674206273','AC','2012-09-14 05:55:55','{"product": 1013589429, "availability": true, "quantity": 1}');
INSERT INTO "SPREE_USER_BEHAVIORS" VALUES(57721,'c57fa8e0-e05e-012f-41d8-3c0754157aba','674206273','P','2012-09-14 05:55:55','{"order": 255}');
INSERT INTO "SPREE_USER_BEHAVIORS" VALUES(57722,'c580ad00-e05e-012f-41d8-3c0754157aba','674206273','S','2012-09-14 05:55:55','{"product": 1013589429}');
INSERT INTO "SPREE_USER_BEHAVIORS" VALUES(57723,'c580ad00-e05e-012f-41d8-3c0754157aba','674206273','AC','2012-09-14 05:55:55','{"product": 1013589429, "availability": true, "quantity": 1}');
INSERT INTO "SPREE_USER_BEHAVIORS" VALUES(57724,'c580ad00-e05e-012f-41d8-3c0754157aba','674206273','P','2012-09-14 05:55:55','{"order": 256}');
INSERT INTO "SPREE_USER_BEHAVIORS" VALUES(57725,'c581a870-e05e-012f-41d8-3c0754157aba','674206273','S','2012-09-14 05:55:55','{"product": 1013589430}');
INSERT INTO "SPREE_USER_BEHAVIORS" VALUES(57726,'c581a870-e05e-012f-41d8-3c0754157aba','674206273','AC','2012-09-14 05:55:55','{"product": 1013589430, "availability": true, "quantity": 1}');
INSERT INTO "SPREE_USER_BEHAVIORS" VALUES(57727,'c581a870-e05e-012f-41d8-3c0754157aba','674206273','S','2012-09-14 05:55:55','{"product": 1013589436}');
INSERT INTO "SPREE_USER_BEHAVIORS" VALUES(57728,'c581a870-e05e-012f-41d8-3c0754157aba','674206273','AC','2012-09-14 05:55:55','{"product": 1013589436, "availability": true, "quantity": 1}');
INSERT INTO "SPREE_USER_BEHAVIORS" VALUES(57729,'c581a870-e05e-012f-41d8-3c0754157aba','674206273','P','2012-09-14 05:55:55','{"order": 257}');
INSERT INTO "SPREE_USER_BEHAVIORS" VALUES(57730,'c5835240-e05e-012f-41d8-3c0754157aba','674206273','S','2012-09-14 05:55:55','{"product": 1013589429}');
INSERT INTO "SPREE_USER_BEHAVIORS" VALUES(57731,'c5835240-e05e-012f-41d8-3c0754157aba','674206273','AC','2012-09-14 05:55:55','{"product": 1013589429, "availability": true, "quantity": 1}');
INSERT INTO "SPREE_USER_BEHAVIORS" VALUES(57732,'c5835240-e05e-012f-41d8-3c0754157aba','674206273','P','2012-09-14 05:55:55','{"order": 258}');
INSERT INTO "SPREE_USER_BEHAVIORS" VALUES(57733,'c5845770-e05e-012f-41d8-3c0754157aba','674206273','S','2012-09-14 05:55:55','{"product": 1013589428}');
INSERT INTO "SPREE_USER_BEHAVIORS" VALUES(57734,'c5845770-e05e-012f-41d8-3c0754157aba','674206273','AC','2012-09-14 05:55:55','{"product": 1013589428, "availability": true, "quantity": 1}');
INSERT INTO "SPREE_USER_BEHAVIORS" VALUES(57735,'c5845770-e05e-012f-41d8-3c0754157aba','674206273','P','2012-09-14 05:55:55','{"order": 259}');
INSERT INTO "SPREE_USER_BEHAVIORS" VALUES(57736,'c58563b0-e05e-012f-41d8-3c0754157aba','674206273','S','2012-09-14 05:55:55','{"product": 1013589428}');
INSERT INTO "SPREE_USER_BEHAVIORS" VALUES(57737,'c58563b0-e05e-012f-41d8-3c0754157aba','674206273','AC','2012-09-14 05:55:55','{"product": 1013589428, "availability": true, "quantity": 1}');
INSERT INTO "SPREE_USER_BEHAVIORS" VALUES(57738,'c58563b0-e05e-012f-41d8-3c0754157aba','674206273','P','2012-09-14 05:55:55','{"order": 260}');
INSERT INTO "SPREE_USER_BEHAVIORS" VALUES(57739,'c5867750-e05e-012f-41d8-3c0754157aba','188543912','S','2012-09-14 05:55:55','{"product": 1013589436}');
INSERT INTO "SPREE_USER_BEHAVIORS" VALUES(57740,'c5867750-e05e-012f-41d8-3c0754157aba','188543912','AC','2012-09-14 05:55:55','{"product": 1013589436, "availability": true, "quantity": 1}');
INSERT INTO "SPREE_USER_BEHAVIORS" VALUES(57741,'c5867750-e05e-012f-41d8-3c0754157aba','188543912','P','2012-09-14 05:55:55','{"order": 261}');
INSERT INTO "SPREE_USER_BEHAVIORS" VALUES(57742,'c5878390-e05e-012f-41d8-3c0754157aba','188543912','S','2012-09-14 05:55:55','{"product": 1013589436}');
INSERT INTO "SPREE_USER_BEHAVIORS" VALUES(57743,'c5878390-e05e-012f-41d8-3c0754157aba','188543912','AC','2012-09-14 05:55:55','{"product": 1013589436, "availability": true, "quantity": 1}');
INSERT INTO "SPREE_USER_BEHAVIORS" VALUES(57744,'c5878390-e05e-012f-41d8-3c0754157aba','188543912','P','2012-09-14 05:55:55','{"order": 262}');
INSERT INTO "SPREE_USER_BEHAVIORS" VALUES(57745,'c5887010-e05e-012f-41d8-3c0754157aba','188543912','S','2012-09-14 05:55:55','{"product": 1013589436}');
INSERT INTO "SPREE_USER_BEHAVIORS" VALUES(57746,'c5887010-e05e-012f-41d8-3c0754157aba','188543912','AC','2012-09-14 05:55:55','{"product": 1013589436, "availability": true, "quantity": 1}');
INSERT INTO "SPREE_USER_BEHAVIORS" VALUES(57747,'c5887010-e05e-012f-41d8-3c0754157aba','188543912','P','2012-09-14 05:55:55','{"order": 263}');
INSERT INTO "SPREE_USER_BEHAVIORS" VALUES(57748,'c5897ef0-e05e-012f-41d8-3c0754157aba','188543912','S','2012-09-14 05:55:55','{"product": 1013589434}');
INSERT INTO "SPREE_USER_BEHAVIORS" VALUES(57749,'c5897ef0-e05e-012f-41d8-3c0754157aba','188543912','AC','2012-09-14 05:55:55','{"product": 1013589434, "availability": true, "quantity": 1}');
INSERT INTO "SPREE_USER_BEHAVIORS" VALUES(57750,'c5897ef0-e05e-012f-41d8-3c0754157aba','188543912','S','2012-09-14 05:55:55','{"product": 1013589424}');
INSERT INTO "SPREE_USER_BEHAVIORS" VALUES(57751,'c5897ef0-e05e-012f-41d8-3c0754157aba','188543912','AC','2012-09-14 05:55:55','{"product": 1013589424, "availability": true, "quantity": 1}');
INSERT INTO "SPREE_USER_BEHAVIORS" VALUES(57752,'c5897ef0-e05e-012f-41d8-3c0754157aba','188543912','P','2012-09-14 05:55:55','{"order": 264}');
INSERT INTO "SPREE_USER_BEHAVIORS" VALUES(57753,'c58b7ce0-e05e-012f-41d8-3c0754157aba','188543912','S','2012-09-14 05:55:55','{"product": 1013589436}');
INSERT INTO "SPREE_USER_BEHAVIORS" VALUES(57754,'c58b7ce0-e05e-012f-41d8-3c0754157aba','188543912','AC','2012-09-14 05:55:55','{"product": 1013589436, "availability": true, "quantity": 1}');
INSERT INTO "SPREE_USER_BEHAVIORS" VALUES(57755,'c58b7ce0-e05e-012f-41d8-3c0754157aba','188543912','P','2012-09-14 05:55:55','{"order": 265}');
INSERT INTO "SPREE_USER_BEHAVIORS" VALUES(57756,'c58c8610-e05e-012f-41d8-3c0754157aba','188543912','S','2012-09-14 05:55:55','{"product": 1013589434}');
INSERT INTO "SPREE_USER_BEHAVIORS" VALUES(57757,'c58c8610-e05e-012f-41d8-3c0754157aba','188543912','AC','2012-09-14 05:55:55','{"product": 1013589434, "availability": true, "quantity": 1}');
INSERT INTO "SPREE_USER_BEHAVIORS" VALUES(57758,'c58c8610-e05e-012f-41d8-3c0754157aba','188543912','S','2012-09-14 05:55:55','{"product": 1013589424}');
INSERT INTO "SPREE_USER_BEHAVIORS" VALUES(57759,'c58c8610-e05e-012f-41d8-3c0754157aba','188543912','AC','2012-09-14 05:55:55','{"product": 1013589424, "availability": true, "quantity": 1}');
INSERT INTO "SPREE_USER_BEHAVIORS" VALUES(57760,'c58c8610-e05e-012f-41d8-3c0754157aba','188543912','P','2012-09-14 05:55:55','{"order": 266}');
INSERT INTO "SPREE_USER_BEHAVIORS" VALUES(57761,'c58e8240-e05e-012f-41d8-3c0754157aba','188543912','S','2012-09-14 05:55:55','{"product": 1013589434}');
INSERT INTO "SPREE_USER_BEHAVIORS" VALUES(57762,'c58e8240-e05e-012f-41d8-3c0754157aba','188543912','AC','2012-09-14 05:55:55','{"product": 1013589434, "availability": true, "quantity": 1}');
INSERT INTO "SPREE_USER_BEHAVIORS" VALUES(57763,'c58e8240-e05e-012f-41d8-3c0754157aba','188543912','P','2012-09-14 05:55:55','{"order": 267}');
INSERT INTO "SPREE_USER_BEHAVIORS" VALUES(57764,'c58f9190-e05e-012f-41d8-3c0754157aba','188543912','S','2012-09-14 05:55:55','{"product": 1013589434}');
INSERT INTO "SPREE_USER_BEHAVIORS" VALUES(57765,'c58f9190-e05e-012f-41d8-3c0754157aba','188543912','AC','2012-09-14 05:55:55','{"product": 1013589434, "availability": true, "quantity": 1}');
INSERT INTO "SPREE_USER_BEHAVIORS" VALUES(57766,'c58f9190-e05e-012f-41d8-3c0754157aba','188543912','P','2012-09-14 05:55:55','{"order": 268}');
INSERT INTO "SPREE_USER_BEHAVIORS" VALUES(57767,'c33f25a0-e05e-012f-41d8-3c0754157aba','286560969','S','2012-09-14 05:55:55','{"product": 1013589428}');
INSERT INTO "SPREE_USER_BEHAVIORS" VALUES(57768,'c33f25a0-e05e-012f-41d8-3c0754157aba','286560969','AC','2012-09-14 05:55:55','{"product": 1013589428, "availability": true, "quantity": 1}');
INSERT INTO "SPREE_USER_BEHAVIORS" VALUES(57769,'c33f25a0-e05e-012f-41d8-3c0754157aba','286560969','P','2012-09-14 05:55:55','{"order": 269}');
INSERT INTO "SPREE_USER_BEHAVIORS" VALUES(57770,'c5925420-e05e-012f-41d8-3c0754157aba','286560969','S','2012-09-14 05:55:55','{"product": 1013589428}');
INSERT INTO "SPREE_USER_BEHAVIORS" VALUES(57771,'c5925420-e05e-012f-41d8-3c0754157aba','286560969','AC','2012-09-14 05:55:55','{"product": 1013589428, "availability": true, "quantity": 1}');
INSERT INTO "SPREE_USER_BEHAVIORS" VALUES(57772,'c5925420-e05e-012f-41d8-3c0754157aba','286560969','P','2012-09-14 05:55:55','{"order": 270}');
INSERT INTO "SPREE_USER_BEHAVIORS" VALUES(57773,'c5935e30-e05e-012f-41d8-3c0754157aba','286560969','S','2012-09-14 05:55:55','{"product": 1013589428}');
INSERT INTO "SPREE_USER_BEHAVIORS" VALUES(57774,'c5935e30-e05e-012f-41d8-3c0754157aba','286560969','AC','2012-09-14 05:55:55','{"product": 1013589428, "availability": true, "quantity": 1}');
INSERT INTO "SPREE_USER_BEHAVIORS" VALUES(57775,'c5935e30-e05e-012f-41d8-3c0754157aba','286560969','P','2012-09-14 05:55:55','{"order": 271}');
INSERT INTO "SPREE_USER_BEHAVIORS" VALUES(57776,'c594b550-e05e-012f-41d8-3c0754157aba','286560969','S','2012-09-14 05:55:55','{"product": 1013589430}');
INSERT INTO "SPREE_USER_BEHAVIORS" VALUES(57777,'c594b550-e05e-012f-41d8-3c0754157aba','286560969','AC','2012-09-14 05:55:55','{"product": 1013589430, "availability": true, "quantity": 1}');
INSERT INTO "SPREE_USER_BEHAVIORS" VALUES(57778,'c594b550-e05e-012f-41d8-3c0754157aba','286560969','S','2012-09-14 05:55:55','{"product": 1013589436}');
INSERT INTO "SPREE_USER_BEHAVIORS" VALUES(57779,'c594b550-e05e-012f-41d8-3c0754157aba','286560969','AC','2012-09-14 05:55:55','{"product": 1013589436, "availability": true, "quantity": 1}');
INSERT INTO "SPREE_USER_BEHAVIORS" VALUES(57780,'c594b550-e05e-012f-41d8-3c0754157aba','286560969','P','2012-09-14 05:55:55','{"order": 272}');
INSERT INTO "SPREE_USER_BEHAVIORS" VALUES(57781,'c5965680-e05e-012f-41d8-3c0754157aba','286560969','S','2012-09-14 05:55:55','{"product": 1013589430}');
INSERT INTO "SPREE_USER_BEHAVIORS" VALUES(57782,'c5965680-e05e-012f-41d8-3c0754157aba','286560969','AC','2012-09-14 05:55:55','{"product": 1013589430, "availability": true, "quantity": 1}');
INSERT INTO "SPREE_USER_BEHAVIORS" VALUES(57783,'c5965680-e05e-012f-41d8-3c0754157aba','286560969','S','2012-09-14 05:55:55','{"product": 1013589436}');
INSERT INTO "SPREE_USER_BEHAVIORS" VALUES(57784,'c5965680-e05e-012f-41d8-3c0754157aba','286560969','AC','2012-09-14 05:55:55','{"product": 1013589436, "availability": true, "quantity": 1}');
INSERT INTO "SPREE_USER_BEHAVIORS" VALUES(57785,'c5965680-e05e-012f-41d8-3c0754157aba','286560969','P','2012-09-14 05:55:55','{"order": 273}');
INSERT INTO "SPREE_USER_BEHAVIORS" VALUES(57786,'c598b770-e05e-012f-41d8-3c0754157aba','286560969','S','2012-09-14 05:55:55','{"product": 1013589429}');
INSERT INTO "SPREE_USER_BEHAVIORS" VALUES(57787,'c598b770-e05e-012f-41d8-3c0754157aba','286560969','AC','2012-09-14 05:55:55','{"product": 1013589429, "availability": true, "quantity": 1}');
INSERT INTO "SPREE_USER_BEHAVIORS" VALUES(57788,'c598b770-e05e-012f-41d8-3c0754157aba','286560969','P','2012-09-14 05:55:55','{"order": 274}');
INSERT INTO "SPREE_USER_BEHAVIORS" VALUES(57789,'c599be40-e05e-012f-41d8-3c0754157aba','286560969','S','2012-09-14 05:55:55','{"product": 1013589429}');
INSERT INTO "SPREE_USER_BEHAVIORS" VALUES(57790,'c599be40-e05e-012f-41d8-3c0754157aba','286560969','AC','2012-09-14 05:55:55','{"product": 1013589429, "availability": true, "quantity": 1}');
INSERT INTO "SPREE_USER_BEHAVIORS" VALUES(57791,'c599be40-e05e-012f-41d8-3c0754157aba','286560969','P','2012-09-14 05:55:55','{"order": 275}');
INSERT INTO "SPREE_USER_BEHAVIORS" VALUES(57792,'c59b82c0-e05e-012f-41d8-3c0754157aba','286560969','S','2012-09-14 05:55:55','{"product": 1013589430}');
INSERT INTO "SPREE_USER_BEHAVIORS" VALUES(57793,'c59b82c0-e05e-012f-41d8-3c0754157aba','286560969','AC','2012-09-14 05:55:55','{"product": 1013589430, "availability": true, "quantity": 1}');
INSERT INTO "SPREE_USER_BEHAVIORS" VALUES(57794,'c59b82c0-e05e-012f-41d8-3c0754157aba','286560969','S','2012-09-14 05:55:55','{"product": 1013589436}');
INSERT INTO "SPREE_USER_BEHAVIORS" VALUES(57795,'c59b82c0-e05e-012f-41d8-3c0754157aba','286560969','AC','2012-09-14 05:55:55','{"product": 1013589436, "availability": true, "quantity": 1}');
INSERT INTO "SPREE_USER_BEHAVIORS" VALUES(57796,'c59b82c0-e05e-012f-41d8-3c0754157aba','286560969','P','2012-09-14 05:55:55','{"order": 276}');
INSERT INTO "SPREE_USER_BEHAVIORS" VALUES(57797,'c59d2ee0-e05e-012f-41d8-3c0754157aba','286560969','S','2012-09-14 05:55:55','{"product": 1013589428}');
INSERT INTO "SPREE_USER_BEHAVIORS" VALUES(57798,'c59d2ee0-e05e-012f-41d8-3c0754157aba','286560969','AC','2012-09-14 05:55:55','{"product": 1013589428, "availability": true, "quantity": 1}');
INSERT INTO "SPREE_USER_BEHAVIORS" VALUES(57799,'c59d2ee0-e05e-012f-41d8-3c0754157aba','286560969','P','2012-09-14 05:55:55','{"order": 277}');
CREATE TABLE substitution_behavior(looked_for_variant varchar(50), bought_variant varchar(50), session_id varchar(50));
INSERT INTO "substitution_behavior" VALUES('1013589424','1013589434','c3404640-e05e-012f-41d8-3c0754157aba');
INSERT INTO "substitution_behavior" VALUES('1013589426','1013589434','c33e79a0-e05e-012f-41d8-3c0754157aba');
INSERT INTO "substitution_behavior" VALUES('1013589426','1013589424','c33e79a0-e05e-012f-41d8-3c0754157aba');
INSERT INTO "substitution_behavior" VALUES('1013589424','1013589434','c33631d0-e05e-012f-41d8-3c0754157aba');
INSERT INTO "substitution_behavior" VALUES('1013589424','1013589426','c33631d0-e05e-012f-41d8-3c0754157aba');
INSERT INTO "substitution_behavior" VALUES('1013589428','1013589430','c33a4740-e05e-012f-41d8-3c0754157aba');
INSERT INTO "substitution_behavior" VALUES('1013589428','1013589430','c337aff0-e05e-012f-41d8-3c0754157aba');
INSERT INTO "substitution_behavior" VALUES('1013589426','1013589434','c340ee20-e05e-012f-41d8-3c0754157aba');
INSERT INTO "substitution_behavior" VALUES('1013589426','1013589424','c340ee20-e05e-012f-41d8-3c0754157aba');
INSERT INTO "substitution_behavior" VALUES('1013589424','1013589434','c33d4800-e05e-012f-41d8-3c0754157aba');
INSERT INTO "substitution_behavior" VALUES('1013589424','1013589426','c33d4800-e05e-012f-41d8-3c0754157aba');
INSERT INTO "substitution_behavior" VALUES('1013589422','1013589417','c336eff0-e05e-012f-41d8-3c0754157aba');
INSERT INTO "substitution_behavior" VALUES('1013589424','1013589434','c33c1860-e05e-012f-41d8-3c0754157aba');
INSERT INTO "substitution_behavior" VALUES('1013589424','1013589434','c33b7250-e05e-012f-41d8-3c0754157aba');
CREATE TABLE product_views(variant_id varchar(50), times_viewed int(20));
INSERT INTO "product_views" VALUES('1001480408',4);
INSERT INTO "product_views" VALUES('1013589413',7);
INSERT INTO "product_views" VALUES('1013589414',4);
INSERT INTO "product_views" VALUES('1013589415',21);
INSERT INTO "product_views" VALUES('1013589416',8);
INSERT INTO "product_views" VALUES('1013589417',31);
INSERT INTO "product_views" VALUES('1013589422',15);
INSERT INTO "product_views" VALUES('1013589424',73);
INSERT INTO "product_views" VALUES('1013589426',27);
INSERT INTO "product_views" VALUES('1013589428',41);
INSERT INTO "product_views" VALUES('1013589429',39);
INSERT INTO "product_views" VALUES('1013589430',46);
INSERT INTO "product_views" VALUES('1013589434',95);
INSERT INTO "product_views" VALUES('1013589435',3);
INSERT INTO "product_views" VALUES('1013589436',78);
INSERT INTO "product_views" VALUES('1013589441',5);
INSERT INTO "product_views" VALUES('1013589442',3);
INSERT INTO "product_views" VALUES('1013589446',2);
INSERT INTO "product_views" VALUES('1013589447',2);
INSERT INTO "product_views" VALUES('1013589448',4);
INSERT INTO "product_views" VALUES('1013589449',3);
INSERT INTO "product_views" VALUES('157039898',3);
INSERT INTO "product_views" VALUES('215054540',4);
INSERT INTO "product_views" VALUES('219452125',4);
INSERT INTO "product_views" VALUES('336514991',5);
INSERT INTO "product_views" VALUES('429921481',2);
INSERT INTO "product_views" VALUES('438855057',3);
INSERT INTO "product_views" VALUES('489273655',7);
INSERT INTO "product_views" VALUES('504220342',5);
INSERT INTO "product_views" VALUES('52862384',11);
INSERT INTO "product_views" VALUES('599112055',3);
INSERT INTO "product_views" VALUES('726086391',3);
INSERT INTO "product_views" VALUES('748173072',2);
INSERT INTO "product_views" VALUES('78660486',3);
INSERT INTO "product_views" VALUES('833839126',4);
INSERT INTO "product_views" VALUES('954827632',5);
CREATE TABLE product_buys(variant_id varchar(50), times_bought int(20));
CREATE TABLE spree_substitutions(looked_up_variant integer not null, substitute_variant integer not null, probability decimal(0, 20)
);
INSERT INTO "spree_substitutions" VALUES(52862384,1013589415,6.38070474883951e-05);
INSERT INTO "spree_substitutions" VALUES(52862384,1013589416,3.13572305293996e-05);
INSERT INTO "spree_substitutions" VALUES(52862384,1013589417,6.69781808726075e-05);
INSERT INTO "spree_substitutions" VALUES(52862384,1013589422,3.53525533381649e-05);
INSERT INTO "spree_substitutions" VALUES(52862384,1013589424,0.00013080444735121);
INSERT INTO "spree_substitutions" VALUES(52862384,1013589426,8.17527795945062e-05);
INSERT INTO "spree_substitutions" VALUES(52862384,1013589428,9.74075671764329e-05);
INSERT INTO "spree_substitutions" VALUES(52862384,1013589429,0.000147155003270111);
INSERT INTO "spree_substitutions" VALUES(52862384,1013589430,0.000142543308010934);
INSERT INTO "spree_substitutions" VALUES(52862384,1013589434,0.000189541476257327);
INSERT INTO "spree_substitutions" VALUES(52862384,1013589436,0.000162257425149402);
INSERT INTO "spree_substitutions" VALUES(78660486,1013589415,0.000233959174124115);
INSERT INTO "spree_substitutions" VALUES(78660486,1013589416,0.000114976511941132);
INSERT INTO "spree_substitutions" VALUES(78660486,1013589417,0.000245586663199561);
INSERT INTO "spree_substitutions" VALUES(78660486,1013589422,0.000129626028906604);
INSERT INTO "spree_substitutions" VALUES(78660486,1013589424,0.000479616306954436);
INSERT INTO "spree_substitutions" VALUES(78660486,1013589426,0.000299760191846523);
INSERT INTO "spree_substitutions" VALUES(78660486,1013589428,0.000357161079646921);
INSERT INTO "spree_substitutions" VALUES(78660486,1013589429,0.000539568345323741);
INSERT INTO "spree_substitutions" VALUES(78660486,1013589430,0.000522658796040091);
INSERT INTO "spree_substitutions" VALUES(78660486,1013589434,0.000694985412943531);
INSERT INTO "spree_substitutions" VALUES(78660486,1013589436,0.000594943892214473);
INSERT INTO "spree_substitutions" VALUES(157039898,1013589415,0.000233959174124115);
INSERT INTO "spree_substitutions" VALUES(157039898,1013589416,0.000114976511941132);
INSERT INTO "spree_substitutions" VALUES(157039898,1013589417,0.000245586663199561);
INSERT INTO "spree_substitutions" VALUES(157039898,1013589422,0.000129626028906604);
INSERT INTO "spree_substitutions" VALUES(157039898,1013589424,0.000479616306954436);
INSERT INTO "spree_substitutions" VALUES(157039898,1013589426,0.000299760191846523);
INSERT INTO "spree_substitutions" VALUES(157039898,1013589428,0.000357161079646921);
INSERT INTO "spree_substitutions" VALUES(157039898,1013589429,0.000539568345323741);
INSERT INTO "spree_substitutions" VALUES(157039898,1013589430,0.000522658796040091);
INSERT INTO "spree_substitutions" VALUES(157039898,1013589434,0.000694985412943531);
INSERT INTO "spree_substitutions" VALUES(157039898,1013589436,0.000594943892214473);
INSERT INTO "spree_substitutions" VALUES(215054540,1013589415,0.000175469380593087);
INSERT INTO "spree_substitutions" VALUES(215054540,1013589416,8.6232383955849e-05);
INSERT INTO "spree_substitutions" VALUES(215054540,1013589417,0.000184189997399671);
INSERT INTO "spree_substitutions" VALUES(215054540,1013589422,9.72195216799534e-05);
INSERT INTO "spree_substitutions" VALUES(215054540,1013589424,0.000359712230215827);
INSERT INTO "spree_substitutions" VALUES(215054540,1013589426,0.000224820143884892);
INSERT INTO "spree_substitutions" VALUES(215054540,1013589428,0.000267870809735191);
INSERT INTO "spree_substitutions" VALUES(215054540,1013589429,0.000404676258992806);
INSERT INTO "spree_substitutions" VALUES(215054540,1013589430,0.000391994097030068);
INSERT INTO "spree_substitutions" VALUES(215054540,1013589434,0.000521239059707648);
INSERT INTO "spree_substitutions" VALUES(215054540,1013589436,0.000446207919160854);
INSERT INTO "spree_substitutions" VALUES(219452125,1013589415,0.000175469380593087);
INSERT INTO "spree_substitutions" VALUES(219452125,1013589416,8.6232383955849e-05);
INSERT INTO "spree_substitutions" VALUES(219452125,1013589417,0.000184189997399671);
INSERT INTO "spree_substitutions" VALUES(219452125,1013589422,9.72195216799534e-05);
INSERT INTO "spree_substitutions" VALUES(219452125,1013589424,0.000359712230215827);
INSERT INTO "spree_substitutions" VALUES(219452125,1013589426,0.000224820143884892);
INSERT INTO "spree_substitutions" VALUES(219452125,1013589428,0.000267870809735191);
INSERT INTO "spree_substitutions" VALUES(219452125,1013589429,0.000404676258992806);
INSERT INTO "spree_substitutions" VALUES(219452125,1013589430,0.000391994097030068);
INSERT INTO "spree_substitutions" VALUES(219452125,1013589434,0.000521239059707648);
INSERT INTO "spree_substitutions" VALUES(219452125,1013589436,0.000446207919160854);
INSERT INTO "spree_substitutions" VALUES(336514991,1013589415,0.000140375504474469);
INSERT INTO "spree_substitutions" VALUES(336514991,1013589416,6.89859071646792e-05);
INSERT INTO "spree_substitutions" VALUES(336514991,1013589417,0.000147351997919737);
INSERT INTO "spree_substitutions" VALUES(336514991,1013589422,7.77756173439627e-05);
INSERT INTO "spree_substitutions" VALUES(336514991,1013589424,0.000287769784172662);
INSERT INTO "spree_substitutions" VALUES(336514991,1013589426,0.000179856115107914);
INSERT INTO "spree_substitutions" VALUES(336514991,1013589428,0.000214296647788152);
INSERT INTO "spree_substitutions" VALUES(336514991,1013589429,0.000323741007194245);
INSERT INTO "spree_substitutions" VALUES(336514991,1013589430,0.000313595277624055);
INSERT INTO "spree_substitutions" VALUES(336514991,1013589434,0.000416991247766118);
INSERT INTO "spree_substitutions" VALUES(336514991,1013589436,0.000356966335328684);
INSERT INTO "spree_substitutions" VALUES(429921481,1013589415,0.000350938761186173);
INSERT INTO "spree_substitutions" VALUES(429921481,1013589416,0.000172464767911698);
INSERT INTO "spree_substitutions" VALUES(429921481,1013589417,0.000368379994799341);
INSERT INTO "spree_substitutions" VALUES(429921481,1013589422,0.000194439043359907);
INSERT INTO "spree_substitutions" VALUES(429921481,1013589424,0.000719424460431655);
INSERT INTO "spree_substitutions" VALUES(429921481,1013589426,0.000449640287769784);
INSERT INTO "spree_substitutions" VALUES(429921481,1013589428,0.000535741619470381);
INSERT INTO "spree_substitutions" VALUES(429921481,1013589429,0.000809352517985612);
INSERT INTO "spree_substitutions" VALUES(429921481,1013589430,0.000783988194060137);
INSERT INTO "spree_substitutions" VALUES(429921481,1013589434,0.0010424781194153);
INSERT INTO "spree_substitutions" VALUES(429921481,1013589436,0.000892415838321709);
INSERT INTO "spree_substitutions" VALUES(438855057,1013589415,0.000233959174124115);
INSERT INTO "spree_substitutions" VALUES(438855057,1013589416,0.000114976511941132);
INSERT INTO "spree_substitutions" VALUES(438855057,1013589417,0.000245586663199561);
INSERT INTO "spree_substitutions" VALUES(438855057,1013589422,0.000129626028906604);
INSERT INTO "spree_substitutions" VALUES(438855057,1013589424,0.000479616306954436);
INSERT INTO "spree_substitutions" VALUES(438855057,1013589426,0.000299760191846523);
INSERT INTO "spree_substitutions" VALUES(438855057,1013589428,0.000357161079646921);
INSERT INTO "spree_substitutions" VALUES(438855057,1013589429,0.000539568345323741);
INSERT INTO "spree_substitutions" VALUES(438855057,1013589430,0.000522658796040091);
INSERT INTO "spree_substitutions" VALUES(438855057,1013589434,0.000694985412943531);
INSERT INTO "spree_substitutions" VALUES(438855057,1013589436,0.000594943892214473);
INSERT INTO "spree_substitutions" VALUES(489273655,1013589415,0.000100268217481764);
INSERT INTO "spree_substitutions" VALUES(489273655,1013589416,4.92756479747709e-05);
INSERT INTO "spree_substitutions" VALUES(489273655,1013589417,0.000105251427085526);
INSERT INTO "spree_substitutions" VALUES(489273655,1013589422,5.55540123885448e-05);
INSERT INTO "spree_substitutions" VALUES(489273655,1013589424,0.000205549845837616);
INSERT INTO "spree_substitutions" VALUES(489273655,1013589426,0.00012846865364851);
INSERT INTO "spree_substitutions" VALUES(489273655,1013589428,0.000153069034134395);
INSERT INTO "spree_substitutions" VALUES(489273655,1013589429,0.000231243576567318);
INSERT INTO "spree_substitutions" VALUES(489273655,1013589430,0.000223996626874325);
INSERT INTO "spree_substitutions" VALUES(489273655,1013589434,0.000297850891261513);
INSERT INTO "spree_substitutions" VALUES(489273655,1013589436,0.000254975953806203);
INSERT INTO "spree_substitutions" VALUES(504220342,1013589415,0.000140375504474469);
INSERT INTO "spree_substitutions" VALUES(504220342,1013589416,6.89859071646792e-05);
INSERT INTO "spree_substitutions" VALUES(504220342,1013589417,0.000147351997919737);
INSERT INTO "spree_substitutions" VALUES(504220342,1013589422,7.77756173439627e-05);
INSERT INTO "spree_substitutions" VALUES(504220342,1013589424,0.000287769784172662);
INSERT INTO "spree_substitutions" VALUES(504220342,1013589426,0.000179856115107914);
INSERT INTO "spree_substitutions" VALUES(504220342,1013589428,0.000214296647788152);
INSERT INTO "spree_substitutions" VALUES(504220342,1013589429,0.000323741007194245);
INSERT INTO "spree_substitutions" VALUES(504220342,1013589430,0.000313595277624055);
INSERT INTO "spree_substitutions" VALUES(504220342,1013589434,0.000416991247766118);
INSERT INTO "spree_substitutions" VALUES(504220342,1013589436,0.000356966335328684);
INSERT INTO "spree_substitutions" VALUES(599112055,1013589415,0.000233959174124115);
INSERT INTO "spree_substitutions" VALUES(599112055,1013589416,0.000114976511941132);
INSERT INTO "spree_substitutions" VALUES(599112055,1013589417,0.000245586663199561);
INSERT INTO "spree_substitutions" VALUES(599112055,1013589422,0.000129626028906604);
INSERT INTO "spree_substitutions" VALUES(599112055,1013589424,0.000479616306954436);
INSERT INTO "spree_substitutions" VALUES(599112055,1013589426,0.000299760191846523);
INSERT INTO "spree_substitutions" VALUES(599112055,1013589428,0.000357161079646921);
INSERT INTO "spree_substitutions" VALUES(599112055,1013589429,0.000539568345323741);
INSERT INTO "spree_substitutions" VALUES(599112055,1013589430,0.000522658796040091);
INSERT INTO "spree_substitutions" VALUES(599112055,1013589434,0.000694985412943531);
INSERT INTO "spree_substitutions" VALUES(599112055,1013589436,0.000594943892214473);
INSERT INTO "spree_substitutions" VALUES(726086391,1013589415,0.000233959174124115);
INSERT INTO "spree_substitutions" VALUES(726086391,1013589416,0.000114976511941132);
INSERT INTO "spree_substitutions" VALUES(726086391,1013589417,0.000245586663199561);
INSERT INTO "spree_substitutions" VALUES(726086391,1013589422,0.000129626028906604);
INSERT INTO "spree_substitutions" VALUES(726086391,1013589424,0.000479616306954436);
INSERT INTO "spree_substitutions" VALUES(726086391,1013589426,0.000299760191846523);
INSERT INTO "spree_substitutions" VALUES(726086391,1013589428,0.000357161079646921);
INSERT INTO "spree_substitutions" VALUES(726086391,1013589429,0.000539568345323741);
INSERT INTO "spree_substitutions" VALUES(726086391,1013589430,0.000522658796040091);
INSERT INTO "spree_substitutions" VALUES(726086391,1013589434,0.000694985412943531);
INSERT INTO "spree_substitutions" VALUES(726086391,1013589436,0.000594943892214473);
INSERT INTO "spree_substitutions" VALUES(748173072,1013589415,0.000350938761186173);
INSERT INTO "spree_substitutions" VALUES(748173072,1013589416,0.000172464767911698);
INSERT INTO "spree_substitutions" VALUES(748173072,1013589417,0.000368379994799341);
INSERT INTO "spree_substitutions" VALUES(748173072,1013589422,0.000194439043359907);
INSERT INTO "spree_substitutions" VALUES(748173072,1013589424,0.000719424460431655);
INSERT INTO "spree_substitutions" VALUES(748173072,1013589426,0.000449640287769784);
INSERT INTO "spree_substitutions" VALUES(748173072,1013589428,0.000535741619470381);
INSERT INTO "spree_substitutions" VALUES(748173072,1013589429,0.000809352517985612);
INSERT INTO "spree_substitutions" VALUES(748173072,1013589430,0.000783988194060137);
INSERT INTO "spree_substitutions" VALUES(748173072,1013589434,0.0010424781194153);
INSERT INTO "spree_substitutions" VALUES(748173072,1013589436,0.000892415838321709);
INSERT INTO "spree_substitutions" VALUES(833839126,1013589415,0.000175469380593087);
INSERT INTO "spree_substitutions" VALUES(833839126,1013589416,8.6232383955849e-05);
INSERT INTO "spree_substitutions" VALUES(833839126,1013589417,0.000184189997399671);
INSERT INTO "spree_substitutions" VALUES(833839126,1013589422,9.72195216799534e-05);
INSERT INTO "spree_substitutions" VALUES(833839126,1013589424,0.000359712230215827);
INSERT INTO "spree_substitutions" VALUES(833839126,1013589426,0.000224820143884892);
INSERT INTO "spree_substitutions" VALUES(833839126,1013589428,0.000267870809735191);
INSERT INTO "spree_substitutions" VALUES(833839126,1013589429,0.000404676258992806);
INSERT INTO "spree_substitutions" VALUES(833839126,1013589430,0.000391994097030068);
INSERT INTO "spree_substitutions" VALUES(833839126,1013589434,0.000521239059707648);
INSERT INTO "spree_substitutions" VALUES(833839126,1013589436,0.000446207919160854);
INSERT INTO "spree_substitutions" VALUES(954827632,1013589415,0.000140375504474469);
INSERT INTO "spree_substitutions" VALUES(954827632,1013589416,6.89859071646792e-05);
INSERT INTO "spree_substitutions" VALUES(954827632,1013589417,0.000147351997919737);
INSERT INTO "spree_substitutions" VALUES(954827632,1013589422,7.77756173439627e-05);
INSERT INTO "spree_substitutions" VALUES(954827632,1013589424,0.000287769784172662);
INSERT INTO "spree_substitutions" VALUES(954827632,1013589426,0.000179856115107914);
INSERT INTO "spree_substitutions" VALUES(954827632,1013589428,0.000214296647788152);
INSERT INTO "spree_substitutions" VALUES(954827632,1013589429,0.000323741007194245);
INSERT INTO "spree_substitutions" VALUES(954827632,1013589430,0.000313595277624055);
INSERT INTO "spree_substitutions" VALUES(954827632,1013589434,0.000416991247766118);
INSERT INTO "spree_substitutions" VALUES(954827632,1013589436,0.000356966335328684);
INSERT INTO "spree_substitutions" VALUES(1001480408,1013589415,0.000175469380593087);
INSERT INTO "spree_substitutions" VALUES(1001480408,1013589416,8.6232383955849e-05);
INSERT INTO "spree_substitutions" VALUES(1001480408,1013589417,0.000184189997399671);
INSERT INTO "spree_substitutions" VALUES(1001480408,1013589422,9.72195216799534e-05);
INSERT INTO "spree_substitutions" VALUES(1001480408,1013589424,0.000359712230215827);
INSERT INTO "spree_substitutions" VALUES(1001480408,1013589426,0.000224820143884892);
INSERT INTO "spree_substitutions" VALUES(1001480408,1013589428,0.000267870809735191);
INSERT INTO "spree_substitutions" VALUES(1001480408,1013589429,0.000404676258992806);
INSERT INTO "spree_substitutions" VALUES(1001480408,1013589430,0.000391994097030068);
INSERT INTO "spree_substitutions" VALUES(1001480408,1013589434,0.000521239059707648);
INSERT INTO "spree_substitutions" VALUES(1001480408,1013589436,0.000446207919160854);
INSERT INTO "spree_substitutions" VALUES(1013589413,1013589415,0.000100268217481764);
INSERT INTO "spree_substitutions" VALUES(1013589413,1013589416,4.92756479747709e-05);
INSERT INTO "spree_substitutions" VALUES(1013589413,1013589417,0.000105251427085526);
INSERT INTO "spree_substitutions" VALUES(1013589413,1013589422,5.55540123885448e-05);
INSERT INTO "spree_substitutions" VALUES(1013589413,1013589424,0.000205549845837616);
INSERT INTO "spree_substitutions" VALUES(1013589413,1013589426,0.00012846865364851);
INSERT INTO "spree_substitutions" VALUES(1013589413,1013589428,0.000153069034134395);
INSERT INTO "spree_substitutions" VALUES(1013589413,1013589429,0.000231243576567318);
INSERT INTO "spree_substitutions" VALUES(1013589413,1013589430,0.000223996626874325);
INSERT INTO "spree_substitutions" VALUES(1013589413,1013589434,0.000297850891261513);
INSERT INTO "spree_substitutions" VALUES(1013589413,1013589436,0.000254975953806203);
INSERT INTO "spree_substitutions" VALUES(1013589414,1013589415,0.000175469380593087);
INSERT INTO "spree_substitutions" VALUES(1013589414,1013589416,8.6232383955849e-05);
INSERT INTO "spree_substitutions" VALUES(1013589414,1013589417,0.000184189997399671);
INSERT INTO "spree_substitutions" VALUES(1013589414,1013589422,9.72195216799534e-05);
INSERT INTO "spree_substitutions" VALUES(1013589414,1013589424,0.000359712230215827);
INSERT INTO "spree_substitutions" VALUES(1013589414,1013589426,0.000224820143884892);
INSERT INTO "spree_substitutions" VALUES(1013589414,1013589428,0.000267870809735191);
INSERT INTO "spree_substitutions" VALUES(1013589414,1013589429,0.000404676258992806);
INSERT INTO "spree_substitutions" VALUES(1013589414,1013589430,0.000391994097030068);
INSERT INTO "spree_substitutions" VALUES(1013589414,1013589434,0.000521239059707648);
INSERT INTO "spree_substitutions" VALUES(1013589414,1013589436,0.000446207919160854);
INSERT INTO "spree_substitutions" VALUES(1013589415,1013589416,1.64252159915903e-05);
INSERT INTO "spree_substitutions" VALUES(1013589415,1013589417,3.50838090285087e-05);
INSERT INTO "spree_substitutions" VALUES(1013589415,1013589422,1.85180041295149e-05);
INSERT INTO "spree_substitutions" VALUES(1013589415,1013589424,6.85166152792052e-05);
INSERT INTO "spree_substitutions" VALUES(1013589415,1013589426,4.28228845495032e-05);
INSERT INTO "spree_substitutions" VALUES(1013589415,1013589428,5.10230113781315e-05);
INSERT INTO "spree_substitutions" VALUES(1013589415,1013589429,7.70811921891059e-05);
INSERT INTO "spree_substitutions" VALUES(1013589415,1013589430,7.46655422914416e-05);
INSERT INTO "spree_substitutions" VALUES(1013589415,1013589434,9.92836304205044e-05);
INSERT INTO "spree_substitutions" VALUES(1013589415,1013589436,8.49919846020675e-05);
INSERT INTO "spree_substitutions" VALUES(1013589416,1013589415,8.77346902965433e-05);
INSERT INTO "spree_substitutions" VALUES(1013589416,1013589417,9.20949986998353e-05);
INSERT INTO "spree_substitutions" VALUES(1013589416,1013589422,4.86097608399767e-05);
INSERT INTO "spree_substitutions" VALUES(1013589416,1013589424,0.000179856115107914);
INSERT INTO "spree_substitutions" VALUES(1013589416,1013589426,0.000112410071942446);
INSERT INTO "spree_substitutions" VALUES(1013589416,1013589428,0.000133935404867595);
INSERT INTO "spree_substitutions" VALUES(1013589416,1013589429,0.000202338129496403);
INSERT INTO "spree_substitutions" VALUES(1013589416,1013589430,0.000195997048515034);
INSERT INTO "spree_substitutions" VALUES(1013589416,1013589434,0.000260619529853824);
INSERT INTO "spree_substitutions" VALUES(1013589416,1013589436,0.000223103959580427);
INSERT INTO "spree_substitutions" VALUES(1013589417,1013589415,2.26412103991079e-05);
INSERT INTO "spree_substitutions" VALUES(1013589417,1013589416,1.11267592201096e-05);
INSERT INTO "spree_substitutions" VALUES(1013589417,1013589422,1.25444544103166e-05);
INSERT INTO "spree_substitutions" VALUES(1013589417,1013589424,4.64144813181713e-05);
INSERT INTO "spree_substitutions" VALUES(1013589417,1013589426,2.9009050823857e-05);
INSERT INTO "spree_substitutions" VALUES(1013589417,1013589428,3.4563975449702e-05);
INSERT INTO "spree_substitutions" VALUES(1013589417,1013589429,5.22162914829427e-05);
INSERT INTO "spree_substitutions" VALUES(1013589417,1013589430,5.05798834877507e-05);
INSERT INTO "spree_substitutions" VALUES(1013589417,1013589434,6.7256652865503e-05);
INSERT INTO "spree_substitutions" VALUES(1013589417,1013589436,5.75752153755941e-05);
INSERT INTO "spree_substitutions" VALUES(1013589422,1013589415,4.67918348248231e-05);
INSERT INTO "spree_substitutions" VALUES(1013589422,1013589416,2.29953023882264e-05);
INSERT INTO "spree_substitutions" VALUES(1013589422,1013589417,9.82346652798243e-05);
INSERT INTO "spree_substitutions" VALUES(1013589422,1013589424,9.59232613908873e-05);
INSERT INTO "spree_substitutions" VALUES(1013589422,1013589426,5.99520383693046e-05);
INSERT INTO "spree_substitutions" VALUES(1013589422,1013589428,7.14322159293841e-05);
INSERT INTO "spree_substitutions" VALUES(1013589422,1013589429,0.000107913669064748);
INSERT INTO "spree_substitutions" VALUES(1013589422,1013589430,0.000104531759208018);
INSERT INTO "spree_substitutions" VALUES(1013589422,1013589434,0.000138997082588706);
INSERT INTO "spree_substitutions" VALUES(1013589422,1013589436,0.000118988778442895);
INSERT INTO "spree_substitutions" VALUES(1013589424,1013589415,9.6147605804431e-06);
INSERT INTO "spree_substitutions" VALUES(1013589424,1013589416,4.72506213456707e-06);
INSERT INTO "spree_substitutions" VALUES(1013589424,1013589417,1.00926025972422e-05);
INSERT INTO "spree_substitutions" VALUES(1013589424,1013589422,5.32709707835361e-06);
INSERT INTO "spree_substitutions" VALUES(1013589424,1013589426,3.69567359810781e-05);
INSERT INTO "spree_substitutions" VALUES(1013589424,1013589428,1.46778525882296e-05);
INSERT INTO "spree_substitutions" VALUES(1013589424,1013589429,2.21740415886469e-05);
INSERT INTO "spree_substitutions" VALUES(1013589424,1013589430,2.14791286043873e-05);
INSERT INTO "spree_substitutions" VALUES(1013589424,1013589434,0.000171366266205254);
INSERT INTO "spree_substitutions" VALUES(1013589424,1013589436,2.44497489951153e-05);
INSERT INTO "spree_substitutions" VALUES(1013589426,1013589415,2.59954637915684e-05);
INSERT INTO "spree_substitutions" VALUES(1013589426,1013589416,1.27751679934591e-05);
INSERT INTO "spree_substitutions" VALUES(1013589426,1013589417,2.72874070221734e-05);
INSERT INTO "spree_substitutions" VALUES(1013589426,1013589422,1.44028921007338e-05);
INSERT INTO "spree_substitutions" VALUES(1013589426,1013589424,0.000159872102318145);
INSERT INTO "spree_substitutions" VALUES(1013589426,1013589428,3.96845644052134e-05);
INSERT INTO "spree_substitutions" VALUES(1013589426,1013589429,5.99520383693046e-05);
INSERT INTO "spree_substitutions" VALUES(1013589426,1013589430,5.80731995600101e-05);
INSERT INTO "spree_substitutions" VALUES(1013589426,1013589434,0.00023166180431451);
INSERT INTO "spree_substitutions" VALUES(1013589426,1013589436,6.61048769127192e-05);
INSERT INTO "spree_substitutions" VALUES(1013589428,1013589415,1.71189639603011e-05);
INSERT INTO "spree_substitutions" VALUES(1013589428,1013589416,8.41291550788771e-06);
INSERT INTO "spree_substitutions" VALUES(1013589428,1013589417,1.79697558438703e-05);
INSERT INTO "spree_substitutions" VALUES(1013589428,1013589422,9.48483138341008e-06);
INSERT INTO "spree_substitutions" VALUES(1013589428,1013589424,3.50938761186173e-05);
INSERT INTO "spree_substitutions" VALUES(1013589428,1013589426,2.19336725741358e-05);
INSERT INTO "spree_substitutions" VALUES(1013589428,1013589429,3.94806106334445e-05);
INSERT INTO "spree_substitutions" VALUES(1013589428,1013589430,0.000114729979618557);
INSERT INTO "spree_substitutions" VALUES(1013589428,1013589434,5.085259119099e-05);
INSERT INTO "spree_substitutions" VALUES(1013589428,1013589436,4.35324799181321e-05);
INSERT INTO "spree_substitutions" VALUES(1013589429,1013589415,1.79968595480089e-05);
INSERT INTO "spree_substitutions" VALUES(1013589429,1013589416,8.84434707239477e-06);
INSERT INTO "spree_substitutions" VALUES(1013589429,1013589417,1.88912817845816e-05);
INSERT INTO "spree_substitutions" VALUES(1013589429,1013589422,9.97123299281573e-06);
INSERT INTO "spree_substitutions" VALUES(1013589429,1013589424,3.68935620734182e-05);
INSERT INTO "spree_substitutions" VALUES(1013589429,1013589426,2.30584762958864e-05);
INSERT INTO "spree_substitutions" VALUES(1013589429,1013589428,2.74739292036093e-05);
INSERT INTO "spree_substitutions" VALUES(1013589429,1013589430,4.02045227723147e-05);
INSERT INTO "spree_substitutions" VALUES(1013589429,1013589434,5.34604163802716e-05);
INSERT INTO "spree_substitutions" VALUES(1013589429,1013589436,4.57649147857287e-05);
INSERT INTO "spree_substitutions" VALUES(1013589430,1013589415,1.52582070080945e-05);
INSERT INTO "spree_substitutions" VALUES(1013589430,1013589416,7.49846817007383e-06);
INSERT INTO "spree_substitutions" VALUES(1013589430,1013589417,1.60165215130148e-05);
INSERT INTO "spree_substitutions" VALUES(1013589430,1013589422,8.45387145043073e-06);
INSERT INTO "spree_substitutions" VALUES(1013589430,1013589424,3.12793243665937e-05);
INSERT INTO "spree_substitutions" VALUES(1013589430,1013589426,1.9549577729121e-05);
INSERT INTO "spree_substitutions" VALUES(1013589430,1013589428,2.32931138900166e-05);
INSERT INTO "spree_substitutions" VALUES(1013589430,1013589429,3.51892399124179e-05);
INSERT INTO "spree_substitutions" VALUES(1013589430,1013589434,4.5325135626752e-05);
INSERT INTO "spree_substitutions" VALUES(1013589430,1013589436,3.8800688622683e-05);
INSERT INTO "spree_substitutions" VALUES(1013589434,1013589415,7.3881844460247e-06);
INSERT INTO "spree_substitutions" VALUES(1013589434,1013589416,3.63083721919364e-06);
INSERT INTO "spree_substitutions" VALUES(1013589434,1013589417,7.75536831156508e-06);
INSERT INTO "spree_substitutions" VALUES(1013589434,1013589422,4.09345354441909e-06);
INSERT INTO "spree_substitutions" VALUES(1013589434,1013589424,1.51457781143506e-05);
INSERT INTO "spree_substitutions" VALUES(1013589434,1013589426,9.46611132146914e-06);
INSERT INTO "spree_substitutions" VALUES(1013589434,1013589428,1.12787709362185e-05);
INSERT INTO "spree_substitutions" VALUES(1013589434,1013589429,1.70390003786445e-05);
INSERT INTO "spree_substitutions" VALUES(1013589434,1013589430,1.65050146117923e-05);
INSERT INTO "spree_substitutions" VALUES(1013589434,1013589436,1.87877018594044e-05);
INSERT INTO "spree_substitutions" VALUES(1013589435,1013589415,0.000233959174124115);
INSERT INTO "spree_substitutions" VALUES(1013589435,1013589416,0.000114976511941132);
INSERT INTO "spree_substitutions" VALUES(1013589435,1013589417,0.000245586663199561);
INSERT INTO "spree_substitutions" VALUES(1013589435,1013589422,0.000129626028906604);
INSERT INTO "spree_substitutions" VALUES(1013589435,1013589424,0.000479616306954436);
INSERT INTO "spree_substitutions" VALUES(1013589435,1013589426,0.000299760191846523);
INSERT INTO "spree_substitutions" VALUES(1013589435,1013589428,0.000357161079646921);
INSERT INTO "spree_substitutions" VALUES(1013589435,1013589429,0.000539568345323741);
INSERT INTO "spree_substitutions" VALUES(1013589435,1013589430,0.000522658796040091);
INSERT INTO "spree_substitutions" VALUES(1013589435,1013589434,0.000694985412943531);
INSERT INTO "spree_substitutions" VALUES(1013589435,1013589436,0.000594943892214473);
INSERT INTO "spree_substitutions" VALUES(1013589436,1013589415,8.99842977400444e-06);
INSERT INTO "spree_substitutions" VALUES(1013589436,1013589416,4.42217353619739e-06);
INSERT INTO "spree_substitutions" VALUES(1013589436,1013589417,9.4456408922908e-06);
INSERT INTO "spree_substitutions" VALUES(1013589436,1013589422,4.98561649640786e-06);
INSERT INTO "spree_substitutions" VALUES(1013589436,1013589424,1.84467810367091e-05);
INSERT INTO "spree_substitutions" VALUES(1013589436,1013589426,1.15292381479432e-05);
INSERT INTO "spree_substitutions" VALUES(1013589436,1013589428,1.37369646018046e-05);
INSERT INTO "spree_substitutions" VALUES(1013589436,1013589429,2.07526286662977e-05);
INSERT INTO "spree_substitutions" VALUES(1013589436,1013589430,2.01022613861573e-05);
INSERT INTO "spree_substitutions" VALUES(1013589436,1013589434,2.67302081901358e-05);
INSERT INTO "spree_substitutions" VALUES(1013589441,1013589415,0.000140375504474469);
INSERT INTO "spree_substitutions" VALUES(1013589441,1013589416,6.89859071646792e-05);
INSERT INTO "spree_substitutions" VALUES(1013589441,1013589417,0.000147351997919737);
INSERT INTO "spree_substitutions" VALUES(1013589441,1013589422,7.77756173439627e-05);
INSERT INTO "spree_substitutions" VALUES(1013589441,1013589424,0.000287769784172662);
INSERT INTO "spree_substitutions" VALUES(1013589441,1013589426,0.000179856115107914);
INSERT INTO "spree_substitutions" VALUES(1013589441,1013589428,0.000214296647788152);
INSERT INTO "spree_substitutions" VALUES(1013589441,1013589429,0.000323741007194245);
INSERT INTO "spree_substitutions" VALUES(1013589441,1013589430,0.000313595277624055);
INSERT INTO "spree_substitutions" VALUES(1013589441,1013589434,0.000416991247766118);
INSERT INTO "spree_substitutions" VALUES(1013589441,1013589436,0.000356966335328684);
INSERT INTO "spree_substitutions" VALUES(1013589442,1013589415,0.000233959174124115);
INSERT INTO "spree_substitutions" VALUES(1013589442,1013589416,0.000114976511941132);
INSERT INTO "spree_substitutions" VALUES(1013589442,1013589417,0.000245586663199561);
INSERT INTO "spree_substitutions" VALUES(1013589442,1013589422,0.000129626028906604);
INSERT INTO "spree_substitutions" VALUES(1013589442,1013589424,0.000479616306954436);
INSERT INTO "spree_substitutions" VALUES(1013589442,1013589426,0.000299760191846523);
INSERT INTO "spree_substitutions" VALUES(1013589442,1013589428,0.000357161079646921);
INSERT INTO "spree_substitutions" VALUES(1013589442,1013589429,0.000539568345323741);
INSERT INTO "spree_substitutions" VALUES(1013589442,1013589430,0.000522658796040091);
INSERT INTO "spree_substitutions" VALUES(1013589442,1013589434,0.000694985412943531);
INSERT INTO "spree_substitutions" VALUES(1013589442,1013589436,0.000594943892214473);
INSERT INTO "spree_substitutions" VALUES(1013589446,1013589415,0.000350938761186173);
INSERT INTO "spree_substitutions" VALUES(1013589446,1013589416,0.000172464767911698);
INSERT INTO "spree_substitutions" VALUES(1013589446,1013589417,0.000368379994799341);
INSERT INTO "spree_substitutions" VALUES(1013589446,1013589422,0.000194439043359907);
INSERT INTO "spree_substitutions" VALUES(1013589446,1013589424,0.000719424460431655);
INSERT INTO "spree_substitutions" VALUES(1013589446,1013589426,0.000449640287769784);
INSERT INTO "spree_substitutions" VALUES(1013589446,1013589428,0.000535741619470381);
INSERT INTO "spree_substitutions" VALUES(1013589446,1013589429,0.000809352517985612);
INSERT INTO "spree_substitutions" VALUES(1013589446,1013589430,0.000783988194060137);
INSERT INTO "spree_substitutions" VALUES(1013589446,1013589434,0.0010424781194153);
INSERT INTO "spree_substitutions" VALUES(1013589446,1013589436,0.000892415838321709);
INSERT INTO "spree_substitutions" VALUES(1013589447,1013589415,0.000350938761186173);
INSERT INTO "spree_substitutions" VALUES(1013589447,1013589416,0.000172464767911698);
INSERT INTO "spree_substitutions" VALUES(1013589447,1013589417,0.000368379994799341);
INSERT INTO "spree_substitutions" VALUES(1013589447,1013589422,0.000194439043359907);
INSERT INTO "spree_substitutions" VALUES(1013589447,1013589424,0.000719424460431655);
INSERT INTO "spree_substitutions" VALUES(1013589447,1013589426,0.000449640287769784);
INSERT INTO "spree_substitutions" VALUES(1013589447,1013589428,0.000535741619470381);
INSERT INTO "spree_substitutions" VALUES(1013589447,1013589429,0.000809352517985612);
INSERT INTO "spree_substitutions" VALUES(1013589447,1013589430,0.000783988194060137);
INSERT INTO "spree_substitutions" VALUES(1013589447,1013589434,0.0010424781194153);
INSERT INTO "spree_substitutions" VALUES(1013589447,1013589436,0.000892415838321709);
INSERT INTO "spree_substitutions" VALUES(1013589448,1013589415,0.000175469380593087);
INSERT INTO "spree_substitutions" VALUES(1013589448,1013589416,8.6232383955849e-05);
INSERT INTO "spree_substitutions" VALUES(1013589448,1013589417,0.000184189997399671);
INSERT INTO "spree_substitutions" VALUES(1013589448,1013589422,9.72195216799534e-05);
INSERT INTO "spree_substitutions" VALUES(1013589448,1013589424,0.000359712230215827);
INSERT INTO "spree_substitutions" VALUES(1013589448,1013589426,0.000224820143884892);
INSERT INTO "spree_substitutions" VALUES(1013589448,1013589428,0.000267870809735191);
INSERT INTO "spree_substitutions" VALUES(1013589448,1013589429,0.000404676258992806);
INSERT INTO "spree_substitutions" VALUES(1013589448,1013589430,0.000391994097030068);
INSERT INTO "spree_substitutions" VALUES(1013589448,1013589434,0.000521239059707648);
INSERT INTO "spree_substitutions" VALUES(1013589448,1013589436,0.000446207919160854);
INSERT INTO "spree_substitutions" VALUES(1013589449,1013589415,0.000233959174124115);
INSERT INTO "spree_substitutions" VALUES(1013589449,1013589416,0.000114976511941132);
INSERT INTO "spree_substitutions" VALUES(1013589449,1013589417,0.000245586663199561);
INSERT INTO "spree_substitutions" VALUES(1013589449,1013589422,0.000129626028906604);
INSERT INTO "spree_substitutions" VALUES(1013589449,1013589424,0.000479616306954436);
INSERT INTO "spree_substitutions" VALUES(1013589449,1013589426,0.000299760191846523);
INSERT INTO "spree_substitutions" VALUES(1013589449,1013589428,0.000357161079646921);
INSERT INTO "spree_substitutions" VALUES(1013589449,1013589429,0.000539568345323741);
INSERT INTO "spree_substitutions" VALUES(1013589449,1013589430,0.000522658796040091);
INSERT INTO "spree_substitutions" VALUES(1013589449,1013589434,0.000694985412943531);
INSERT INTO "spree_substitutions" VALUES(1013589449,1013589436,0.000594943892214473);
DELETE FROM sqlite_sequence;
INSERT INTO "sqlite_sequence" VALUES('spree_countries',226);
INSERT INTO "sqlite_sequence" VALUES('spree_roles',930089099);
INSERT INTO "sqlite_sequence" VALUES('spree_states',1061493585);
INSERT INTO "sqlite_sequence" VALUES('spree_zone_members',1017582644);
INSERT INTO "sqlite_sequence" VALUES('spree_zones',2);
INSERT INTO "sqlite_sequence" VALUES('spree_users',1057526564);
INSERT INTO "sqlite_sequence" VALUES('spree_addresses',1072978402);
INSERT INTO "sqlite_sequence" VALUES('spree_adjustments',1073043777);
INSERT INTO "sqlite_sequence" VALUES('spree_assets',1057);
INSERT INTO "sqlite_sequence" VALUES('spree_calculators',574015644);
INSERT INTO "sqlite_sequence" VALUES('spree_line_items',1070874166);
INSERT INTO "sqlite_sequence" VALUES('spree_option_types',935339117);
INSERT INTO "sqlite_sequence" VALUES('spree_option_values',979459987);
INSERT INTO "sqlite_sequence" VALUES('spree_orders',1069267035);
INSERT INTO "sqlite_sequence" VALUES('spree_payment_methods',931422120);
INSERT INTO "sqlite_sequence" VALUES('spree_product_option_types',770483863);
INSERT INTO "sqlite_sequence" VALUES('spree_product_properties',1073273162);
INSERT INTO "sqlite_sequence" VALUES('spree_products',1060500612);
INSERT INTO "sqlite_sequence" VALUES('spree_properties',905834903);
INSERT INTO "sqlite_sequence" VALUES('spree_prototypes',571598471);
INSERT INTO "sqlite_sequence" VALUES('spree_shipments',1053930495);
INSERT INTO "sqlite_sequence" VALUES('spree_shipping_categories',727197546);
INSERT INTO "sqlite_sequence" VALUES('spree_shipping_methods',574015644);
INSERT INTO "sqlite_sequence" VALUES('spree_tax_categories',698318840);
INSERT INTO "sqlite_sequence" VALUES('spree_tax_rates',967941380);
INSERT INTO "sqlite_sequence" VALUES('spree_taxonomies',854451430);
INSERT INTO "sqlite_sequence" VALUES('spree_taxons',558398377);
INSERT INTO "sqlite_sequence" VALUES('spree_variants',1013589449);
INSERT INTO "sqlite_sequence" VALUES('spree_inventory_units',428);
INSERT INTO "sqlite_sequence" VALUES('spree_creditcards',4);
INSERT INTO "sqlite_sequence" VALUES('spree_payments',105);
INSERT INTO "sqlite_sequence" VALUES('spree_preferences',7);
INSERT INTO "sqlite_sequence" VALUES('spree_tokenized_permissions',6);
INSERT INTO "sqlite_sequence" VALUES('spree_state_changes',1);
INSERT INTO "sqlite_sequence" VALUES('spree_activators',1);
INSERT INTO "sqlite_sequence" VALUES('SPREE_USER_BEHAVIORS',57799);
CREATE UNIQUE INDEX "unique_schema_migrations" ON "schema_migrations" ("version");
CREATE INDEX "index_configurations_on_name_and_type" ON "spree_configurations" ("name", "type");
CREATE INDEX "index_line_items_on_order_id" ON "spree_line_items" ("order_id");
CREATE INDEX "index_line_items_on_variant_id" ON "spree_line_items" ("variant_id");
CREATE INDEX "index_option_values_variants_on_variant_id" ON "spree_option_values_variants" ("variant_id");
CREATE INDEX "index_products_on_available_on" ON "spree_products" ("available_on");
CREATE INDEX "index_products_on_deleted_at" ON "spree_products" ("deleted_at");
CREATE INDEX "index_products_on_name" ON "spree_products" ("name");
CREATE INDEX "index_products_on_permalink" ON "spree_products" ("permalink");
CREATE INDEX "index_products_taxons_on_product_id" ON "spree_products_taxons" ("product_id");
CREATE INDEX "index_products_taxons_on_taxon_id" ON "spree_products_taxons" ("taxon_id");
CREATE INDEX "index_roles_users_on_role_id" ON "spree_roles_users" ("role_id");
CREATE INDEX "index_roles_users_on_user_id" ON "spree_roles_users" ("user_id");
CREATE INDEX "index_variants_on_product_id" ON "spree_variants" ("product_id");
CREATE INDEX "index_inventory_units_on_variant_id" ON "spree_inventory_units" ("variant_id");
CREATE INDEX "index_inventory_units_on_order_id" ON "spree_inventory_units" ("order_id");
CREATE INDEX "index_taxons_on_permalink" ON "spree_taxons" ("permalink");
CREATE INDEX "index_taxons_on_parent_id" ON "spree_taxons" ("parent_id");
CREATE INDEX "index_taxons_on_taxonomy_id" ON "spree_taxons" ("taxonomy_id");
CREATE INDEX "index_product_properties_on_product_id" ON "spree_product_properties" ("product_id");
CREATE INDEX "index_option_values_variants_on_variant_id_and_option_value_id" ON "spree_option_values_variants" ("variant_id", "option_value_id");
CREATE INDEX "index_inventory_units_on_shipment_id" ON "spree_inventory_units" ("shipment_id");
CREATE INDEX "index_addresses_on_firstname" ON "spree_addresses" ("firstname");
CREATE INDEX "index_addresses_on_lastname" ON "spree_addresses" ("lastname");
CREATE INDEX "index_shipments_on_number" ON "spree_shipments" ("number");
CREATE INDEX "index_orders_on_number" ON "spree_orders" ("number");
CREATE INDEX "index_adjustments_on_order_id" ON "spree_adjustments" ("adjustable_id");
CREATE INDEX "index_assets_on_viewable_id" ON "spree_assets" ("viewable_id");
CREATE INDEX "index_assets_on_viewable_type_and_type" ON "spree_assets" ("viewable_type", "type");
CREATE INDEX "index_tokenized_name_and_type" ON "spree_tokenized_permissions" ("permissable_id", "permissable_type");
CREATE INDEX "index_users_on_persistence_token" ON "spree_users" ("persistence_token");
CREATE UNIQUE INDEX "email_idx_unique" ON "spree_users" ("email");
CREATE INDEX "index_products_promotion_rules_on_product_id" ON "spree_products_promotion_rules" ("product_id");
CREATE INDEX "index_products_promotion_rules_on_promotion_rule_id" ON "spree_products_promotion_rules" ("promotion_rule_id");
CREATE INDEX "index_promotion_rules_users_on_user_id" ON "spree_promotion_rules_users" ("user_id");
CREATE INDEX "index_promotion_rules_users_on_promotion_rule_id" ON "spree_promotion_rules_users" ("promotion_rule_id");
CREATE INDEX "index_promotion_rules_on_product_group_id" ON "spree_promotion_rules" ("product_group_id");
CREATE INDEX "index_promotion_rules_on_user_id" ON "spree_promotion_rules" ("user_id");
CREATE UNIQUE INDEX "index_spree_preferences_on_key" ON "spree_preferences" ("key");
CREATE INDEX "index_spree_pending_promotions_on_user_id" ON "spree_pending_promotions" ("user_id");
CREATE INDEX "index_spree_pending_promotions_on_promotion_id" ON "spree_pending_promotions" ("promotion_id");
COMMIT;
